668,633,6869,3722,194,2993,102,38,6,3106,14,37,3,667,1464,2,2,3,219,179,118,65,787,84,609,811,1,95,323,975,617,851,126,446,136,386,119,489,22,294,25,81,2,436,178,298,15,67,125,85,126,4,100,97,56,6,15,88,26,26,163,52,112,35,4,25,70,66,48,6,9,20,20,43,12,26,12,13
694,740,6984,4764,499,2831,261,35,3,3208,29,29,4,934,3739,2,3,5,205,284,309,53,1794,152,487,1419,2,257,370,1353,1178,1069,262,739,226,932,131,769,54,535,58,42,4,571,217,526,47,146,102,194,212,10,226,240,73,19,41,77,33,49,111,146,223,118,6,43,116,182,60,23,26,38,27,58,20,27,24,19
655,663,7021,4484,392,2807,217,32,4,3316,23,29,3,887,3492,2,3,4,194,269,251,52,1743,128,485,1371,2,211,357,1378,1121,1067,231,764,220,876,120,746,43,514,48,50,3,572,205,510,38,134,120,192,200,9,213,228,66,15,32,84,35,46,119,133,214,99,5,40,114,158,58,18,21,33,28,60,18,28,23,19
589,463,7189,2985,72,3113,44,33,8,3475,5,42,2,528,867,2,2,1,202,134,48,71,540,43,686,613,0,38,290,929,431,803,69,411,107,237,95,391,9,215,11,177,1,408,148,226,5,40,220,61,90,2,64,60,39,2,5,122,30,17,242,28,79,14,2,17,57,31,42,1,3,10,21,43,9,31,7,11
2499,8763,2868,5290,5869,3014,416,409,24,428,1469,62,9,418,77,4,5,20,1265,64,887,208,17,1230,1274,87,17,433,332,49,74,150,159,4,13,21,989,78,484,31,164,1,33,55,273,28,66,13,-1,0,45,4,6,2,437,13,315,3,-1,4,39,4,7,25,20,13,4,34,27,16,76,74,0,0,8,1,3,4
424,233,8895,2558,23,3175,23,19,7,5609,1,40,1,538,1347,1,1,0,135,151,21,57,1069,19,615,898,0,19,278,1745,599,1150,53,1049,161,370,55,537,3,312,5,557,0,625,126,340,2,47,939,142,100,1,96,105,22,1,1,282,78,22,384,38,124,10,1,18,95,27,45,0,1,6,44,92,8,61,8,13
1043,1625,5221,4870,1068,2881,294,77,7,1670,102,37,5,711,1043,2,4,8,367,173,419,82,396,291,665,567,4,294,354,463,473,562,217,147,90,270,249,362,106,210,79,14,8,266,231,202,50,67,17,34,126,7,72,59,129,16,77,28,7,22,80,46,74,69,9,29,40,103,46,20,35,46,8,16,14,10,12,12
2329,6026,2725,2714,463,3555,32,531,94,381,230,120,3,164,5,4,2,5,1581,17,64,387,1,256,2427,17,6,28,231,18,11,78,20,0,2,1,808,21,47,5,18,9,15,25,161,5,2,1,0,-1,10,0,0,-1,222,0,23,4,-1,0,114,-1,0,0,8,2,0,1,14,-1,4,12,-1,0,2,0,0,1
757,832,6396,4122,344,2946,152,45,6,2639,26,36,3,706,1491,2,3,4,250,187,186,68,720,126,608,787,2,145,337,829,619,782,159,351,129,389,147,476,38,288,38,48,4,394,196,287,24,73,72,73,134,6,101,94,73,9,27,63,19,27,129,57,108,49,5,28,64,84,49,10,15,27,16,34,14,20,13,14
365,165,9544,2118,9,3282,11,16,8,6610,0,44,0,454,984,1,1,0,119,124,9,58,908,10,660,778,-1,8,254,1873,486,1171,32,1157,145,278,42,480,1,264,2,1201,0,640,107,296,0,33,1816,128,80,1,74,81,15,0,0,414,100,17,556,25,103,5,1,13,89,15,41,-1,0,3,51,105,6,78,6,12
728,779,6609,4237,355,2919,168,41,5,2840,25,34,3,757,1918,2,3,4,233,209,202,63,937,126,572,929,2,161,344,968,739,861,177,444,151,494,139,545,39,343,41,49,3,442,199,341,27,88,85,98,151,6,126,122,71,10,28,70,23,31,127,73,133,60,5,31,76,101,52,12,16,28,19,41,15,22,15,15
993,1434,5312,4424,700,2938,204,75,8,1740,70,40,4,639,810,2,3,6,359,151,283,86,327,221,706,494,4,199,338,446,398,543,167,138,80,214,228,324,72,181,56,21,6,255,213,176,33,53,21,29,108,6,58,46,111,10,50,32,8,19,95,34,62,46,7,24,36,73,43,12,23,35,8,16,12,11,10,10
876,1192,5993,5211,1016,2808,374,53,4,2272,73,31,5,896,2511,2,4,7,275,251,494,63,1024,260,537,1028,4,379,377,838,880,810,298,361,161,628,191,589,103,390,88,19,6,410,239,374,69,122,36,99,189,11,157,149,108,24,78,42,16,39,82,107,152,129,8,41,76,184,56,32,42,52,15,33,19,16,21,17
1856,5758,3844,8194,16970,2674,2109,175,5,818,1793,33,14,999,1407,3,8,36,662,237,3992,94,323,2031,634,565,21,2436,443,243,563,409,732,57,81,343,655,357,1308,222,553,0,31,181,372,194,483,121,0,21,188,24,90,64,427,106,1061,6,1,31,25,84,75,380,28,50,30,374,53,215,370,206,3,6,25,3,21,13
1559,3876,4048,6369,5608,2745,851,146,7,946,642,37,9,781,854,3,6,20,580,176,1485,98,233,960,696,436,12,923,389,243,400,394,388,56,66,216,488,289,477,166,238,2,19,174,299,150,169,73,2,16,134,13,58,41,279,41,361,9,2,21,40,45,54,147,18,34,25,172,45,67,132,106,3,7,18,4,13,10
867,1159,5891,4913,841,2815,307,54,5,2213,63,32,5,825,2012,2,4,7,279,224,404,65,836,231,560,896,3,307,363,762,753,758,254,314,142,510,188,526,86,336,75,21,6,380,228,325,55,102,36,80,167,9,129,120,103,19,64,42,15,34,88,85,128,99,8,36,67,147,53,24,34,45,14,30,17,15,18,15
1863,4528,3341,3901,1234,3169,130,277,30,609,308,70,5,332,56,3,3,8,956,50,240,203,16,418,1364,78,8,124,290,65,60,169,75,7,13,16,601,72,117,27,53,6,16,63,208,25,17,8,1,0,33,2,5,2,229,3,70,6,0,3,75,2,6,8,11,9,4,14,24,3,19,31,0,1,5,2,1,3
1637,4086,4001,6084,4738,2851,678,164,9,899,606,41,9,707,594,3,6,18,637,151,1195,111,163,886,779,349,12,724,381,204,312,355,318,43,53,153,517,242,408,131,200,2,19,153,290,119,128,56,2,11,112,10,42,28,280,31,300,9,1,17,44,31,41,102,17,29,20,126,42,46,105,92,2,6,15,4,10,9
860,789,5056,1758,19,3648,5,98,50,1573,4,95,1,182,24,2,1,0,456,27,7,192,14,23,1643,61,0,4,205,133,35,234,10,21,11,7,161,60,2,19,2,255,2,94,102,20,0,2,50,0,15,-1,2,1,41,-1,0,54,3,1,413,0,4,0,1,3,5,1,18,-1,0,2,2,5,1,10,0,2
504,333,8001,2758,41,3166,32,26,8,4392,2,42,1,528,1038,1,1,1,168,140,31,65,730,28,660,724,0,27,284,1248,495,951,59,635,129,285,73,450,5,252,8,318,1,498,136,270,3,42,449,89,94,2,76,76,30,1,3,185,47,19,308,31,96,11,2,17,72,28,43,1,2,8,30,62,8,43,8,12
634,570,7195,3747,178,2996,103,34,6,3427,12,36,2,701,1799,2,2,2,202,195,116,61,997,78,583,940,1,95,328,1148,715,941,132,569,157,471,109,553,21,341,25,93,2,491,178,348,15,76,161,111,138,5,121,121,52,6,14,101,33,29,170,63,134,39,4,27,82,74,50,6,9,19,24,51,13,30,14,15
1260,2526,4719,6094,3294,2755,700,98,6,1329,307,34,8,859,1450,2,5,15,434,214,1102,81,454,629,614,649,8,745,392,406,586,535,385,123,99,363,346,402,296,248,180,5,13,250,282,229,138,98,6,36,163,13,95,76,202,38,228,16,5,29,50,72,88,162,14,39,41,201,51,60,97,88,6,13,19,7,17,13
388,191,9315,2327,14,3230,16,17,7,6232,0,42,1,499,1202,1,1,0,124,139,14,57,1037,13,632,862,0,13,266,1876,557,1187,41,1164,158,335,47,521,1,296,3,849,0,650,116,328,1,41,1389,143,91,1,88,97,18,0,0,354,93,20,468,32,117,7,1,16,96,20,43,0,0,4,50,103,7,72,7,13
2386,8100,3057,5680,6669,2996,524,356,20,486,1454,57,10,483,123,4,6,22,1142,79,1091,185,28,1299,1155,118,18,554,351,65,103,179,200,7,18,33,921,100,547,43,194,1,32,67,288,38,88,19,0,1,56,6,10,5,431,17,367,3,0,6,38,6,10,38,21,16,6,49,30,23,94,86,0,1,9,1,4,5
891,1055,5533,3385,219,3131,72,71,13,1902,26,50,3,467,368,2,2,3,349,100,94,101,175,103,858,318,2,65,296,380,233,478,77,107,54,102,185,228,24,111,22,52,4,220,171,113,9,26,38,16,68,2,29,22,76,3,15,45,8,10,155,13,36,13,4,15,25,26,35,2,7,17,7,14,8,12,5,8
814,1012,6213,4831,693,2838,281,48,5,2475,49,32,4,845,2322,2,3,6,257,236,358,62,1012,200,545,1003,3,279,364,893,837,833,248,397,159,587,169,578,72,377,67,27,5,425,223,366,50,110,50,100,175,9,147,142,92,18,54,51,19,37,96,95,147,99,7,37,77,150,55,23,30,42,16,36,18,18,19,16
787,954,6238,4726,634,2811,266,45,4,2532,44,31,4,837,2367,2,3,6,247,236,336,61,1050,186,535,1019,3,263,359,923,847,845,241,419,162,598,161,584,67,382,63,29,5,433,218,373,47,110,55,105,175,9,150,145,88,17,50,54,20,37,98,96,150,96,7,37,79,147,54,21,28,40,17,37,17,19,19,16
683,637,6826,3519,156,3082,80,41,7,3019,12,40,2,606,1069,2,2,2,232,155,92,72,586,74,668,671,1,73,315,853,497,782,102,361,114,287,121,420,18,240,21,94,2,394,171,245,11,52,124,62,108,3,76,71,54,4,12,88,23,21,181,37,88,25,4,22,58,49,45,4,7,17,18,37,11,25,10,12
1036,1682,5485,5782,1873,2797,546,69,5,1838,146,32,6,923,2233,2,5,11,335,249,779,69,805,408,560,911,6,569,393,647,805,705,364,245,140,556,250,533,179,348,132,10,9,347,265,327,106,123,18,72,190,13,140,125,146,33,138,28,10,38,64,103,132,164,11,43,63,216,56,49,68,70,11,23,21,11,21,16
1422,3158,4481,6351,4319,2808,783,121,6,1156,444,36,9,838,1151,3,6,17,508,199,1294,90,338,784,666,549,10,841,399,325,499,472,394,87,83,290,416,351,379,209,210,3,16,215,296,191,155,87,4,25,151,13,77,58,240,41,289,13,3,26,46,59,72,158,16,37,33,190,49,64,115,98,4,10,19,5,16,12
605,493,6999,3021,81,3086,47,35,8,3296,6,42,2,526,833,2,2,1,209,132,52,72,507,47,687,590,0,41,289,871,418,772,71,374,103,228,100,379,10,207,12,156,2,390,149,217,6,40,190,56,90,2,61,57,42,2,6,112,27,17,229,27,75,14,3,17,54,32,41,1,3,11,19,40,9,28,7,11
1293,2318,4525,4423,1001,3052,197,125,13,1185,139,49,5,527,333,3,4,7,528,107,306,118,118,310,898,266,5,192,330,225,213,363,137,49,43,90,341,196,99,96,62,12,10,157,220,92,30,30,7,8,75,4,26,17,155,8,66,17,3,10,84,14,29,28,9,18,17,45,36,9,25,37,3,7,10,6,6,7
1786,5216,3844,7421,11502,2709,1476,173,6,827,1301,35,12,887,1044,3,7,29,657,203,2742,99,252,1578,675,475,18,1664,420,224,458,384,559,50,69,259,612,310,916,184,403,1,27,168,342,163,318,93,1,17,157,19,69,48,376,72,720,6,1,25,30,60,61,249,24,41,26,262,49,133,250,160,2,6,21,3,17,11
956,1506,5830,6343,2364,2697,788,55,3,2126,150,27,7,1122,4360,2,5,12,285,335,1093,56,1575,452,472,1398,6,841,417,930,1283,885,515,427,210,1050,225,754,222,546,173,9,9,455,282,509,166,201,24,147,263,19,252,248,144,54,181,33,15,58,58,202,223,304,12,58,98,373,65,89,97,88,16,35,27,14,33,21
534,372,7646,2741,44,3176,31,29,9,3975,3,44,1,501,830,2,1,1,183,128,32,70,566,31,696,619,0,26,280,1051,422,856,56,491,110,230,80,396,5,215,8,278,1,440,137,229,3,37,348,67,85,2,62,60,32,1,3,159,38,16,297,25,79,10,2,16,60,25,41,1,2,8,25,51,8,37,7,11
1585,3188,3686,3467,614,3234,82,216,30,760,144,71,4,314,58,3,3,6,800,49,139,191,19,254,1352,85,5,75,278,82,62,192,58,10,14,16,459,77,62,29,33,12,11,74,186,28,10,8,2,0,31,1,5,2,167,2,36,10,0,3,101,2,7,5,8,8,5,11,24,1,10,21,1,2,5,3,1,3
730,734,6523,3633,197,3065,91,45,8,2731,16,41,3,604,979,2,2,3,252,152,109,75,510,88,681,621,1,84,317,749,465,726,108,298,105,262,136,394,22,222,24,74,3,361,177,226,13,51,91,52,106,4,70,63,61,5,15,74,19,20,164,35,81,26,4,22,52,50,44,4,8,19,15,32,11,21,9,11
576,474,7585,3644,142,2972,94,28,5,3896,8,34,2,722,2206,2,2,2,178,209,101,56,1294,65,549,1093,1,86,325,1401,826,1054,130,769,183,575,94,625,17,398,22,120,2,563,172,408,14,85,235,151,148,5,145,153,45,6,11,125,43,33,185,75,160,41,3,28,99,77,52,6,7,18,30,65,13,36,15,16
2173,7395,3362,7134,13308,2797,1258,259,10,605,1993,42,13,724,455,3,7,32,891,144,2541,130,100,1888,836,269,21,1407,402,124,255,270,432,20,40,116,823,195,1036,102,388,0,35,110,340,90,255,53,0,5,109,14,33,19,466,52,776,4,0,15,28,27,30,146,27,30,13,157,41,90,230,151,1,3,17,2,10,8
496,312,8059,2554,29,3244,23,26,9,4438,2,45,1,478,786,1,1,0,170,122,23,69,577,23,711,617,0,19,273,1154,410,899,47,560,111,220,70,396,3,212,6,407,1,466,128,230,2,33,505,71,80,1,60,58,27,1,2,199,45,16,355,22,79,8,1,15,62,20,40,0,1,6,28,57,7,44,6,11
771,875,6374,4325,419,2918,182,46,5,2614,31,35,4,748,1727,2,3,4,250,202,225,66,811,143,588,855,2,175,346,859,685,804,182,371,139,446,152,509,45,316,45,41,4,407,204,312,30,83,66,82,146,6,114,108,78,11,33,60,19,30,119,67,120,61,6,31,68,100,51,12,18,31,16,35,15,20,15,14
547,509,5066,2040,113,1850,71,34,2,1777,9,9,3,972,1192,1,1,3,225,76,148,25,552,31,540,689,1,63,232,773,577,587,101,231,123,312,47,400,13,268,27,64,2,327,146,304,14,26,135,75,143,3,112,47,48,5,11,73,21,14,69,44,59,30,5,19,33,19,42,5,6,13,14,32,6,10,9,6
572,615,5135,2722,348,1727,215,31,1,1827,23,7,4,1438,3541,1,2,5,209,131,462,19,1432,63,414,1315,2,206,271,1122,1222,761,239,411,222,869,53,674,37,537,72,29,3,444,184,585,53,66,103,194,262,9,287,135,65,20,37,62,27,30,43,145,131,122,8,36,60,64,54,29,22,28,19,46,11,10,22,10
554,562,5304,2609,271,1763,177,30,1,1942,18,7,4,1388,3300,1,2,5,203,126,373,20,1394,53,427,1284,2,168,267,1164,1171,776,212,431,219,816,49,663,29,520,60,37,2,454,178,572,42,61,127,193,249,8,272,128,59,16,29,70,29,28,49,131,127,101,7,34,60,55,53,22,17,25,20,49,10,11,20,10
481,364,5361,1588,36,1962,26,31,4,2013,3,11,2,739,620,1,1,1,211,54,52,28,340,14,635,485,0,22,205,714,370,543,50,201,91,170,37,302,4,181,11,160,1,298,119,214,4,14,254,48,96,1,64,25,32,1,3,107,23,8,111,20,38,9,3,12,25,7,35,1,1,6,14,32,4,12,5,5
2105,7681,2104,3165,4926,1829,404,375,10,241,1345,15,11,679,83,2,3,25,1302,31,1579,76,15,585,1056,87,17,415,250,42,84,109,164,2,14,22,418,72,395,33,236,0,27,44,242,33,91,6,-1,0,60,5,9,1,415,16,341,2,-1,2,14,4,4,32,28,12,2,13,25,25,77,62,0,0,4,0,2,2
337,175,6536,1293,9,1984,12,17,3,3209,0,11,1,709,845,0,0,0,139,56,20,23,602,5,576,654,0,9,190,1277,468,748,34,482,128,234,20,387,1,241,4,548,0,438,97,296,1,14,1119,101,98,1,86,39,17,0,0,250,60,10,183,23,54,6,1,11,40,5,36,0,0,3,29,66,3,24,5,5
872,1383,3864,2841,792,1768,255,71,2,955,84,9,6,1120,1032,1,2,9,378,82,665,30,327,128,566,541,4,250,263,389,507,406,207,83,91,262,103,325,77,217,103,9,6,210,200,231,60,31,17,35,160,7,95,34,118,18,73,22,6,14,31,47,45,77,12,25,21,38,42,26,32,36,5,13,8,3,11,6
1888,4745,1983,1426,237,2198,19,490,47,214,142,33,3,226,3,2,1,4,1639,6,70,155,0,88,2209,13,5,16,161,13,9,51,14,0,2,0,318,16,24,4,17,7,11,17,128,4,2,0,0,-1,10,0,0,-1,181,0,15,3,-1,-1,50,-1,0,0,9,1,0,0,11,-1,2,7,-1,-1,0,0,-1,0
626,684,4732,2315,219,1819,115,41,2,1513,19,9,4,1060,1306,1,1,4,258,83,255,26,538,50,532,698,2,106,245,673,610,550,136,188,122,337,59,403,24,275,44,35,2,302,164,305,24,31,76,69,159,5,120,49,63,9,22,52,15,15,53,52,60,46,7,22,31,26,43,10,11,19,11,27,7,7,11,6
289,120,7040,1036,3,2074,4,14,4,3802,-1,12,0,574,548,0,0,0,123,43,7,24,462,2,638,529,-1,3,171,1327,350,744,18,504,108,158,15,328,0,189,1,1317,0,436,80,241,0,9,2278,82,73,0,59,27,11,0,-1,380,76,7,283,13,41,2,1,8,35,2,32,-1,-1,1,32,73,2,31,3,4
598,638,4860,2374,229,1789,128,37,2,1618,18,8,4,1136,1694,1,1,4,238,93,280,24,704,50,495,827,2,119,249,785,731,604,153,238,143,432,55,462,25,329,47,36,2,338,167,364,28,37,88,92,179,5,151,64,61,10,23,57,19,18,51,67,74,57,7,25,38,32,46,13,12,20,13,32,8,8,13,7
831,1208,3950,2546,485,1818,166,69,3,1000,55,10,5,988,757,1,2,7,372,69,421,32,258,93,612,456,3,158,250,370,411,389,152,76,78,197,94,284,49,180,70,14,5,199,183,195,36,23,22,28,133,5,73,25,100,11,45,26,6,11,38,33,36,47,10,20,18,25,39,14,19,26,5,13,7,4,8,5
722,1004,4375,3021,766,1695,330,47,1,1283,60,7,6,1406,2530,1,2,9,279,119,797,23,860,115,447,985,3,328,277,703,951,581,288,205,163,620,78,529,76,405,117,12,5,323,205,430,85,58,35,104,240,10,210,88,98,27,76,33,13,25,31,114,93,146,11,35,40,69,51,44,39,41,10,26,11,6,19,8
1593,5341,2832,5279,18904,1601,2688,159,1,463,2043,7,19,1787,1958,2,6,52,675,133,9431,32,356,1156,496,656,23,3121,347,225,762,317,936,37,98,458,287,375,1384,285,1005,0,28,156,349,272,909,76,0,30,289,30,159,52,441,179,1529,4,1,25,8,129,58,668,43,53,19,205,52,476,503,209,2,5,17,1,26,7
1317,3451,2974,3911,5211,1654,914,132,2,535,634,8,12,1314,1018,1,4,26,592,91,2935,35,225,486,562,462,12,985,296,214,486,295,435,34,73,250,208,282,427,192,372,1,16,143,270,192,260,40,2,20,188,14,91,29,273,58,434,7,1,15,13,58,38,209,26,33,14,79,43,117,150,96,2,6,11,1,14,6
738,1003,4446,2919,633,1761,271,50,2,1292,53,8,6,1324,2032,1,2,8,293,108,652,25,707,103,486,871,3,266,275,655,823,559,247,182,146,505,79,481,64,354,99,14,4,307,201,379,67,49,37,85,216,9,175,71,95,22,63,35,12,22,34,90,80,112,10,32,36,55,49,33,31,36,10,24,10,6,17,8
1545,3771,2454,2199,816,1948,100,255,13,345,233,18,6,499,49,2,2,9,989,22,338,78,12,170,1187,69,7,93,211,52,59,118,65,3,12,13,245,61,77,25,63,4,12,48,175,27,18,3,1,0,39,1,6,0,202,3,60,5,0,1,30,2,3,8,13,7,1,4,21,4,15,22,0,1,2,0,1,1
1381,3609,2940,3697,4215,1723,698,149,3,509,578,10,11,1173,681,1,4,23,652,77,2262,40,153,436,636,361,12,738,289,178,370,263,344,25,58,171,219,232,352,148,302,1,16,125,260,149,187,29,1,13,155,11,64,19,270,42,345,6,1,12,15,38,27,138,24,27,11,55,40,77,114,81,1,4,9,1,11,5
683,574,3722,846,6,2319,2,91,30,899,1,28,0,224,12,1,0,0,478,8,5,82,6,6,1621,39,0,1,137,91,24,146,5,8,8,3,60,39,0,12,1,291,1,62,75,16,-1,0,63,0,13,-1,1,0,30,-1,0,50,2,0,216,-1,1,-1,1,1,1,-1,14,-1,-1,1,1,3,0,3,-1,0
402,252,5857,1413,18,1965,17,23,4,2501,1,11,1,708,685,1,0,0,172,53,31,26,428,8,608,542,0,14,195,925,400,623,40,297,104,189,27,331,2,201,7,297,0,352,106,242,2,13,521,66,94,1,70,30,23,1,1,161,36,9,143,20,43,7,2,12,30,6,35,0,0,4,19,44,3,17,5,5
518,458,5304,2051,104,1851,71,31,2,1960,8,9,3,1021,1461,1,1,2,207,83,145,23,698,29,516,797,1,63,235,910,668,649,106,294,142,380,43,451,12,311,27,74,1,368,146,353,14,30,174,98,156,3,134,58,44,5,10,85,26,16,72,53,70,33,5,21,39,21,44,6,6,13,16,39,6,11,10,7
1063,2227,3481,3706,2909,1670,717,89,2,756,290,8,10,1428,1663,1,3,19,444,109,2073,29,426,309,503,674,8,757,297,356,695,398,417,74,107,405,146,386,254,281,271,2,11,205,252,285,201,52,6,42,225,14,142,51,194,52,260,12,4,20,17,88,59,219,20,37,23,88,48,99,105,77,4,11,12,2,18,7
309,142,6884,1161,5,2037,7,15,4,3589,0,12,0,646,712,0,0,0,129,50,12,23,556,3,603,609,-1,5,182,1355,419,766,25,522,122,201,17,367,0,221,2,887,0,450,88,277,0,12,1705,97,86,0,74,34,13,0,0,321,71,8,232,18,49,3,1,10,39,3,35,-1,0,2,32,72,3,28,4,5
1991,7069,2218,3392,5742,1794,521,323,7,271,1353,14,12,785,136,2,4,27,1160,39,1994,67,25,625,939,119,17,545,262,56,118,130,210,4,19,36,386,94,457,47,285,0,27,54,253,47,125,10,0,1,76,6,15,3,409,23,409,2,-1,4,13,8,7,50,29,15,3,20,28,38,98,73,0,1,5,0,4,2
716,830,4010,1804,120,1910,47,64,5,1068,16,13,3,659,281,1,1,3,354,41,111,39,116,37,756,258,1,41,207,291,207,321,59,53,47,78,72,179,13,97,22,42,2,160,137,110,8,9,40,13,74,1,31,9,62,2,11,37,6,5,66,10,17,10,5,11,11,7,30,2,4,10,4,10,3,4,3,3
669,843,4540,2763,493,1720,235,43,1,1400,39,8,5,1304,2229,1,2,7,261,109,547,23,816,85,459,935,3,229,266,739,875,592,230,221,157,554,68,508,51,380,84,18,4,330,190,409,57,50,50,102,218,8,190,80,82,19,50,41,15,23,37,96,87,105,9,31,40,53,49,29,26,31,11,28,10,7,17,8
650,797,4584,2711,449,1714,222,41,1,1440,35,7,5,1295,2267,1,2,6,252,109,510,22,845,79,454,950,2,215,264,767,885,603,223,233,160,563,65,515,46,386,79,20,3,338,186,417,54,50,55,106,217,8,193,82,78,18,45,43,16,23,38,96,89,101,9,31,41,52,49,27,24,30,12,30,10,7,17,8
544,496,4912,1860,85,1864,52,36,3,1685,8,10,2,848,814,1,1,2,233,63,108,27,387,26,583,542,1,45,219,652,441,522,77,179,99,217,46,329,9,208,21,75,1,285,136,238,9,19,132,52,116,2,80,32,44,3,8,72,18,11,76,29,44,19,4,16,26,13,37,3,4,10,12,27,5,9,7,5
847,1423,3943,3370,1510,1657,513,61,1,1020,128,7,8,1465,2371,1,3,13,334,120,1341,24,704,187,452,894,5,528,288,545,897,505,367,141,144,575,102,487,140,372,183,6,7,273,228,386,140,61,16,79,247,13,196,78,134,41,144,21,8,25,23,116,84,201,15,38,34,87,51,73,67,57,7,19,12,4,20,8
1183,2754,3248,3821,3847,1671,807,108,2,646,422,8,11,1379,1324,1,4,22,511,101,2453,32,316,384,533,566,10,860,298,282,590,347,427,52,90,324,174,335,326,236,316,2,13,174,262,237,228,46,3,30,208,14,116,39,229,55,333,9,3,18,15,73,48,215,23,35,19,84,46,108,124,85,3,8,12,1,16,6
490,385,5169,1597,41,1925,28,32,4,1890,3,11,2,732,598,1,1,1,216,53,56,28,319,16,628,466,0,24,204,665,359,519,51,182,87,164,38,291,4,175,12,138,1,283,119,205,4,14,215,44,95,1,62,24,34,1,4,96,21,8,103,19,36,10,3,12,24,7,34,1,2,6,13,29,4,11,5,5
1056,1911,3276,2485,682,1841,157,112,5,662,107,12,6,795,303,1,2,8,535,48,446,44,90,128,760,240,4,150,238,182,214,252,122,26,41,81,137,167,66,93,75,8,7,119,184,99,33,13,7,8,90,4,32,9,136,8,58,14,2,6,32,14,16,28,12,15,8,15,32,11,20,27,2,5,5,2,5,3
1505,4704,2792,4635,11804,1605,1739,155,2,462,1386,8,16,1529,1351,2,5,40,661,109,5973,34,261,848,528,526,19,1962,321,201,587,290,671,31,80,323,261,313,899,224,683,0,24,141,313,217,547,55,0,22,232,22,115,36,375,112,956,4,1,19,9,85,44,399,36,42,15,133,47,265,313,153,2,5,14,1,19,6
795,1306,4244,3805,2058,1611,798,49,1,1196,140,6,9,1841,4970,1,3,15,286,169,2031,20,1468,218,380,1439,6,844,312,809,1507,651,551,257,226,1163,93,717,188,613,257,5,7,369,249,629,240,107,22,172,358,20,376,166,136,72,204,25,13,41,20,247,150,407,16,54,55,163,60,146,103,76,11,29,16,5,34,11
426,282,5591,1403,20,1969,17,26,4,2259,1,12,1,671,547,1,0,0,188,49,31,28,332,9,640,463,0,13,193,777,341,560,37,229,89,152,30,291,2,171,7,259,0,310,106,205,2,12,402,49,85,1,58,23,25,0,1,139,29,7,137,16,36,6,2,11,25,5,33,0,0,4,16,36,3,14,4,4
1284,2555,2664,1876,362,1966,56,196,14,424,99,18,4,451,46,1,1,6,815,20,175,73,13,95,1179,70,4,50,196,63,57,129,46,5,12,13,181,62,36,25,35,9,8,54,151,28,9,2,2,0,35,1,5,0,140,2,27,8,0,1,41,1,3,4,9,6,2,2,20,1,7,14,0,1,2,0,1,1
588,580,4740,1953,111,1868,61,41,3,1538,11,10,3,862,771,1,1,3,256,63,132,28,347,32,597,514,1,54,223,582,424,492,85,150,93,205,53,315,12,198,25,58,2,265,143,224,11,19,97,45,117,3,76,29,51,4,11,61,15,10,69,28,41,21,5,16,24,14,38,4,5,12,10,23,5,8,7,5
465,375,5544,1966,80,1822,63,25,2,2211,5,8,2,1034,1745,1,1,2,181,87,123,21,886,23,484,909,0,56,230,1095,756,718,102,392,163,452,36,501,9,355,23,96,1,416,139,407,12,33,254,130,165,3,157,72,38,5,8,105,34,18,78,61,83,33,4,21,46,22,44,5,5,11,21,49,7,14,11,7
1815,6604,2421,4398,13314,1646,1444,231,3,335,2081,9,16,1230,572,2,5,43,892,76,5389,45,101,996,652,292,22,1614,304,110,320,201,507,12,45,141,349,193,992,122,642,0,30,91,307,118,426,30,0,7,158,16,54,14,460,79,1004,2,0,11,9,37,21,227,39,30,8,77,39,175,280,142,0,2,11,0,11,4
389,230,5818,1270,12,1992,11,23,4,2492,0,12,1,619,485,0,0,0,172,45,21,27,319,6,654,442,0,9,184,829,315,575,29,252,87,137,26,281,1,161,4,391,0,320,97,197,1,10,588,49,77,0,52,21,20,0,0,173,34,7,167,14,33,4,2,9,25,4,32,0,0,3,18,40,3,17,4,4
626,711,4627,2404,272,1765,140,41,2,1470,23,8,4,1115,1529,1,1,5,253,89,313,24,610,57,501,758,2,131,248,691,676,558,157,198,131,390,60,429,29,302,52,29,3,308,169,332,31,35,67,77,173,5,137,56,67,11,27,48,15,17,47,62,67,58,7,25,34,32,44,14,14,21,11,27,8,7,12,7
534,406,4365,2131,199,1398,93,39,2,1333,14,9,2,1011,1606,2,5,8,186,76,250,18,869,31,413,642,3,73,252,731,416,518,111,272,108,388,65,384,23,256,36,56,3,287,130,271,18,28,130,99,178,13,152,63,43,11,13,84,19,19,42,48,77,36,6,24,42,26,32,7,7,15,15,29,9,9,9,9
553,464,4470,2667,460,1338,215,37,1,1390,28,7,3,1375,3760,2,7,12,175,115,588,15,1846,53,339,1070,5,179,286,996,751,642,214,436,173,863,71,581,50,443,74,32,4,370,156,456,50,58,111,211,284,25,317,145,55,29,33,76,24,34,30,123,145,105,9,38,67,66,39,26,19,27,20,40,14,9,17,13
527,420,4546,2550,371,1338,185,34,1,1456,22,7,3,1332,3647,2,7,11,167,112,494,14,1859,45,338,1063,4,152,280,1037,735,653,194,464,173,841,65,578,41,438,64,38,3,378,150,454,41,55,133,216,274,22,310,143,50,25,26,84,26,33,32,116,144,91,8,36,68,60,39,21,16,24,21,42,13,10,16,12
475,303,4615,1768,83,1454,45,35,2,1512,6,10,1,838,1068,2,4,4,171,60,114,19,663,17,455,522,2,33,231,732,316,506,67,269,92,266,53,326,10,203,18,115,2,280,111,221,7,19,227,79,136,7,107,44,31,5,5,117,23,14,61,29,59,16,4,17,36,14,28,2,3,8,17,31,7,11,6,8
2169,6378,1721,2855,5418,1447,299,519,11,160,1602,17,7,548,50,4,11,48,1246,21,1526,69,11,450,991,48,37,261,249,27,34,75,109,1,7,12,611,46,446,18,196,0,39,28,193,17,59,3,-1,0,49,10,6,0,356,16,244,2,-1,2,10,2,3,16,30,9,1,8,16,13,50,49,-1,0,4,-1,1,2
335,149,5781,1547,28,1468,26,19,2,2518,1,9,1,892,1939,1,3,2,110,72,57,14,1532,7,392,843,1,18,224,1492,489,763,55,780,152,481,30,485,3,326,9,355,0,456,96,368,4,24,1025,217,163,6,185,91,17,3,1,279,65,19,94,47,106,14,2,19,68,14,32,1,1,5,39,73,7,23,8,10
852,1068,3265,2690,985,1365,232,86,2,688,101,9,4,1006,910,2,8,19,328,66,774,24,349,103,478,388,10,195,271,309,272,318,168,75,63,218,140,253,98,157,98,10,8,161,165,158,51,24,16,31,159,18,89,30,99,23,61,26,4,14,21,33,42,55,13,24,20,33,29,20,25,32,5,10,9,3,8,7
2059,4696,1614,1570,584,1666,30,671,40,139,323,32,3,235,4,4,6,14,1546,6,150,121,0,114,1767,11,16,22,179,10,6,40,17,0,1,0,521,14,57,3,28,4,20,13,120,3,3,0,-1,-1,13,1,0,-1,199,0,24,3,-1,0,27,-1,0,0,13,2,0,0,8,0,4,10,-1,-1,1,-1,-1,0
612,538,4070,2343,341,1390,133,49,2,1127,27,9,2,1052,1529,2,6,10,216,77,377,19,746,46,422,598,5,107,262,604,400,468,134,204,99,366,81,362,37,241,52,34,4,254,143,250,27,29,74,80,183,15,144,57,56,15,23,61,14,19,34,49,71,46,8,25,37,31,32,11,12,20,12,23,10,7,9,9
288,105,6211,1308,12,1504,14,15,2,2990,0,10,0,779,1574,1,2,1,95,62,28,14,1433,4,408,778,0,9,207,1671,427,799,36,919,145,399,23,456,1,295,5,725,0,483,83,342,1,19,1977,216,137,4,156,78,12,1,0,407,87,16,131,34,95,7,1,15,67,8,30,0,0,3,47,87,5,31,6,9
582,497,4190,2387,345,1369,144,44,1,1212,25,8,2,1121,1962,2,6,10,199,85,403,18,971,45,394,705,5,117,266,706,476,514,148,259,116,465,76,413,38,286,54,35,4,285,144,297,30,35,88,107,205,17,179,75,54,17,23,67,17,22,33,63,87,56,8,28,44,38,34,13,12,20,14,27,10,8,11,10
812,948,3323,2470,674,1387,168,83,3,718,72,10,3,919,740,2,7,15,319,59,547,25,301,80,502,348,8,138,260,303,237,311,133,72,57,180,129,231,69,139,73,14,7,156,154,141,34,19,21,27,139,14,75,25,87,16,42,29,5,12,25,26,37,39,11,21,19,25,27,13,17,25,5,10,8,3,6,6
704,759,3781,2864,901,1328,290,57,1,957,68,8,4,1273,2266,2,8,18,241,97,890,18,944,89,382,722,8,247,288,579,519,467,230,194,115,525,105,420,91,299,108,14,7,254,170,301,68,44,37,95,239,25,200,80,81,34,60,41,11,25,22,81,91,104,12,34,41,61,36,32,29,35,10,21,13,5,14,10
1523,3762,2322,4175,12401,1274,1272,207,2,317,1547,9,10,1248,855,3,15,74,618,76,5634,30,202,629,490,307,40,1215,321,136,251,206,449,22,45,196,371,206,974,130,553,0,32,95,249,120,352,32,0,13,194,44,81,23,313,110,658,5,0,15,7,42,33,207,37,35,12,88,30,146,202,118,1,3,14,0,10,7
1316,2634,2530,3440,4685,1337,590,174,3,381,612,10,7,1048,606,3,12,44,549,62,2413,31,168,326,537,263,25,533,295,147,200,211,268,24,40,144,286,183,402,109,269,1,21,98,211,103,144,22,2,12,152,27,61,17,216,50,257,8,1,12,11,27,27,95,25,26,11,47,28,55,83,68,1,3,11,1,7,6
703,747,3735,2730,768,1338,245,58,1,936,61,8,3,1187,1856,2,8,16,245,88,749,19,786,81,400,638,8,206,280,532,452,441,200,171,103,434,104,380,79,262,94,16,6,237,164,265,56,38,37,79,215,22,168,66,78,28,51,41,10,22,24,65,78,82,11,31,36,50,34,25,24,31,10,19,12,5,12,9
1599,3285,2016,2179,1293,1499,108,337,13,232,362,19,4,460,43,4,8,22,911,18,477,64,12,164,1008,49,18,87,222,38,31,89,58,2,8,11,368,47,121,18,71,3,19,35,151,18,18,2,0,0,40,5,5,0,190,5,62,5,-1,1,19,1,3,6,16,7,1,4,15,3,15,22,0,0,3,0,0,2
1371,2772,2461,3264,4035,1368,476,195,4,355,588,11,7,942,421,3,11,41,598,52,1972,35,117,303,592,209,24,424,286,122,155,188,220,18,32,101,301,152,350,85,228,2,21,85,204,81,111,17,1,8,128,22,44,11,216,38,217,8,0,9,12,18,20,67,24,22,9,34,25,39,67,59,1,3,9,0,6,5
731,579,3161,1097,29,1690,7,109,17,644,6,23,0,300,31,2,3,2,406,12,22,53,18,11,1079,53,2,4,167,100,26,145,11,12,10,8,97,50,3,18,4,131,2,63,80,20,0,1,41,1,24,0,4,0,37,0,1,46,2,1,93,0,3,0,3,3,3,0,12,-1,0,2,1,3,1,3,0,1
401,214,5134,1642,48,1462,34,26,2,1928,3,10,1,853,1375,2,4,3,138,65,79,17,963,11,427,644,1,24,226,1018,381,611,59,440,114,343,40,388,6,249,13,203,1,350,103,276,5,21,472,125,145,7,135,60,23,4,3,178,37,16,76,35,76,14,3,18,48,13,30,2,2,6,25,46,7,16,6,8
505,363,4587,2148,183,1399,95,35,1,1481,12,8,2,1068,2010,2,5,7,170,83,246,17,1124,29,393,752,3,74,256,873,489,577,117,354,127,481,59,438,21,302,35,65,3,326,130,320,18,33,170,132,196,13,185,81,40,12,13,98,24,22,44,60,94,40,6,26,50,30,34,8,7,15,19,36,9,10,10,10
1045,1672,2965,3307,2779,1330,501,113,2,546,287,9,6,1176,1117,3,11,33,399,77,1839,25,358,213,462,413,17,445,298,259,311,294,275,57,64,261,198,265,253,172,208,4,14,146,199,166,123,32,6,29,192,29,105,34,154,49,164,15,3,17,14,46,46,112,20,31,20,58,31,52,63,57,4,7,12,2,10,8
307,122,6079,1426,18,1491,19,16,2,2821,0,9,0,845,1837,1,3,1,100,69,39,14,1572,5,397,841,0,13,217,1648,474,802,45,901,154,460,25,485,2,322,7,529,0,484,89,369,2,22,1524,232,152,5,178,89,14,2,1,351,80,18,113,42,105,10,2,17,71,11,31,0,0,4,45,84,6,28,7,10
2014,5688,1803,2986,5848,1410,362,438,9,179,1503,16,7,617,78,4,12,50,1094,26,1795,60,17,455,879,65,37,319,257,35,46,88,133,2,10,19,550,58,480,25,222,0,36,34,198,24,75,5,-1,0,60,12,9,1,339,21,271,2,-1,3,10,3,4,23,30,11,2,12,17,19,60,54,0,0,5,0,2,2
725,705,3437,1935,237,1453,67,77,4,781,29,12,2,697,378,2,5,8,304,41,205,28,179,40,586,239,5,51,229,268,149,280,68,59,41,96,105,171,26,92,32,33,5,138,125,97,11,10,35,17,93,7,42,13,60,6,14,40,5,7,39,11,23,13,7,13,14,10,23,3,6,13,5,9,5,4,3,5
648,639,3897,2658,629,1328,225,51,1,1040,46,8,3,1211,2177,2,7,15,221,92,664,18,967,69,380,719,7,188,277,625,506,483,196,218,116,508,92,418,66,296,84,20,5,265,158,301,51,41,52,101,226,22,194,79,69,27,42,49,13,24,26,75,90,83,10,32,42,51,35,24,22,29,12,23,12,6,13,10
640,616,4010,2667,592,1346,219,49,1,1092,43,8,3,1231,2298,2,7,14,217,95,641,17,1038,66,381,753,6,183,280,666,528,504,196,238,122,536,89,436,62,310,81,22,5,277,159,316,49,42,58,110,232,22,204,85,67,27,40,53,14,25,27,78,95,83,10,32,44,52,35,23,21,28,13,25,12,6,13,10
542,408,4280,2006,164,1420,74,42,2,1276,13,9,2,915,1180,2,5,7,195,65,200,19,649,28,445,530,3,57,243,634,336,472,91,218,91,289,66,329,19,209,30,62,3,257,125,222,13,22,124,73,152,10,116,46,42,8,11,82,17,15,46,35,61,25,6,20,34,19,30,5,6,13,13,25,8,8,7,8
834,1074,3418,3117,1588,1321,401,75,1,758,134,8,5,1273,1846,2,9,25,296,92,1328,20,681,136,405,604,12,350,296,427,446,394,267,122,95,427,138,362,153,252,154,8,9,206,185,248,98,42,18,63,230,29,166,62,109,44,101,27,6,23,17,71,73,121,15,35,32,66,35,45,45,46,7,14,13,3,13,9
1169,2078,2758,3378,3563,1337,542,139,2,462,412,9,6,1116,838,3,11,38,465,70,2095,28,251,261,498,335,21,486,297,199,253,252,272,38,52,197,236,223,315,139,235,2,17,121,205,133,133,27,4,19,173,28,81,25,181,50,203,11,2,14,12,36,36,104,22,29,15,53,30,53,72,62,2,5,12,1,9,7
494,326,4536,1803,93,1459,48,37,2,1446,7,10,1,839,1021,2,4,5,179,59,124,20,619,19,463,503,2,36,233,688,306,489,69,244,88,255,56,316,11,195,19,103,2,269,113,212,8,18,196,72,135,8,103,42,33,5,6,108,20,13,58,28,57,17,4,17,34,14,28,3,3,9,15,29,7,10,6,7
1062,1562,2755,2429,968,1424,158,141,5,468,146,12,4,735,278,3,8,19,475,40,581,35,98,113,641,175,12,130,249,143,118,198,106,23,29,70,196,132,95,69,80,8,11,91,157,69,31,10,6,7,92,11,31,8,121,12,55,15,1,6,22,10,16,23,13,15,8,14,22,9,18,26,2,4,6,1,3,4
1476,3452,2335,3843,8817,1294,932,205,3,322,1165,9,9,1130,664,3,14,62,615,66,4061,32,164,505,520,266,34,872,308,128,211,196,356,20,40,155,350,183,713,111,420,0,29,90,233,104,244,26,1,11,168,35,65,18,280,78,469,6,0,13,8,31,27,143,33,30,11,65,28,96,143,95,1,3,12,0,8,6
769,948,3681,3414,1921,1286,562,61,1,894,132,7,5,1548,3598,2,10,27,251,124,1800,17,1342,147,344,932,12,501,315,624,712,500,371,219,144,806,123,515,183,396,197,8,9,275,197,388,148,68,25,132,318,41,298,123,106,70,127,32,10,36,16,139,125,218,16,47,50,113,40,79,62,56,11,21,17,4,20,12
430,243,4936,1645,53,1481,33,30,2,1748,3,10,1,812,1091,2,4,3,153,59,80,18,739,12,456,548,1,24,225,853,324,551,56,336,98,274,44,341,6,211,13,178,1,309,104,234,5,18,362,92,132,6,110,47,26,3,3,154,30,14,74,28,63,13,3,16,40,11,28,1,2,6,20,38,6,14,6,8
1345,2287,2227,1958,674,1514,72,256,12,292,173,18,3,447,49,3,7,15,745,18,293,58,16,102,970,56,12,56,213,51,34,104,47,4,9,13,277,52,67,20,46,7,13,42,136,21,11,2,2,0,40,4,6,1,139,4,34,8,0,1,25,1,3,5,12,7,2,3,15,2,8,16,0,1,3,0,0,2
580,471,4072,2057,204,1412,83,47,2,1145,17,10,2,901,1044,2,5,8,213,63,230,20,546,33,457,479,4,64,244,546,307,432,94,175,81,256,74,302,23,189,34,49,3,232,128,200,15,21,91,59,146,10,103,40,47,9,13,69,13,14,41,32,54,26,6,20,30,19,29,6,7,14,11,21,8,7,7,7
453,297,4824,2083,145,1376,87,29,1,1689,9,8,2,1103,2535,2,5,6,147,90,217,15,1502,24,364,890,3,68,253,1081,575,651,116,491,151,604,50,502,17,357,31,83,2,378,126,382,17,37,251,185,212,14,228,105,34,11,10,122,33,25,47,73,115,42,5,27,61,32,35,8,6,13,24,46,10,13,11,11
1826,5048,2024,3705,10529,1339,801,317,4,230,1874,12,9,915,277,4,14,68,854,46,3819,43,62,620,652,146,42,743,295,68,114,134,274,7,22,66,483,113,830,60,410,0,38,57,232,55,197,14,0,3,114,26,30,6,356,57,519,3,0,7,8,13,13,83,36,21,5,38,23,65,133,91,0,1,9,0,5,4
393,201,5138,1525,35,1485,25,26,2,1935,2,10,1,776,1070,2,3,2,139,57,59,18,779,9,453,556,1,18,218,945,321,579,48,392,100,271,38,345,4,213,10,251,1,328,97,238,3,16,521,101,126,5,109,47,21,2,2,189,36,13,86,26,64,10,3,15,42,10,28,1,1,5,23,43,6,16,5,8
617,559,4021,2424,403,1367,154,49,2,1106,31,8,3,1097,1720,2,7,11,215,82,443,18,819,51,407,637,5,125,266,617,432,475,150,212,105,409,83,380,44,258,59,29,4,259,147,267,32,33,68,87,196,17,159,64,59,18,27,58,14,20,31,56,77,55,9,27,38,36,33,14,14,22,12,23,10,7,10,9
499,247,4912,2196,96,1971,83,32,1,1547,7,13,3,953,1432,2,3,5,152,104,181,26,936,33,453,632,3,43,276,845,451,548,107,307,120,348,40,341,16,306,31,66,2,299,132,315,15,35,130,103,158,8,118,63,43,9,11,87,33,19,48,59,87,37,3,19,45,36,29,7,6,10,15,36,7,11,8,6
515,284,5007,2766,230,1871,200,30,0,1607,15,10,5,1310,3488,2,4,9,142,162,444,21,2056,58,366,1078,4,111,313,1163,836,683,214,503,195,805,43,525,37,542,66,36,3,389,158,542,43,74,108,228,259,17,255,151,55,26,28,77,42,35,33,156,167,114,4,32,74,94,37,24,16,19,19,49,12,11,16,9
496,259,5167,2675,187,1898,172,28,0,1710,12,10,5,1284,3420,2,4,8,137,159,374,21,2096,50,371,1084,4,94,310,1230,828,705,196,544,198,794,40,529,30,542,57,44,2,403,154,546,36,71,133,237,252,15,252,151,50,23,23,87,47,35,37,150,168,100,4,31,76,86,36,20,13,17,21,53,11,12,16,9
442,182,5227,1810,38,2064,39,29,2,1772,3,15,2,784,932,2,2,3,140,82,79,28,703,18,505,509,1,19,252,847,339,536,63,304,100,235,32,287,6,239,15,141,1,292,112,254,6,23,233,81,120,5,82,43,31,4,4,123,40,14,70,35,66,16,2,14,39,18,26,2,2,5,16,39,5,13,5,5
2148,4387,1861,2991,3066,2039,286,475,10,169,1078,26,12,506,39,5,7,37,1105,28,1218,103,9,549,1122,43,33,167,273,27,34,73,108,1,7,10,412,37,371,20,184,0,32,27,199,18,53,4,-1,0,42,6,4,0,386,14,232,2,-1,1,11,2,3,16,16,7,1,11,14,12,45,35,-1,0,3,0,1,1
307,87,6601,1570,12,2083,22,15,1,3010,0,13,1,834,1718,2,2,1,88,99,38,21,1669,7,432,835,0,10,244,1773,530,820,51,918,169,431,17,433,2,390,7,458,0,484,96,430,3,30,1123,231,143,4,144,91,16,2,1,303,118,19,111,56,119,14,1,15,75,18,29,1,0,3,38,94,5,29,7,7
819,686,3659,2832,519,1937,220,74,2,783,60,14,7,960,808,3,5,14,277,92,601,35,369,119,531,381,8,123,300,349,295,334,169,81,69,195,90,224,77,187,90,11,6,165,170,182,45,30,15,32,143,12,69,30,103,21,54,25,8,14,24,41,47,60,6,20,22,47,27,19,22,23,5,12,8,3,7,5
2039,3182,1748,1599,292,2375,26,625,37,147,199,48,5,208,2,5,4,10,1390,8,106,187,0,129,2072,9,13,12,193,10,5,38,15,-1,1,0,349,10,42,3,23,5,16,12,121,3,2,0,-1,-1,10,0,0,-1,209,0,20,2,-1,-1,30,-1,0,0,6,1,-1,0,7,-1,3,6,-1,-1,0,-1,-1,0
572,331,4545,2415,168,1949,120,40,1,1292,14,13,4,990,1360,2,4,7,177,106,278,27,797,50,461,586,4,64,286,691,432,491,131,228,109,328,50,320,27,286,45,38,3,263,144,289,23,36,71,82,163,10,112,57,56,13,19,61,24,19,38,60,79,48,4,21,40,43,29,10,9,13,11,28,8,8,9,6
266,61,7233,1336,4,2172,11,12,2,3661,-1,14,1,734,1394,2,1,0,77,86,18,21,1573,4,459,777,0,4,228,2023,465,873,33,1103,163,358,13,411,0,355,3,984,0,521,83,404,1,23,2270,233,121,2,121,78,11,1,0,459,162,16,161,41,108,7,0,12,76,11,28,0,0,1,47,114,4,39,5,6
549,308,4738,2492,172,1941,133,36,1,1411,14,12,4,1071,1785,2,4,7,165,120,302,25,1062,50,434,704,4,71,293,822,524,549,148,296,130,426,47,372,28,346,48,40,3,299,147,350,26,44,87,113,186,11,142,76,54,15,20,69,29,23,38,79,99,59,4,23,48,53,31,13,10,14,14,34,9,9,10,7
782,608,3742,2599,350,1978,157,71,2,822,42,15,6,876,652,3,5,11,270,82,419,37,316,91,561,340,7,86,288,343,255,327,133,79,62,160,82,204,53,165,66,16,5,161,158,163,30,24,19,28,125,9,57,25,89,15,37,29,8,12,28,32,41,41,5,17,20,35,25,12,14,18,5,12,7,4,6,4
675,483,4285,3039,476,1892,279,48,1,1110,40,11,7,1234,2106,3,5,13,202,138,700,26,1046,103,423,731,7,159,321,675,582,501,236,221,130,490,66,382,72,368,100,16,5,268,176,359,62,57,36,102,221,18,162,84,84,32,54,41,19,27,25,104,105,116,6,29,45,89,34,32,26,25,10,26,11,6,13,7
1528,2608,2610,4585,7596,1831,1348,187,2,355,1082,13,18,1233,788,4,11,61,546,109,4967,45,216,809,551,307,36,869,366,152,280,217,488,23,51,182,253,186,875,159,565,0,28,98,267,141,357,43,0,14,182,32,65,23,349,112,681,5,1,16,7,55,37,247,21,31,13,135,29,160,198,93,1,3,13,0,10,4
1272,1741,2768,3624,2643,1870,581,152,2,418,396,14,12,994,529,4,8,34,468,85,1970,46,172,393,590,253,22,353,324,160,213,215,274,25,43,126,186,159,334,127,256,1,17,98,217,117,135,28,1,11,136,19,46,16,229,48,245,8,2,12,12,33,29,105,13,22,12,68,25,55,75,50,1,4,9,1,7,4
683,482,4290,2931,408,1933,237,50,1,1100,36,12,6,1163,1732,3,5,12,209,126,593,28,875,94,449,651,6,133,316,626,509,478,206,196,117,408,67,348,62,325,87,18,5,253,172,319,51,49,36,85,200,15,137,69,82,27,46,42,18,23,27,84,91,92,6,27,41,73,32,25,21,23,9,24,10,6,12,7
1594,2235,2239,2295,692,2160,99,310,11,255,230,28,7,429,34,4,5,16,813,24,364,97,11,194,1169,44,15,53,246,40,31,89,56,2,8,9,247,39,96,20,64,4,15,34,156,19,15,3,0,0,34,3,3,0,204,5,56,5,0,1,21,1,3,6,8,5,1,5,13,3,12,16,0,0,2,0,0,1
1325,1832,2685,3423,2251,1912,462,170,3,387,378,16,11,887,361,4,8,31,511,72,1589,51,117,363,652,198,21,277,313,131,163,190,223,18,34,87,196,130,288,98,215,2,17,84,209,91,102,20,1,7,113,15,33,11,229,36,205,7,1,9,13,22,21,73,13,18,9,49,23,38,60,43,1,3,8,1,5,3
696,359,3542,1100,12,2429,5,95,15,731,3,34,1,268,23,3,1,1,347,16,14,80,16,11,1253,46,1,2,181,106,25,145,9,12,10,6,61,41,2,19,3,165,1,62,80,21,0,1,40,1,20,0,2,0,36,-1,0,46,3,0,112,0,3,0,1,2,3,0,11,-1,-1,1,1,3,1,3,0,1
371,127,5851,1676,21,2080,28,21,2,2286,1,14,2,798,1209,2,2,2,113,89,53,24,1035,11,473,633,1,13,247,1195,410,653,56,508,127,304,24,345,3,296,10,255,0,369,103,321,4,25,502,131,128,4,104,60,22,3,2,191,67,16,89,42,85,14,1,14,53,17,27,1,1,4,24,59,5,19,6,6
472,221,5195,2223,88,1981,85,29,1,1734,6,12,3,1013,1816,2,3,5,140,116,179,24,1228,31,432,750,2,44,281,1021,536,616,114,406,142,438,36,393,15,364,30,77,2,344,132,376,15,41,172,140,176,9,146,82,40,10,10,102,43,22,50,74,106,42,3,21,55,41,31,7,6,10,18,45,8,13,10,7
1008,1092,3292,3503,1540,1874,492,98,1,612,181,13,10,1128,1005,3,7,26,339,108,1491,36,379,254,508,406,15,294,330,289,339,307,283,62,71,236,128,235,207,205,197,4,11,149,206,193,115,40,5,30,175,20,82,35,162,47,155,15,5,17,15,58,52,126,10,26,21,85,29,52,57,42,3,9,10,2,10,5
281,71,6982,1446,7,2125,15,13,1,3401,0,14,1,790,1624,2,1,1,81,94,26,21,1715,5,440,834,0,7,236,1972,513,866,42,1069,172,411,15,434,1,385,5,697,0,517,89,432,1,27,1706,248,134,3,138,89,13,1,0,387,146,18,136,50,118,10,0,14,78,14,29,0,0,2,44,108,5,35,6,6
1997,3912,1962,3149,3341,1993,351,400,8,192,1014,23,13,576,62,5,8,39,969,35,1452,89,16,559,995,59,32,207,282,36,47,87,133,2,10,16,372,48,404,28,210,0,30,33,205,25,69,6,-1,0,52,8,6,1,369,19,260,2,-1,2,10,3,4,24,16,9,2,17,16,18,54,40,-1,0,4,0,1,1
690,443,3854,1997,115,2067,59,65,3,893,16,18,4,650,318,3,3,6,256,56,148,42,181,44,657,227,4,30,251,298,156,290,65,63,44,82,66,148,19,106,27,39,3,140,127,109,9,12,33,16,81,4,31,12,61,5,12,40,9,7,44,13,25,13,3,11,14,13,21,3,4,8,4,11,4,4,3,3
620,405,4433,2817,327,1897,214,43,1,1213,27,11,6,1173,2019,3,5,11,185,131,516,26,1072,79,422,728,5,119,309,732,566,519,200,250,132,474,58,381,51,363,76,22,4,280,164,359,46,53,50,108,208,15,157,83,71,25,37,50,22,25,29,95,104,92,5,27,47,74,33,23,18,20,11,29,10,7,12,7
604,384,4508,2790,303,1899,205,41,1,1260,24,11,6,1178,2107,2,5,10,179,133,490,25,1139,74,417,754,5,114,309,771,584,535,197,270,137,494,55,392,47,376,73,25,4,290,162,373,44,54,56,116,211,15,163,87,68,24,35,53,24,26,30,99,109,91,5,27,49,74,33,22,17,20,12,31,10,8,12,7
510,250,4848,2075,78,2019,66,35,2,1489,7,14,3,864,1044,2,3,5,161,90,144,28,693,30,494,521,2,33,267,734,363,501,88,247,100,258,41,292,13,249,25,74,2,269,126,258,11,27,125,75,135,6,89,46,42,7,9,85,29,15,52,42,68,26,2,17,38,27,27,4,4,8,13,31,6,10,6,5
792,684,3795,3271,851,1851,386,64,1,856,81,11,8,1216,1681,3,6,18,246,129,1051,29,735,158,441,598,10,226,325,483,490,412,272,135,105,391,87,322,121,303,143,8,7,213,190,290,89,53,16,66,208,20,131,63,112,42,92,26,11,24,19,89,83,134,8,29,34,96,32,45,39,33,6,17,11,4,12,6
1124,1361,3031,3557,1984,1871,531,120,2,510,262,14,11,1061,741,3,7,29,394,97,1697,40,260,311,545,324,18,320,327,218,272,259,279,40,56,175,152,195,259,163,223,2,14,122,211,152,124,34,3,19,155,19,62,24,191,47,192,11,3,14,13,44,39,115,12,24,16,76,27,53,65,45,2,6,10,1,8,4
453,194,5048,1817,42,2036,41,30,2,1662,3,14,2,772,875,2,2,3,145,80,85,28,644,19,506,482,1,20,250,781,322,509,64,271,95,220,33,274,7,227,16,124,1,275,112,240,6,22,197,73,117,5,77,40,32,4,4,111,35,13,66,33,62,16,2,14,37,18,26,2,2,6,14,35,5,12,5,5
1025,1014,3052,2531,506,2016,146,123,4,522,88,18,7,688,233,3,5,14,406,54,442,52,98,130,718,165,10,80,273,155,123,202,104,23,30,59,126,113,74,79,72,8,8,91,160,77,26,12,5,7,80,7,23,7,126,11,48,15,2,6,24,12,17,23,7,12,9,20,20,8,15,18,1,4,5,1,3,2
1451,2339,2577,4123,5204,1828,954,182,2,354,788,14,15,1089,593,4,9,49,533,93,3451,46,170,629,576,259,31,601,343,140,229,202,375,20,43,139,233,161,618,132,415,0,24,91,244,119,238,33,0,11,153,25,50,18,305,77,467,5,1,13,9,39,30,165,17,25,11,96,26,101,135,73,1,3,11,0,8,4
726,600,4090,3590,1039,1795,550,50,0,1015,80,10,9,1489,3374,3,7,20,207,176,1445,24,1491,171,371,940,10,329,346,718,798,528,384,247,162,759,77,466,147,486,184,8,7,286,202,462,138,89,23,141,292,28,242,129,109,67,117,31,18,37,17,180,144,249,8,40,55,167,37,80,55,41,10,26,15,5,20,8
396,144,5564,1665,23,2088,28,24,2,2045,1,15,2,752,941,2,2,2,124,80,54,27,778,12,502,531,1,13,244,985,343,581,52,380,106,239,26,298,4,247,10,220,1,321,103,267,4,21,377,95,115,4,83,46,24,3,2,162,52,13,86,33,69,12,1,13,43,15,26,1,1,4,19,47,5,16,5,5
1328,1529,2479,2046,348,2180,64,232,11,324,106,28,5,414,38,4,4,11,659,24,217,88,15,117,1124,50,10,33,235,53,34,104,45,4,9,10,183,43,51,22,41,8,10,41,140,22,9,3,1,0,34,2,4,0,146,3,29,8,0,1,28,1,3,4,6,5,2,4,13,1,7,11,0,1,2,0,0,1
546,290,4593,2127,98,2003,74,40,2,1327,9,14,3,849,918,2,3,5,176,87,167,30,579,36,506,469,3,38,268,627,330,456,91,195,90,227,46,267,16,224,29,58,2,241,130,231,13,26,89,60,130,7,79,39,47,7,11,70,23,14,47,38,60,27,3,16,33,27,27,5,5,9,10,26,6,8,6,5
425,181,5509,2166,69,1960,78,23,1,2001,4,12,3,1054,2325,2,3,4,121,126,157,22,1670,25,402,898,2,40,279,1283,639,703,114,575,171,558,30,455,12,437,27,100,1,402,128,455,14,47,260,200,192,9,182,109,34,10,8,129,59,26,55,92,133,44,2,23,69,44,32,7,5,9,24,59,8,16,11,7
1790,3435,2195,3923,6182,1873,804,283,4,247,1277,17,16,865,235,4,10,54,742,64,3197,62,61,771,721,137,38,502,324,72,119,135,282,7,23,57,322,96,715,68,400,0,31,56,241,61,188,17,0,3,101,18,22,6,386,55,513,3,0,7,8,16,13,92,19,18,5,54,21,66,124,68,0,1,8,0,4,2
361,118,5818,1541,15,2101,21,21,2,2280,0,15,1,718,922,2,2,1,113,77,39,26,822,9,501,539,0,9,235,1097,340,613,44,447,110,236,22,302,2,249,8,318,0,343,96,273,2,20,552,104,110,3,82,46,20,2,1,202,64,13,101,31,70,10,1,12,46,13,25,0,0,3,23,54,4,19,5,5
581,347,4518,2520,202,1928,142,40,1,1276,17,12,5,1042,1550,2,4,8,178,113,331,27,885,57,446,631,4,77,292,711,472,503,149,238,117,371,52,339,32,310,52,33,3,270,149,312,28,41,66,91,176,11,125,65,59,16,23,58,24,21,35,70,87,58,4,23,42,51,30,13,11,15,11,29,8,8,10,6
621,350,5164,2310,127,2414,83,45,1,1753,11,15,5,1193,1498,2,5,7,205,108,190,27,756,47,508,597,3,47,289,838,606,610,90,364,140,453,52,436,17,320,28,72,2,303,138,300,16,40,108,106,141,14,164,44,47,10,12,69,26,22,36,59,71,39,2,27,63,31,32,9,7,12,13,31,7,10,12,9
638,398,5238,2860,288,2293,187,41,0,1808,20,12,7,1602,3429,2,7,11,192,162,440,22,1572,79,415,979,4,114,324,1123,1074,747,171,573,219,987,56,650,37,543,57,40,3,386,164,496,44,81,91,222,222,27,336,100,58,27,28,62,32,39,26,145,131,112,3,43,98,77,39,30,18,22,17,41,11,10,23,12
617,367,5387,2770,237,2323,163,39,1,1912,16,12,6,1570,3348,2,7,10,186,158,375,22,1591,69,421,980,3,98,321,1178,1061,767,157,613,221,968,53,652,31,541,49,49,2,398,160,498,37,77,109,228,216,25,331,99,54,24,23,69,35,38,28,138,130,99,3,41,100,70,39,25,15,19,18,44,10,11,22,12
555,264,5449,1922,53,2515,40,40,2,1977,4,17,4,989,987,2,4,4,191,85,87,29,570,26,563,482,1,22,265,830,458,594,54,355,117,308,42,368,7,251,14,146,1,294,118,243,7,27,185,84,108,9,115,30,34,4,4,95,30,16,52,35,54,18,1,20,54,16,28,3,3,7,14,32,5,12,8,8
2326,4727,2168,3119,3071,2491,269,499,8,241,964,28,15,695,63,4,11,42,1221,34,1138,94,13,612,1136,56,27,172,290,39,62,102,95,3,12,20,432,62,303,29,148,1,25,36,204,24,55,6,-1,0,44,12,9,0,343,16,196,2,-1,3,9,3,3,21,11,12,3,12,17,17,48,40,-1,0,4,0,2,2
398,134,6687,1671,18,2528,23,22,1,3168,1,16,2,1031,1662,2,3,2,125,99,43,23,1208,12,490,738,0,12,255,1592,670,861,44,942,184,518,24,523,2,382,7,426,0,458,102,382,3,33,764,209,124,7,186,58,19,3,1,214,80,21,80,52,90,15,0,21,95,16,31,1,1,4,31,71,5,24,10,9
969,882,3952,2929,603,2364,206,93,2,948,70,16,9,1217,930,3,8,17,350,98,584,36,338,151,579,386,7,127,313,382,424,393,139,112,87,279,109,304,71,210,76,14,6,179,176,188,46,36,15,38,131,21,105,23,103,22,51,22,7,17,19,44,42,63,5,28,33,42,30,24,24,26,5,11,8,4,11,7
2177,3427,2023,1711,333,2835,28,632,28,211,193,49,7,299,5,4,6,12,1486,10,114,162,1,155,1986,13,11,15,207,16,11,55,15,0,3,1,362,19,39,6,21,7,13,17,127,5,3,0,0,-1,11,1,0,-1,190,0,20,3,-1,0,24,-1,0,0,4,3,0,0,9,0,4,8,-1,-1,1,0,0,0
704,458,4824,2532,213,2392,117,54,1,1494,19,15,6,1244,1454,2,6,9,236,110,285,29,664,69,515,564,4,69,300,703,590,556,109,280,130,436,64,416,27,304,40,44,3,271,151,281,24,43,63,88,146,17,159,41,59,14,19,51,19,22,29,60,66,50,3,29,56,38,32,13,11,16,10,25,7,8,13,9
346,97,7208,1425,8,2610,12,19,2,3750,0,17,1,904,1334,1,2,1,110,86,21,23,1113,6,517,677,0,6,237,1766,581,899,29,1090,174,425,19,490,1,343,4,860,0,482,89,353,1,25,1441,204,104,5,155,49,14,1,0,311,104,18,112,38,80,8,0,17,93,9,29,0,0,2,37,84,4,31,8,9
680,430,5014,2609,219,2385,128,50,1,1618,18,14,6,1338,1864,2,6,10,221,123,308,27,863,69,488,666,4,76,307,823,704,615,122,355,153,553,61,477,28,362,42,46,3,305,154,334,27,51,75,117,164,19,198,53,58,17,20,56,23,26,29,77,81,61,3,32,67,45,34,16,12,17,12,29,8,9,15,10
924,785,4012,2688,415,2398,149,89,2,985,50,17,8,1109,753,3,7,14,341,87,414,37,290,118,607,344,6,90,299,372,367,383,111,108,78,229,100,277,50,185,56,20,5,174,163,167,31,29,19,33,115,17,88,19,90,16,35,25,7,15,22,34,36,44,4,24,31,31,28,15,17,20,5,11,7,4,9,7
805,637,4501,3089,555,2287,254,63,1,1282,48,13,9,1509,2186,2,8,16,260,139,667,27,857,132,465,688,6,159,329,684,774,560,187,273,152,633,82,486,67,382,82,19,4,274,179,342,61,65,33,108,192,29,224,59,85,33,51,34,15,30,19,101,86,114,4,39,63,73,36,38,28,28,9,22,10,6,19,10
1670,2913,2856,4512,7139,2190,1111,210,1,456,983,15,21,1531,956,4,15,66,629,116,4136,43,217,872,576,325,29,779,370,181,416,265,376,37,67,274,272,260,671,186,414,1,21,112,262,152,316,52,0,19,166,52,103,19,310,108,531,5,1,20,6,60,35,245,14,42,22,114,31,176,190,96,1,4,12,1,16,7
1446,2058,3080,3704,2729,2287,516,178,2,540,396,16,15,1275,663,3,12,39,561,93,1779,45,176,456,631,274,18,342,338,192,327,268,223,40,59,196,211,228,280,152,202,2,14,113,221,129,130,35,2,16,128,32,76,14,215,49,209,7,2,15,10,37,28,112,9,31,20,60,28,66,79,55,1,4,9,1,11,6
810,632,4487,2973,478,2323,216,65,1,1266,44,14,8,1421,1814,2,8,15,268,128,567,29,723,121,490,615,6,134,322,635,682,534,164,243,137,531,82,445,58,339,72,21,4,258,174,305,50,56,33,90,174,25,190,49,82,27,43,35,14,27,21,82,74,92,4,36,57,61,34,30,24,26,9,21,9,6,16,10
1754,2526,2532,2402,761,2601,98,336,9,345,229,30,9,583,53,4,8,20,919,29,363,89,14,230,1177,55,13,58,260,54,56,119,51,5,12,17,268,62,85,28,55,5,12,43,161,24,17,4,0,0,36,7,8,0,189,6,52,5,0,2,17,2,3,8,6,9,3,6,16,4,14,18,0,0,3,0,1,2
1502,2155,3003,3518,2347,2340,418,197,3,506,378,18,14,1150,467,3,11,36,608,80,1457,50,125,423,693,219,18,273,328,160,256,240,184,30,47,140,221,190,243,121,172,3,14,99,213,103,100,27,1,11,108,26,56,10,215,38,177,7,1,12,10,26,21,79,9,26,16,45,26,47,64,48,1,3,8,1,9,5
822,474,3802,1195,18,2893,6,116,13,884,4,37,2,365,33,3,3,2,427,18,17,76,18,16,1279,54,1,2,192,125,43,180,9,19,14,12,74,62,2,25,3,174,1,71,85,25,0,1,38,1,20,1,5,0,38,0,1,40,3,1,81,0,3,0,1,4,5,0,13,-1,0,2,1,3,1,3,0,1
471,189,5995,1777,31,2520,30,30,2,2471,2,16,3,995,1225,2,4,3,156,90,60,26,793,17,529,579,1,15,258,1120,537,703,48,557,143,383,32,428,4,300,10,250,0,359,109,296,4,29,368,126,113,8,141,40,25,3,2,141,48,18,65,41,67,15,1,20,69,15,29,2,1,5,21,47,5,17,9,8
584,313,5366,2309,116,2397,83,40,1,1919,9,14,5,1246,1832,2,5,7,188,116,186,25,954,44,482,687,2,47,290,980,699,670,94,462,161,550,47,490,15,369,27,82,2,339,137,348,16,46,138,138,153,15,196,55,43,11,11,79,32,25,38,71,84,43,2,29,73,35,33,9,7,12,16,37,7,11,14,10
1153,1328,3540,3524,1635,2256,433,118,1,748,191,15,13,1400,1149,3,10,30,413,113,1348,36,350,301,544,411,13,282,337,321,484,362,224,88,89,335,147,317,177,229,155,5,9,162,207,198,109,48,6,36,157,33,124,27,154,47,134,13,4,21,12,61,46,127,7,36,32,72,31,61,59,45,3,9,10,2,14,8
365,111,7002,1540,12,2564,17,20,1,3520,0,16,2,973,1552,2,3,1,115,94,30,22,1219,8,497,728,0,8,246,1737,643,898,36,1069,184,489,21,519,1,373,5,626,0,482,95,379,2,30,1113,218,116,6,176,56,16,2,0,267,95,20,95,46,88,11,0,19,97,12,30,1,0,3,35,80,5,29,9,9
2167,4247,2261,3255,3324,2425,324,425,6,268,913,25,16,778,96,4,12,44,1079,41,1335,82,21,621,1012,74,26,209,298,50,83,119,116,5,16,30,392,78,327,39,167,1,24,43,209,33,70,9,0,1,54,15,13,1,328,21,218,2,0,4,9,5,5,30,11,15,4,17,18,24,57,44,0,0,4,0,3,2
830,590,4152,2117,148,2520,60,84,3,1070,20,20,5,844,385,3,5,8,328,61,157,42,171,60,711,237,4,33,265,328,232,344,57,88,57,122,82,205,19,123,24,45,3,153,134,115,10,16,32,20,76,8,49,10,64,5,12,35,8,9,34,15,23,15,2,16,22,13,23,4,6,10,4,10,4,4,5,5
756,550,4708,2919,397,2326,200,57,1,1408,34,14,8,1457,2113,2,8,14,244,135,508,27,881,104,472,692,5,123,322,744,761,586,162,307,155,617,73,490,49,382,65,27,4,289,170,345,46,60,45,114,184,25,218,58,74,26,37,42,18,29,23,94,86,93,4,37,65,62,35,28,21,24,11,25,10,7,18,10
738,523,4769,2886,369,2324,192,55,1,1454,31,13,8,1459,2187,2,7,13,237,136,483,26,927,99,467,711,5,118,321,777,780,601,159,329,159,639,70,501,46,392,62,29,3,297,168,356,44,61,50,121,185,25,225,61,71,25,34,44,19,30,23,96,89,92,3,37,68,62,35,27,20,23,11,27,10,7,18,10
628,351,5067,2175,104,2451,66,47,2,1682,9,16,5,1082,1110,2,5,6,215,94,152,30,570,42,546,495,2,37,279,730,492,558,74,295,117,341,53,375,14,262,23,80,2,273,132,248,12,32,104,79,120,12,126,33,45,8,9,68,23,18,39,43,56,28,2,23,52,23,29,6,5,10,12,27,6,9,10,8
943,884,4089,3357,963,2270,350,81,1,1028,93,13,11,1517,1834,3,9,22,315,134,989,30,640,198,488,587,9,224,338,515,679,478,218,179,128,530,106,426,110,328,117,11,6,226,195,288,87,62,16,74,186,33,190,46,113,42,84,23,10,28,15,90,71,135,6,40,50,81,35,53,43,37,6,16,11,4,18,10
1296,1649,3347,3642,2101,2293,474,145,2,647,272,16,14,1352,894,3,11,34,482,104,1550,40,256,369,590,342,15,312,341,254,405,317,226,61,74,262,176,274,222,191,177,4,12,138,216,163,119,42,4,25,144,33,99,20,182,48,167,10,3,18,11,49,37,121,8,34,26,67,30,64,68,50,2,6,9,2,13,7
575,284,5355,1958,60,2519,43,42,2,1893,5,17,4,991,949,2,4,4,199,85,95,30,535,29,571,466,2,23,267,783,445,575,56,325,113,296,45,358,8,243,15,131,1,283,121,234,7,26,161,77,107,9,111,29,36,5,5,88,27,16,50,34,52,18,1,20,52,17,28,3,3,7,13,30,5,11,8,7
1197,1262,3392,2667,587,2477,142,149,4,665,99,21,9,907,304,3,8,17,500,61,442,51,103,164,769,183,9,86,290,186,194,253,90,37,42,95,149,166,69,97,62,11,7,106,167,86,28,16,6,10,78,13,39,7,124,12,46,14,2,8,19,14,16,27,5,18,15,19,23,12,18,21,2,5,5,2,5,4
1676,2770,2969,4299,5271,2302,845,215,2,478,769,16,20,1434,769,4,14,57,647,105,3094,47,183,726,632,291,26,580,366,176,362,261,309,35,61,224,266,240,510,164,326,1,20,109,253,136,228,43,1,16,148,43,86,16,287,80,393,5,1,17,7,47,30,176,13,37,20,87,30,120,140,80,1,4,11,1,13,7
894,807,4477,3750,1196,2259,498,68,0,1226,95,12,12,1871,3552,3,10,25,276,182,1365,25,1249,220,427,909,9,326,366,755,1086,614,307,316,194,996,98,610,135,518,152,11,6,303,212,452,134,101,23,153,260,47,340,92,112,67,109,28,15,43,14,176,120,245,6,54,79,138,41,93,60,47,10,24,14,5,28,13
504,214,5781,1782,34,2552,29,34,2,2256,2,17,3,951,987,2,4,3,172,83,62,28,619,19,564,499,1,15,257,950,461,638,45,433,123,311,36,380,5,258,10,221,1,320,110,253,4,25,287,95,103,7,116,32,28,3,3,123,38,16,63,33,56,14,1,19,59,14,28,2,2,5,17,39,5,15,8,8
1524,1833,2845,2211,412,2691,67,267,9,438,115,31,8,576,59,4,7,14,780,30,230,84,19,149,1170,63,9,38,255,71,62,140,42,8,15,19,210,70,49,31,37,11,9,52,149,28,11,4,2,1,36,5,9,0,143,4,29,8,0,2,23,2,4,6,4,9,4,5,16,3,8,13,0,1,2,1,1,2
674,404,4863,2244,129,2450,74,53,2,1528,13,17,5,1075,1002,2,5,7,235,91,176,31,490,50,562,455,3,42,281,640,457,518,78,242,107,308,59,350,17,241,26,64,2,249,137,227,14,30,78,66,117,12,115,29,51,8,12,57,18,17,36,39,51,29,2,23,47,24,29,7,6,11,10,23,6,8,9,8
543,267,5794,2307,96,2432,78,34,1,2236,6,14,5,1320,2333,2,5,6,169,129,169,24,1284,37,463,826,2,44,296,1231,836,772,96,646,194,696,42,571,13,444,25,106,1,400,136,422,15,53,205,195,169,16,244,73,38,11,9,100,44,29,42,88,105,46,2,31,91,38,35,9,6,11,21,49,8,14,15,11
2002,3869,2545,4066,6068,2329,715,317,3,343,1171,19,20,1152,331,4,14,61,863,74,2848,60,72,860,766,162,31,487,344,96,199,180,236,14,34,99,352,149,573,90,311,0,25,70,247,74,182,24,0,5,101,32,40,6,352,57,421,3,0,10,7,20,14,102,14,27,10,51,25,81,128,74,0,1,8,0,8,5
469,180,6089,1677,23,2598,23,31,2,2517,1,18,2,920,970,2,3,2,159,81,46,28,652,15,570,508,1,11,252,1055,459,676,39,503,127,308,32,387,3,261,8,313,0,342,104,259,3,23,412,104,99,6,115,32,24,2,2,152,47,15,74,31,57,11,1,17,62,11,28,1,1,4,20,44,4,17,7,8
718,480,4822,2648,255,2380,137,55,1,1485,23,15,7,1312,1653,2,7,11,238,118,338,28,738,78,502,607,4,82,307,726,645,571,123,295,139,492,67,442,32,330,46,39,3,280,157,303,29,48,59,97,158,19,177,46,63,17,23,49,19,24,27,70,73,61,3,31,59,44,33,17,14,18,11,25,8,8,14,9
469,250,3920,2002,58,1312,48,24,1,1514,6,7,5,649,1032,1,3,6,116,78,126,17,511,23,344,460,1,26,190,740,462,514,89,274,106,328,29,314,13,247,16,45,1,234,131,241,12,38,116,88,117,9,103,49,26,5,10,62,18,18,43,40,73,34,2,17,40,9,29,7,5,12,15,30,4,10,8,6
480,288,3926,2529,148,1221,123,22,0,1540,13,5,8,898,2615,1,4,11,107,122,327,14,1154,42,270,797,3,72,214,1014,874,637,183,450,174,786,31,488,31,446,37,23,2,302,158,421,36,82,92,199,194,19,231,122,34,15,27,54,23,35,28,112,144,113,3,29,66,26,36,28,15,23,19,41,6,10,17,9
461,263,4017,2422,118,1232,104,21,0,1621,10,5,7,868,2485,1,4,9,103,118,270,14,1141,36,274,784,2,60,210,1052,847,648,164,474,173,752,29,482,25,436,31,28,1,308,152,415,30,77,112,200,186,18,222,118,31,13,21,60,25,33,31,104,141,96,2,27,66,23,35,22,12,20,20,43,6,11,16,9
413,182,4100,1602,21,1363,20,21,2,1694,2,8,4,513,608,1,2,3,107,58,50,19,349,12,387,347,1,10,169,704,322,484,49,252,83,201,23,250,5,180,7,100,0,218,108,182,4,22,205,63,83,5,66,30,18,1,3,87,21,12,64,21,51,13,1,12,32,4,25,2,1,6,15,30,2,12,5,5
1767,3535,1612,2835,1801,1312,198,268,7,203,693,12,18,402,52,2,7,42,681,27,955,57,10,360,721,47,20,124,194,36,53,88,111,2,10,17,248,48,290,25,107,0,20,28,201,22,53,7,-1,0,40,9,6,1,210,10,214,1,-1,2,10,2,4,24,10,8,2,4,16,19,45,46,0,0,2,0,2,1
297,91,5101,1375,6,1395,11,12,1,2756,0,7,2,524,953,1,1,1,71,66,23,15,699,5,348,512,0,5,163,1336,451,699,37,654,127,316,13,347,1,264,3,319,0,338,93,276,1,26,888,148,93,4,100,54,10,1,0,204,55,15,103,29,81,10,0,12,55,3,27,0,0,3,33,66,2,24,6,6
745,657,3011,2660,329,1279,142,51,1,819,47,7,10,701,741,1,5,17,199,76,458,22,258,85,381,325,5,85,211,353,358,343,156,90,71,232,62,235,64,178,52,8,4,144,173,164,40,38,15,35,118,15,75,30,62,14,52,20,5,16,21,35,48,68,4,20,23,15,28,24,21,29,5,11,5,3,9,5
1642,2418,1527,1443,138,1546,14,349,28,180,106,24,7,156,3,2,3,10,851,7,68,108,0,73,1378,9,7,7,134,13,8,45,14,0,2,0,202,13,27,4,11,4,9,12,117,3,2,0,0,-1,9,0,0,-1,106,0,15,2,-1,0,29,-1,0,0,4,1,0,-1,8,0,2,7,-1,-1,0,0,-1,0
525,325,3596,2188,101,1273,71,29,1,1266,11,6,7,678,1036,1,4,8,131,80,196,18,460,35,339,440,2,40,195,619,458,465,111,212,99,326,35,301,22,239,24,26,2,208,142,228,18,41,65,74,123,11,103,47,34,7,17,44,13,19,33,43,69,47,2,18,36,12,29,11,8,16,12,24,4,7,9,6
255,64,5463,1134,2,1439,5,10,2,3246,-1,8,1,441,694,1,1,0,63,54,10,15,592,2,373,443,0,2,149,1432,365,711,22,720,114,237,10,309,0,222,1,692,0,345,78,240,0,18,1723,133,74,2,77,41,7,0,0,300,71,12,149,19,67,4,0,9,51,1,24,0,-1,2,38,75,2,31,4,5
509,307,3746,2267,106,1270,79,26,1,1374,11,6,7,733,1345,1,4,9,123,90,215,17,604,36,321,524,2,45,200,729,551,517,125,271,118,419,34,348,22,287,26,27,2,235,146,274,21,49,77,100,139,13,129,62,33,9,18,49,16,22,33,56,86,58,2,21,43,14,31,14,9,17,14,28,5,8,11,7
690,563,2978,2347,209,1268,96,47,2,830,31,7,9,612,558,1,4,13,189,64,300,23,207,62,394,274,4,56,195,330,292,322,116,83,61,178,55,204,42,149,36,11,3,134,155,139,25,29,19,29,98,11,58,23,52,9,33,22,5,13,24,25,39,43,3,16,20,10,25,14,13,22,5,11,4,4,7,5
613,471,3394,2793,306,1222,178,33,1,1097,33,6,10,868,1764,1,5,16,146,109,529,17,661,74,301,581,4,108,220,630,657,486,211,220,125,532,47,376,60,326,57,10,3,218,176,301,55,69,33,101,174,22,162,76,51,20,52,30,11,28,21,83,98,125,4,27,43,27,33,39,25,32,11,23,6,6,15,8
1306,2308,2163,4398,5237,1161,1019,114,1,390,844,6,27,967,977,2,10,75,353,102,4340,25,205,595,356,316,25,709,258,180,416,243,521,33,62,287,163,226,787,184,363,0,19,95,274,154,389,68,0,21,172,48,91,32,204,90,727,4,1,22,6,65,48,368,15,34,17,55,31,259,222,130,2,4,8,1,15,6
1126,1591,2343,3508,1763,1226,420,97,2,465,308,7,19,775,608,2,8,42,318,78,1647,27,151,287,402,250,15,274,233,185,303,241,282,34,52,186,125,188,293,141,159,1,12,94,226,123,138,42,2,17,126,26,61,21,137,36,252,6,1,15,10,36,36,145,9,23,14,26,28,82,81,68,2,5,6,1,10,5
616,465,3383,2669,257,1243,148,35,1,1083,29,6,10,810,1431,1,5,14,150,99,439,18,546,67,319,512,4,89,215,581,569,461,182,194,111,437,46,340,51,285,49,12,3,205,170,265,44,58,33,83,156,19,135,62,49,16,43,30,10,24,23,66,84,97,4,25,38,22,32,30,20,28,10,21,6,6,13,7
1318,1821,1886,2091,374,1385,61,181,8,291,143,14,10,319,38,2,5,18,515,21,256,56,10,121,775,43,9,35,169,47,43,100,52,4,9,13,150,45,69,22,34,3,9,33,153,20,13,4,0,0,30,4,5,0,109,3,47,4,0,2,19,1,3,8,5,5,2,1,14,4,11,19,0,0,1,0,1,1
1150,1632,2252,3258,1447,1239,324,106,2,429,283,8,17,682,410,2,7,38,340,65,1287,30,103,257,438,194,14,208,222,151,230,211,224,25,40,128,128,153,243,108,130,1,11,80,213,95,101,31,1,11,103,21,43,14,133,26,203,6,1,11,11,23,26,98,9,19,11,18,25,56,62,58,1,4,5,1,7,4
603,312,2864,936,5,1594,2,63,15,758,1,19,2,174,16,1,1,1,243,11,7,53,9,6,932,33,0,0,119,98,25,139,6,12,8,6,39,37,1,15,1,144,1,49,74,16,-1,1,46,0,13,0,2,0,19,-1,0,38,2,0,110,0,2,0,0,2,2,-1,10,-1,-1,1,1,3,0,3,0,1
347,128,4490,1454,11,1363,14,16,2,2109,0,8,3,504,717,1,2,2,87,60,33,17,466,7,366,404,0,7,163,933,364,565,41,386,99,238,17,284,2,208,4,177,0,263,98,214,2,23,413,90,85,4,77,38,13,1,1,130,32,13,81,23,61,11,0,11,40,3,25,1,0,4,22,43,2,16,5,5
440,222,4057,1991,52,1297,48,21,1,1651,5,6,5,675,1255,1,3,6,106,84,122,16,641,21,325,528,1,26,190,862,530,562,92,347,121,397,26,351,11,284,16,51,1,260,130,278,12,43,148,113,126,10,123,61,24,5,9,71,22,20,44,48,86,37,1,18,46,10,30,7,5,12,18,36,4,11,9,7
895,1018,2698,3309,1016,1213,340,64,1,646,144,6,16,842,1023,2,7,31,234,94,1202,22,294,185,349,369,10,218,231,307,441,323,276,74,77,309,87,258,179,209,119,2,8,134,210,185,112,56,6,37,152,27,98,38,97,33,156,11,3,21,13,56,57,159,7,27,23,30,31,73,58,55,4,9,6,2,13,6
268,73,5261,1231,3,1397,7,10,2,3018,-1,8,2,479,837,1,1,1,64,60,14,15,668,3,352,484,0,3,154,1415,412,711,28,715,122,281,11,331,0,246,2,481,0,346,84,262,1,22,1297,147,83,3,90,49,8,0,0,253,65,14,124,24,76,7,0,10,54,2,26,0,0,2,37,72,2,28,5,6
1664,3222,1697,3006,2021,1288,247,230,5,228,677,11,19,459,83,2,7,45,606,33,1161,50,17,375,645,64,20,157,202,47,74,104,139,4,13,27,228,62,323,34,125,0,19,34,209,30,69,10,-1,1,51,12,10,2,204,14,247,2,-1,4,9,4,6,36,11,10,3,6,17,28,55,53,0,0,3,0,2,2
629,420,3156,1823,65,1375,34,46,3,924,11,9,6,454,257,1,3,7,187,43,100,27,112,29,487,179,2,18,173,286,173,288,54,65,42,86,45,145,14,93,14,29,2,117,126,90,7,14,35,16,62,5,30,11,36,2,10,31,5,7,41,10,23,13,2,10,14,3,21,3,4,10,5,10,2,4,3,3
566,397,3502,2575,207,1229,133,30,1,1190,22,6,9,815,1622,1,4,13,135,102,381,16,650,56,304,564,3,79,211,669,621,498,175,241,123,495,41,367,42,314,43,14,3,225,163,293,39,62,45,103,161,18,151,72,43,15,36,36,13,26,25,73,95,95,3,25,44,22,32,27,17,26,12,25,6,7,13,8
552,378,3549,2542,191,1229,127,29,1,1229,20,6,9,814,1670,1,4,12,131,103,360,16,680,53,302,578,3,75,210,698,635,509,171,257,126,509,39,375,39,321,41,16,2,232,161,301,37,62,50,109,162,18,155,74,41,14,33,38,13,26,25,74,98,93,3,25,45,21,32,26,16,25,12,26,6,7,14,8
472,248,3829,1860,45,1328,37,25,2,1446,5,7,5,579,738,1,3,5,121,66,96,19,373,20,371,373,1,20,181,636,366,464,71,218,87,239,29,265,10,198,13,52,1,207,124,195,8,29,112,63,98,7,77,35,25,3,7,61,16,14,47,28,56,23,1,14,32,6,26,4,3,10,13,26,3,9,7,5
721,663,3082,3080,564,1209,259,44,1,879,66,6,13,889,1555,1,6,22,176,107,832,18,514,117,312,510,7,162,228,482,596,419,256,147,108,467,61,337,105,289,85,5,5,183,193,261,84,69,16,73,174,26,143,63,69,28,92,19,7,26,16,79,84,158,5,29,35,31,33,59,40,43,7,16,7,4,15,7
993,1251,2512,3384,1311,1213,373,78,1,550,205,6,17,805,795,2,7,36,269,85,1387,24,213,226,372,305,12,241,231,240,367,280,277,51,63,242,102,221,224,173,136,1,9,113,216,152,123,49,3,25,138,26,78,29,113,34,195,8,2,18,11,45,45,151,8,25,18,28,29,77,68,61,3,7,6,1,11,6
427,195,4016,1631,24,1360,22,22,2,1616,2,8,4,514,588,1,2,3,111,58,55,19,329,13,391,336,1,11,170,664,314,469,50,231,80,194,24,244,5,175,8,89,1,210,110,176,4,22,177,58,83,5,64,29,19,2,4,80,19,12,61,21,49,14,1,12,31,4,25,2,2,7,14,28,2,11,5,5
892,906,2508,2323,296,1305,91,79,3,558,62,9,10,499,225,2,5,16,276,45,321,32,73,87,497,145,6,53,188,164,154,212,94,28,32,74,83,121,57,77,39,6,5,81,159,71,23,16,6,8,67,9,26,8,72,7,43,12,1,7,21,10,18,27,4,12,9,6,21,10,14,22,2,4,3,2,4,3
1252,2081,2155,3966,3525,1172,708,112,1,393,608,6,24,854,721,2,9,60,349,87,2961,27,159,459,378,264,21,481,244,165,337,227,395,29,53,216,152,195,548,152,263,0,16,88,251,129,254,52,0,17,144,36,70,24,179,61,490,4,1,17,7,46,38,239,12,28,14,38,29,159,149,100,1,4,7,1,12,5
677,603,3333,3439,725,1185,382,36,0,1036,70,5,14,1100,3105,1,7,26,152,147,1190,15,1029,132,267,799,7,245,246,707,970,536,370,263,165,902,56,487,133,462,114,5,5,245,209,414,134,116,22,153,245,38,263,128,69,46,123,23,11,42,15,159,146,298,6,40,56,56,39,108,58,56,11,25,9,5,24,10
371,145,4324,1456,12,1378,14,18,2,1923,1,8,3,482,577,1,2,2,96,55,33,18,363,8,390,347,0,7,162,790,313,512,39,299,85,193,19,251,3,179,5,156,0,234,99,183,2,20,322,68,78,4,63,30,14,1,2,113,26,11,78,19,51,9,0,10,34,3,24,1,1,4,18,35,2,14,5,5
1116,1274,2077,1852,184,1409,38,141,8,363,66,14,8,302,39,2,4,12,428,20,148,53,12,73,765,46,6,21,162,60,45,113,40,5,10,13,114,48,36,23,21,6,6,38,136,22,7,4,2,0,29,3,5,1,79,1,24,7,0,2,26,1,4,5,4,5,2,1,14,2,6,13,0,1,1,0,1,1
513,290,3718,1953,58,1342,43,29,2,1329,7,8,6,587,687,1,3,6,134,66,116,20,329,25,385,351,2,23,186,567,348,438,76,182,81,222,33,252,13,186,15,41,1,193,130,182,10,28,84,54,97,8,72,32,29,4,10,52,13,14,43,27,52,25,2,14,29,7,26,5,4,11,11,22,3,8,6,5
408,189,4380,1981,42,1316,45,18,1,1924,3,6,5,711,1579,1,3,5,95,92,109,15,853,18,313,629,1,24,193,1079,628,645,93,481,145,496,23,407,9,339,14,68,1,306,128,334,11,49,221,158,139,10,152,79,21,5,7,91,31,24,49,59,106,40,1,19,57,11,32,7,4,11,23,47,4,14,11,8
1510,2930,1863,3772,4044,1198,597,167,2,284,927,8,24,688,308,2,9,65,471,61,2714,35,62,545,464,147,25,402,231,90,184,157,301,11,30,95,203,121,614,83,250,0,21,57,246,70,201,29,0,5,98,27,33,9,220,43,523,2,0,10,7,20,19,138,14,20,7,22,24,107,135,94,0,1,5,0,7,3
345,121,4573,1360,8,1412,10,16,2,2155,0,8,2,461,548,1,2,2,89,52,24,18,371,6,399,347,0,5,159,871,304,540,32,343,86,185,17,252,1,177,3,230,0,249,93,184,1,18,470,72,73,3,61,29,12,0,1,142,32,11,94,17,51,7,0,10,35,2,24,0,0,3,21,40,2,17,4,5
540,345,3619,2319,125,1273,86,29,1,1266,14,6,7,725,1212,1,4,10,133,88,240,18,524,41,331,483,3,50,202,648,511,483,128,227,108,378,37,325,26,264,29,22,2,217,150,251,23,47,60,84,135,13,118,55,36,9,21,43,13,21,31,52,78,58,3,21,39,14,30,15,10,19,12,25,5,7,10,7
563,620,6891,3223,123,2725,120,33,4,2781,13,28,3,781,922,1,2,4,162,120,89,65,718,50,615,364,1,48,391,988,551,670,98,291,160,224,70,559,14,231,22,96,1,405,120,232,16,51,167,67,108,3,115,45,39,7,11,73,18,14,103,26,96,21,2,10,48,85,40,7,6,9,16,41,8,25,7,5
576,716,6917,4100,321,2535,310,29,2,2842,26,21,5,1093,2412,1,3,7,148,192,238,51,1673,90,480,643,2,133,443,1375,1067,838,207,488,267,553,76,882,36,426,51,48,2,530,145,413,52,113,133,157,182,7,265,116,51,22,31,63,23,27,68,75,194,73,3,17,80,240,50,31,19,17,21,57,13,26,15,8
560,658,7205,3984,258,2597,265,28,2,3054,21,22,5,1074,2347,1,3,6,144,188,199,52,1697,78,493,646,1,112,441,1460,1055,870,189,528,271,541,72,890,29,426,44,61,2,552,141,416,43,107,166,162,177,6,260,114,47,19,25,72,26,27,76,71,194,63,3,17,82,216,50,25,15,16,23,61,13,29,14,8
494,448,7299,2584,44,2855,51,29,5,3172,4,32,2,621,551,1,2,2,149,90,35,71,501,25,696,278,0,19,351,962,389,641,54,276,128,139,55,452,5,171,10,220,1,385,99,177,5,30,308,49,77,1,74,28,27,2,4,106,22,9,157,13,68,8,1,7,39,40,34,2,2,4,17,43,6,31,4,4
2400,11159,2563,4525,4673,2734,485,465,19,300,1971,51,12,435,29,3,6,31,1141,35,717,241,8,896,1430,27,18,220,389,33,46,92,112,1,11,7,727,66,388,16,154,0,28,38,185,14,71,7,-1,-1,30,3,4,0,367,13,281,1,-1,1,22,0,3,11,14,4,1,34,20,18,58,36,-1,0,4,0,1,1
341,209,9184,2191,13,2885,26,15,4,5368,0,29,1,642,944,1,1,1,94,105,15,55,1117,10,604,437,0,9,335,1961,579,961,41,800,206,238,30,655,1,266,4,750,0,625,83,287,2,38,1511,131,89,1,122,56,14,1,1,263,64,13,254,20,117,6,0,7,72,36,38,1,0,2,40,101,5,67,5,6
919,1742,5073,4241,746,2627,351,73,4,1391,106,29,7,812,576,2,4,11,290,111,333,86,308,188,694,231,4,153,427,418,385,413,168,81,96,138,159,383,76,150,72,15,6,228,157,142,56,47,19,22,102,5,74,23,97,18,62,21,4,11,48,20,56,39,5,11,24,126,37,25,26,22,5,14,9,9,7,4
2267,7746,2439,2287,344,3273,34,623,79,265,297,101,5,166,1,3,3,7,1465,9,48,467,0,180,2830,4,6,12,270,12,6,46,13,-1,2,0,601,17,35,2,16,8,13,16,108,2,2,0,0,-1,6,-1,0,-1,186,0,19,2,-1,-1,67,-1,0,-1,5,0,-1,1,10,-1,3,5,-1,-1,0,0,-1,0
638,825,6279,3532,222,2647,177,40,3,2288,24,27,4,812,898,2,3,6,185,123,141,68,624,76,611,341,1,73,402,805,535,597,122,216,146,216,88,527,25,219,33,54,2,354,130,215,26,54,90,54,112,4,111,42,51,10,20,51,13,14,79,27,89,28,3,11,42,106,39,12,10,12,12,32,9,19,7,5
289,143,9894,1797,4,2971,12,12,5,6421,0,32,1,541,701,1,1,0,81,87,6,55,974,5,642,383,-1,3,305,2152,475,990,25,914,188,182,22,592,0,228,2,1679,0,649,70,254,0,27,3078,122,71,0,95,44,9,0,0,398,85,10,373,13,99,2,0,5,69,20,34,0,0,1,47,119,4,87,4,5
619,777,6617,3692,232,2663,200,36,3,2523,23,26,4,890,1201,2,3,6,174,141,156,63,845,77,580,415,1,83,417,971,659,674,140,285,177,285,83,621,26,269,36,57,2,408,135,264,30,66,109,76,129,4,144,57,50,12,21,57,16,17,79,36,113,36,3,12,52,131,43,15,12,13,15,39,10,22,9,6
868,1517,5142,3819,478,2665,239,70,5,1448,71,31,6,724,445,2,4,9,280,96,220,89,254,140,732,201,3,102,404,402,322,398,127,76,85,108,144,341,50,128,50,22,4,218,144,123,36,37,24,18,87,4,59,18,82,12,40,24,4,9,58,14,47,25,4,9,22,88,34,15,17,16,5,14,8,9,5,4
752,1222,5887,4533,692,2541,451,47,2,1953,71,23,7,1040,1511,2,4,11,209,166,391,63,878,163,545,445,3,200,454,804,760,617,235,218,182,348,117,651,72,295,80,21,4,367,162,279,78,91,43,72,158,8,173,66,79,28,62,33,10,21,50,51,124,77,5,16,50,236,46,42,32,25,11,30,13,15,12,7
1692,6735,3523,7076,13328,2386,2604,179,4,614,2203,25,19,1093,670,3,9,55,551,142,3358,101,209,1432,667,205,20,1322,523,189,409,273,558,25,77,151,446,341,1038,141,531,0,25,139,252,121,555,78,0,11,142,17,80,22,341,121,949,3,0,14,14,33,50,209,19,18,16,433,40,274,295,102,1,4,16,2,11,5
1442,4537,3847,5618,4322,2522,1052,150,5,744,769,29,13,878,424,3,7,30,488,109,1242,108,159,673,751,165,12,500,471,199,302,274,300,26,65,99,335,287,373,110,228,2,16,140,206,97,193,48,2,9,104,9,54,14,224,48,318,6,1,10,23,18,38,81,12,13,14,204,36,85,105,53,1,5,11,3,7,4
756,1207,5864,4327,578,2586,373,49,3,1925,63,25,6,968,1215,2,4,10,216,150,323,67,719,147,578,390,3,163,444,738,655,583,202,190,161,283,117,586,61,257,68,24,4,343,156,244,62,76,44,59,141,7,143,53,76,23,51,34,9,18,54,41,106,60,5,14,44,189,43,32,26,22,10,27,12,15,10,6
1778,5573,3104,3378,930,2936,150,306,23,454,383,58,7,355,22,3,4,13,850,28,189,235,9,293,1542,26,7,62,347,47,39,109,53,2,11,5,431,65,90,15,49,5,13,47,142,14,18,4,0,0,23,1,3,0,188,4,60,4,-1,1,45,0,3,3,7,2,1,15,18,4,14,14,0,0,3,1,0,1
1519,4810,3779,5340,3637,2616,828,170,6,699,729,32,12,787,286,3,6,28,540,92,990,122,108,620,845,129,11,387,460,164,231,244,242,19,51,68,356,237,318,85,190,2,16,121,200,76,144,36,1,5,86,7,38,9,225,35,263,6,0,7,25,12,28,55,11,10,11,145,33,58,82,45,1,4,10,3,5,3
753,828,4860,1469,11,3334,5,94,36,1290,4,75,1,196,11,2,1,0,363,15,4,206,9,13,1764,22,0,1,241,113,25,165,6,10,11,3,101,59,1,12,1,291,1,77,67,13,0,1,56,0,11,-1,2,0,29,-1,0,41,1,0,263,-1,2,-1,0,0,2,1,14,-1,-1,0,1,4,1,8,-1,0
410,307,8096,2348,23,2858,35,21,4,4055,2,31,2,618,682,1,1,1,119,95,22,63,708,15,652,336,0,12,340,1329,456,767,45,448,156,172,41,527,3,205,6,406,0,478,90,217,3,32,664,76,80,1,91,37,19,2,2,164,36,10,199,16,85,6,1,7,51,36,35,1,1,3,25,64,5,45,4,5
537,559,7345,3288,113,2761,122,29,3,3141,11,27,3,837,1176,1,3,4,150,134,88,61,948,46,592,435,1,49,402,1202,659,759,105,387,190,283,65,648,13,277,22,114,1,469,121,279,17,59,223,91,120,3,143,59,37,8,10,87,24,16,109,32,118,24,2,11,58,97,42,8,6,9,20,52,9,30,8,6
1154,2865,4628,5454,2476,2563,876,98,4,1102,348,26,11,998,793,2,6,22,358,138,924,87,346,432,659,264,8,409,483,361,477,393,307,65,105,183,232,425,227,177,173,5,10,214,197,160,161,69,7,23,133,10,96,30,159,46,197,12,2,15,30,31,66,95,9,15,25,250,41,79,77,44,4,11,13,6,10,5
312,170,9753,2005,7,2961,18,13,4,6090,0,31,1,602,863,1,1,0,86,98,10,55,1117,7,623,428,-1,6,324,2165,549,1011,32,919,206,221,26,648,0,258,3,1181,0,663,77,283,1,33,2333,137,82,0,114,53,11,0,0,341,79,12,315,17,113,4,0,6,74,28,37,0,0,1,46,116,5,80,4,5
2253,10081,2725,4829,5245,2690,611,395,15,342,1902,46,13,502,48,3,6,34,1008,44,880,210,14,932,1273,37,17,282,408,45,65,110,142,2,15,12,662,86,434,23,181,0,27,47,193,21,94,10,-1,0,39,4,7,1,355,18,325,1,-1,2,21,1,6,18,14,5,2,50,22,27,72,41,0,0,5,0,1,1
775,1100,5394,2905,143,2854,82,66,8,1603,25,38,3,527,200,2,2,4,272,63,70,105,136,64,895,129,1,32,354,346,187,352,58,59,58,51,115,240,16,79,19,58,3,189,115,79,10,17,43,10,54,1,29,8,55,3,11,34,4,5,96,5,27,7,2,5,15,31,28,3,5,7,5,12,5,11,2,3
706,1041,6238,4268,471,2614,342,43,3,2186,48,24,6,1001,1441,2,4,9,197,160,286,64,899,125,561,446,2,148,447,885,743,651,199,249,185,335,104,656,50,294,61,31,3,391,153,282,57,83,63,76,150,7,167,65,67,22,43,41,12,20,60,47,124,61,4,15,52,196,45,30,23,20,13,34,12,18,11,7
678,973,6249,4158,427,2579,323,41,3,2236,43,24,6,989,1475,2,4,8,188,159,266,62,937,116,548,454,2,139,439,917,753,660,192,264,189,343,98,664,46,298,57,33,3,398,149,287,53,83,69,81,149,6,171,67,63,21,39,44,13,20,61,47,127,59,4,15,53,192,45,28,21,19,13,35,12,18,11,7
568,618,6725,2992,97,2764,91,35,4,2647,11,30,3,695,649,1,2,3,170,102,68,71,516,43,667,292,1,35,374,842,432,602,78,228,130,160,71,468,11,183,17,110,1,358,113,185,11,38,161,47,89,2,85,32,37,5,8,72,16,11,113,18,73,14,2,8,38,61,36,5,4,7,14,35,7,24,5,5
898,1769,5292,5006,1311,2516,660,63,3,1529,150,24,8,1055,1274,2,5,16,258,161,624,70,648,262,571,378,5,301,470,592,668,520,284,138,152,292,157,569,128,253,121,11,6,299,179,234,119,88,20,49,155,9,147,52,108,39,112,21,6,19,38,47,103,96,7,17,39,270,45,64,51,34,7,20,13,10,12,6
1278,3548,4227,5510,3207,2535,951,119,4,912,504,27,12,936,587,2,6,26,413,123,1058,96,239,530,699,210,9,448,476,272,383,330,302,42,83,137,275,352,286,140,196,3,12,174,201,126,175,58,4,14,118,9,73,21,186,47,246,8,1,12,26,24,51,88,10,14,19,226,38,81,89,48,2,8,12,4,8,4
510,480,7094,2617,50,2833,54,30,5,2995,5,32,2,618,524,1,2,2,155,89,38,72,465,27,700,266,0,20,351,894,375,614,55,248,122,132,59,435,6,164,10,193,1,366,100,169,6,30,261,44,76,1,71,27,29,3,4,96,19,9,148,13,65,8,1,7,37,40,34,2,2,5,15,39,6,29,4,4
1150,2559,4244,3767,702,2746,227,122,9,931,150,38,6,576,162,2,4,11,426,64,236,126,80,201,947,99,5,96,388,185,157,250,101,23,42,40,222,192,71,62,55,12,7,125,147,59,32,19,7,4,56,3,24,6,117,9,53,12,1,4,50,5,19,14,5,6,9,51,28,11,18,17,2,5,6,5,3,2
1648,6160,3575,6480,9034,2454,1827,179,4,630,1601,27,17,981,501,3,8,45,553,122,2310,108,165,1118,722,174,17,904,501,177,336,260,428,22,67,115,421,299,728,118,388,1,22,131,234,102,365,60,0,8,120,13,62,16,303,82,644,4,0,11,17,23,41,137,16,15,14,305,38,169,200,80,1,4,13,2,9,4
823,1558,5684,5529,1656,2427,969,50,2,1805,152,20,9,1303,2630,2,6,18,216,222,887,57,1346,289,476,604,5,453,501,884,1108,669,411,254,237,583,139,831,160,413,160,10,6,404,191,379,192,150,27,107,220,14,278,111,106,65,148,25,10,31,34,98,182,186,7,23,63,485,53,119,75,43,11,31,18,13,20,8
439,348,7724,2340,26,2879,35,24,5,3640,2,32,2,585,533,1,1,1,131,86,23,68,535,17,694,283,0,12,336,1100,383,685,43,337,132,136,46,458,3,172,6,351,0,417,90,182,3,28,501,55,72,1,73,29,21,1,2,140,28,9,192,12,69,5,1,6,42,32,34,1,1,3,20,51,5,38,4,4
1454,3711,3382,2924,436,2925,91,227,22,567,166,57,5,331,24,3,3,8,679,27,105,213,11,169,1477,28,5,36,324,61,41,124,40,4,12,6,313,70,45,16,29,11,8,55,124,16,10,4,2,0,22,0,4,0,130,2,29,6,0,1,59,0,4,2,5,2,2,11,18,2,7,9,0,1,2,2,0,1
610,719,6380,3083,124,2743,104,39,5,2362,15,30,3,687,580,2,2,4,186,98,80,74,437,52,682,266,1,41,375,724,397,551,82,182,118,143,80,432,14,167,20,85,2,322,117,167,13,36,115,38,87,2,76,27,43,5,11,59,12,10,101,16,65,15,2,8,34,62,35,5,5,8,11,29,7,20,5,4
472,446,7618,3124,87,2674,109,23,3,3545,7,25,3,848,1456,1,2,3,127,142,75,54,1249,37,541,506,0,43,390,1472,762,844,101,532,222,349,53,731,10,323,19,146,1,535,114,327,15,66,332,127,128,3,173,75,31,7,8,108,32,18,117,39,143,24,2,11,70,102,43,7,5,8,25,66,9,36,9,7
2047,9087,3070,6196,10694,2534,1536,281,7,443,2589,33,17,782,198,3,8,49,776,84,2133,146,59,1370,913,92,21,754,477,92,175,175,322,8,36,47,586,179,840,61,373,0,29,81,232,53,287,32,0,2,80,9,27,5,385,58,704,2,0,6,16,9,18,76,18,11,6,173,31,111,183,75,0,1,10,1,5,3
400,284,8084,2149,16,2905,25,21,5,4062,1,33,1,552,507,1,1,1,119,82,16,67,551,12,698,282,0,9,324,1214,372,718,35,390,134,131,39,458,2,170,4,519,0,442,84,182,2,25,743,59,68,1,70,28,17,1,1,175,34,8,229,11,69,4,0,5,44,26,33,0,0,2,23,59,4,45,3,4
651,870,6262,3716,273,2625,214,40,3,2267,29,26,5,863,1045,2,3,6,186,133,172,66,705,87,591,372,2,89,413,836,593,615,141,229,158,248,91,565,30,240,39,46,2,367,136,234,32,61,82,61,122,4,127,48,55,13,25,48,13,16,73,32,99,36,3,12,45,127,41,16,13,14,12,33,10,19,8,6
