49,197,165,4,360,17,22,53,42,83,24,2,25,90,27,35,18,13,2,24,24,20,77,33,5,433,17,3,170,14,5,23,12,13,16,18,0,2375,45,61,10,54,1,1,56,52,32,70,7,3,2752,11,0,12,48,586,52,71,8,126,144,27,14,11,178,36,50,17,6,0,34,20,1,48,97,8,29,20
69,367,75,8,224,32,56,72,100,246,35,2,74,151,44,35,31,22,18,33,72,27,86,171,6,831,48,7,206,23,14,14,51,16,29,18,10,968,66,153,51,88,1,3,112,108,83,64,4,4,2335,10,2,26,53,1069,115,65,13,119,276,82,41,11,335,98,26,10,10,4,65,30,3,144,137,12,30,40
43,752,62,10,2433,16,213,120,183,214,158,3,22,469,102,22,76,61,440,75,185,153,470,164,3,1091,167,3,1453,31,33,95,55,25,42,31,19,5838,47,539,50,229,0,21,280,388,685,483,22,5,2010,14,3,51,115,973,42,336,16,155,907,279,245,17,834,186,92,17,11,5,253,76,2,634,261,31,205,323
117,85,160,4,7,65,3,27,24,163,2,1,256,19,9,72,5,3,0,7,8,1,5,70,14,378,3,18,8,11,2,0,20,7,11,7,0,102,90,12,21,15,1,0,18,9,1,2,0,3,3266,7,0,5,15,880,337,5,7,83,30,6,1,6,57,20,5,5,6,0,5,5,2,7,41,2,1,0
78,151,139,5,55,35,12,41,39,139,9,1,90,49,18,49,12,7,0,15,19,6,24,64,8,461,10,9,45,14,4,4,20,10,15,12,1,471,67,35,20,33,1,0,38,28,10,16,1,3,2875,9,0,10,29,791,143,21,9,102,80,17,5,8,119,34,16,9,6,0,16,12,2,25,70,5,7,5
84,170,121,5,49,41,14,44,46,174,10,1,113,54,19,49,13,8,0,16,23,6,24,89,9,525,12,10,46,15,5,4,26,10,17,12,2,390,73,42,27,36,1,0,44,32,12,15,1,3,2810,9,0,11,29,896,170,20,9,102,90,21,7,8,134,41,14,8,7,1,18,13,2,31,75,5,7,6
63,11,1127,0,5,18,0,9,1,11,0,1,35,2,1,89,0,0,0,2,0,0,1,0,11,64,0,5,1,2,0,0,0,3,1,5,0,331,41,0,0,2,2,0,1,0,0,0,0,1,5084,7,0,0,7,206,80,2,2,80,2,0,0,4,6,0,13,16,1,0,0,0,0,0,12,0,0,0
46,400,98,7,972,16,73,81,92,137,65,2,24,214,55,27,39,29,40,44,71,59,198,78,4,707,57,3,523,21,14,48,27,18,27,24,4,3763,47,193,24,115,1,6,131,150,162,193,13,4,2330,12,1,26,76,769,47,160,11,140,380,94,64,14,402,87,69,17,8,1,98,40,2,187,164,17,81,88
57,221,131,5,243,22,25,55,52,116,23,2,39,93,29,36,19,14,3,24,30,18,66,55,5,511,20,5,147,16,6,16,18,13,18,17,1,1492,52,71,17,56,1,1,63,57,34,55,5,3,2632,11,0,14,45,706,73,58,9,120,155,34,16,10,196,46,36,14,6,0,36,20,2,57,100,8,24,20
68,257,103,6,158,30,30,59,66,176,22,2,67,100,31,39,22,15,4,25,41,17,58,99,6,633,26,7,127,19,8,11,31,13,22,16,4,898,63,86,30,61,1,1,73,65,38,43,3,4,2568,10,1,17,44,896,109,47,11,115,172,44,19,10,223,61,25,10,8,2,39,21,2,72,107,9,20,20
54,591,65,10,911,22,132,101,153,244,89,2,39,310,75,27,56,42,138,55,136,78,241,186,4,1028,109,4,675,29,25,43,58,21,38,25,17,2704,56,346,56,162,1,11,204,245,312,215,11,5,2141,12,3,41,85,1060,68,174,15,140,589,184,128,15,605,154,54,13,11,5,153,54,3,376,208,22,96,147
117,237,72,8,23,75,22,51,77,393,10,1,304,65,24,54,17,10,1,17,43,6,19,294,12,807,21,19,38,21,9,1,73,11,25,10,12,149,102,66,85,44,1,0,62,44,16,10,0,4,2583,8,1,18,27,1417,361,14,13,94,117,38,11,8,182,76,6,5,10,5,23,15,4,53,86,6,5,7
62,364,84,8,325,27,57,73,94,204,40,2,54,160,45,33,32,23,20,35,68,32,104,131,5,777,48,6,254,22,13,19,41,16,28,19,7,1399,60,154,40,92,1,4,113,113,92,84,5,4,2369,11,1,25,58,964,90,81,12,125,288,80,43,12,339,91,34,11,9,3,69,32,2,145,141,13,38,47
76,365,74,8,172,37,53,72,103,277,31,2,93,143,42,37,30,21,15,31,72,23,74,199,7,867,47,8,175,24,14,11,57,16,30,17,12,764,72,147,59,84,1,3,110,103,73,53,3,4,2382,10,2,26,50,1152,138,55,14,117,262,81,38,11,327,101,22,9,10,4,60,29,3,137,134,12,25,35
43,41,601,1,94,11,1,20,6,17,3,1,14,15,6,51,3,2,0,7,1,2,14,2,6,128,0,2,23,5,0,9,1,6,4,11,0,1924,33,4,0,11,1,0,8,5,0,14,4,2,3912,10,0,1,21,255,36,19,3,108,19,1,0,7,31,4,45,25,2,0,3,4,0,2,33,1,5,0
52,1272,35,16,2333,24,477,160,358,453,244,3,41,776,157,21,123,98,2357,101,439,229,627,516,3,1788,395,4,2112,46,70,85,148,30,67,32,97,3883,60,1192,149,362,0,45,507,757,1698,579,18,6,1773,13,7,96,135,1475,67,387,22,154,1651,689,630,18,1454,402,68,12,17,18,468,113,4,1631,360,46,267,660
96,712,37,14,168,60,150,104,241,707,55,2,197,273,74,35,57,39,134,47,215,40,109,827,8,1619,140,14,286,39,39,10,198,20,54,18,95,471,97,403,230,152,1,9,234,242,234,68,2,6,2051,10,5,58,62,1946,240,68,21,118,562,254,127,12,663,268,15,6,17,22,133,48,5,456,203,19,36,88
61,252,111,6,219,25,31,59,62,148,25,2,50,104,32,36,22,15,5,26,39,19,68,78,6,589,26,5,153,18,8,14,25,14,21,17,3,1228,57,86,24,63,1,2,73,67,42,54,4,4,2551,10,1,16,46,806,87,57,10,118,178,43,20,11,224,57,31,12,7,1,41,22,2,73,108,9,24,23
91,227,89,7,50,49,23,52,66,255,13,1,150,72,25,47,17,11,1,19,37,8,29,161,9,680,20,12,59,19,8,4,45,12,22,12,6,326,81,66,48,47,1,1,61,47,20,17,1,4,2599,8,1,16,32,1104,208,23,11,101,126,36,12,9,182,62,12,7,9,3,26,16,3,53,89,6,8,10
66,140,170,4,88,27,11,41,33,100,10,1,56,49,17,46,11,7,0,16,15,7,29,40,7,398,9,6,56,12,3,7,13,10,14,13,0,780,57,32,12,33,1,0,36,27,10,22,2,3,2957,9,0,8,31,660,99,27,8,108,78,15,5,9,113,28,23,12,5,0,16,12,1,22,70,5,9,6
61,130,194,4,110,23,10,40,29,82,10,1,43,48,17,44,11,7,0,15,13,8,32,29,7,359,8,5,61,12,3,8,10,10,12,14,0,1021,52,29,9,32,1,0,33,25,9,25,3,3,3023,10,0,7,32,588,81,31,7,111,74,13,5,9,106,24,28,14,5,0,16,12,1,20,68,5,10,6
63,102,217,3,70,24,6,33,22,72,7,1,48,35,13,48,8,5,0,12,9,5,21,24,7,308,5,6,39,10,2,6,8,9,10,12,0,769,53,20,7,24,1,0,25,17,5,16,2,3,3117,9,0,6,26,547,89,21,6,104,53,8,2,8,80,18,23,13,4,0,10,9,1,12,56,3,6,3
86,308,74,8,88,46,38,63,90,299,21,2,133,107,34,42,24,16,7,25,58,14,47,214,8,825,35,11,104,22,12,6,59,14,28,14,11,452,80,109,63,66,1,2,88,75,43,30,2,4,2450,9,1,22,41,1206,185,35,13,108,195,60,24,10,261,89,15,7,10,4,43,23,3,96,114,9,15,20
80,387,65,9,145,42,58,73,113,325,31,2,113,147,44,38,32,22,18,31,81,22,70,252,7,938,51,10,165,25,16,9,70,16,32,16,16,616,77,160,74,87,1,3,117,109,77,48,2,5,2314,10,2,28,49,1255,160,51,14,114,273,90,41,11,344,114,19,8,11,6,63,29,3,152,136,12,23,35
38,244,168,5,1054,11,34,62,48,66,44,2,12,134,36,28,25,19,8,33,31,41,155,25,3,441,25,2,377,15,6,55,10,15,17,23,0,5747,37,91,8,75,1,3,75,80,69,167,17,3,2624,13,0,14,66,514,30,144,8,142,218,40,26,13,238,41,94,24,5,0,55,28,1,77,121,12,65,45
79,199,111,6,73,37,19,49,53,179,13,1,97,68,23,45,16,10,1,19,29,9,33,97,8,568,16,9,66,17,6,5,29,11,19,13,3,506,70,55,29,44,1,0,53,41,18,22,2,4,2699,9,1,13,33,908,148,27,10,106,114,28,10,9,162,48,16,9,7,1,24,15,2,43,85,6,10,10
80,966,32,16,431,46,264,128,314,690,102,2,125,436,106,29,82,60,516,65,326,81,217,859,6,1835,238,10,630,44,55,21,214,24,63,23,129,934,85,689,240,226,1,19,345,412,566,153,5,6,1897,11,6,78,85,1897,164,130,23,129,925,430,270,14,974,357,25,7,18,25,235,70,5,859,264,28,79,208
101,516,43,12,91,65,87,84,173,603,33,2,228,179,53,40,40,26,39,35,135,23,65,626,9,1323,81,15,156,33,26,6,151,17,43,15,55,323,98,238,176,105,1,5,159,147,108,38,1,5,2164,9,4,42,48,1778,274,42,18,109,354,148,63,11,453,187,11,5,14,15,80,34,5,245,157,14,20,43
142,398,42,12,22,109,50,69,149,817,15,1,551,107,37,52,27,17,9,23,100,9,26,892,13,1312,51,28,56,31,20,1,193,14,40,11,63,102,129,144,245,69,1,2,111,85,41,12,0,6,2308,7,3,34,32,2135,558,17,19,94,211,94,29,9,314,162,5,3,15,18,43,22,6,136,119,9,7,15
79,111,179,4,38,35,7,34,27,108,6,1,88,34,13,54,8,5,0,12,11,4,16,42,9,368,6,9,29,11,2,3,13,9,12,11,0,414,65,21,13,24,1,0,26,17,4,10,1,3,3115,9,0,7,24,692,143,15,7,99,52,10,2,8,84,23,14,9,5,0,10,9,2,13,56,3,4,3
62,763,48,12,772,29,194,115,216,377,104,2,59,385,92,27,69,52,298,62,210,89,257,357,5,1339,165,6,743,35,37,36,102,23,48,25,42,1926,66,504,105,198,1,16,271,332,461,211,9,5,2011,12,4,57,89,1350,93,171,18,138,771,286,198,15,786,230,42,11,14,10,201,64,4,588,240,26,100,195
66,587,54,11,443,32,123,97,167,342,68,2,70,270,70,30,52,38,107,49,145,55,164,296,5,1149,106,7,440,31,27,23,85,20,41,21,28,1347,68,327,87,146,1,9,197,219,241,127,6,5,2112,11,3,43,72,1279,107,113,16,129,525,184,111,13,576,173,33,10,12,8,131,48,3,353,194,20,61,106
140,1066,19,21,69,121,261,124,451,1879,56,2,630,345,95,38,76,50,376,51,456,36,87,3479,10,2710,267,29,232,57,76,4,662,22,83,16,597,149,143,703,894,192,1,13,357,359,354,42,0,8,1812,8,11,101,58,3341,580,45,31,105,785,516,226,12,965,561,6,3,26,89,180,57,9,893,240,23,26,106
93,192,102,6,40,49,17,47,55,226,10,1,153,59,21,51,14,9,0,17,29,6,23,131,9,607,15,12,45,17,6,3,37,11,20,12,4,296,81,50,39,39,1,0,50,36,13,14,1,4,2737,8,1,13,29,1041,214,19,11,100,100,27,8,8,151,51,11,7,8,2,20,14,3,38,79,5,6,7
59,84,278,3,74,20,4,30,17,53,6,1,37,29,11,49,7,4,0,11,6,4,20,15,7,256,3,5,35,9,1,6,5,8,9,12,0,951,48,14,4,20,1,0,20,13,3,15,2,2,3339,10,0,4,25,468,74,21,5,106,42,6,1,8,65,13,27,15,4,0,8,8,1,8,50,3,6,2
164,225,56,9,6,131,18,47,84,652,5,1,786,49,20,66,14,8,0,13,44,3,9,585,16,938,19,36,17,23,9,0,126,10,27,8,25,47,138,56,163,35,1,0,55,34,9,3,0,5,2567,6,2,19,20,1888,763,6,15,81,91,36,8,7,159,87,2,2,12,10,17,12,5,44,75,4,2,3
80,1532,23,21,743,49,564,170,525,1012,185,3,133,753,164,25,132,99,2700,94,654,153,380,1596,5,2580,511,10,1229,59,102,31,376,30,89,27,357,1150,90,1435,433,365,0,42,594,805,1529,272,7,7,1727,11,11,130,112,2347,167,209,29,139,1705,940,689,17,1645,635,29,7,23,52,455,109,6,2045,369,44,143,503
52,1020,43,14,1846,23,331,141,279,373,185,3,39,600,128,22,98,77,1051,86,312,171,486,376,4,1517,273,4,1553,40,52,72,111,27,57,30,57,3630,59,836,110,289,0,31,391,550,1054,447,16,6,1879,13,5,75,120,1331,65,314,20,151,1234,471,401,17,1133,304,66,13,15,12,342,92,4,1070,309,38,204,435
22,103,511,2,2483,3,9,40,14,13,29,2,2,67,19,27,12,9,0,23,6,30,147,1,2,172,6,0,325,7,1,128,0,11,7,25,0,24063,20,26,0,39,1,0,29,30,20,220,44,2,3271,15,0,4,61,211,8,182,4,156,92,8,6,12,100,10,263,57,2,0,23,16,0,17,77,7,69,19
75,292,89,7,138,36,37,63,79,225,24,2,88,110,34,40,24,16,6,26,51,17,58,142,7,732,32,8,129,21,10,9,42,14,25,16,7,727,70,103,43,67,1,2,84,74,45,41,3,4,2528,10,1,20,44,1033,134,45,12,115,195,55,24,10,254,76,21,9,9,3,44,23,3,89,115,10,19,23
59,178,147,5,164,23,17,47,41,104,16,2,43,70,23,39,15,10,1,20,22,12,47,45,6,447,14,5,99,14,5,11,15,11,16,15,1,1180,53,50,14,44,1,1,49,41,20,38,4,3,2736,10,0,11,39,664,79,43,8,114,114,23,10,10,152,36,30,13,6,0,25,16,1,38,85,7,16,12
376,76,31,115,698,14,11,24,167,37,17,61,3,10,1,333,6,41,132,216,13,1,150,27,8,3,113,4,195,68,23,1496,3,11,2,5,2,56,3,63,139,572,196,35,95,130,573,223,948,0,1246,3,18,667,168,15,70,1055,66,29,63,10,68,36,368,92,4393,137,29,1,342,2121,1,56,216,195,229,91
531,141,14,190,420,28,28,33,389,111,23,62,12,17,2,338,11,67,812,285,39,2,165,141,10,7,306,9,231,110,60,897,13,13,4,4,25,21,5,156,649,917,190,73,187,266,1414,198,527,0,1063,3,42,1420,182,28,159,946,104,27,119,31,190,38,685,244,2262,77,49,10,637,3122,3,165,301,279,233,173
312,340,10,255,6901,12,142,62,821,99,145,84,2,68,8,194,33,224,37214,753,127,20,1229,146,5,10,1385,3,2354,157,162,8156,16,22,7,9,55,179,3,723,680,2891,152,517,569,1240,17899,2127,3266,0,877,4,73,3224,453,26,50,6499,129,37,506,141,1636,58,2073,543,9554,145,59,15,3256,9316,3,1006,655,812,2198,2074
983,25,34,90,7,64,0,10,75,70,0,38,56,1,0,782,1,7,0,54,3,0,6,51,25,2,16,27,5,47,7,39,4,5,1,1,1,1,7,8,247,118,274,1,22,15,16,4,43,0,1561,1,11,257,42,22,572,51,57,17,8,1,3,18,85,40,358,41,27,1,35,460,2,4,74,43,6,2
623,51,28,113,78,32,4,17,136,61,5,49,17,4,0,492,3,21,17,120,8,0,37,50,14,3,56,12,40,63,16,256,4,8,2,3,3,8,5,30,243,303,226,11,56,57,134,39,207,0,1335,2,17,498,90,20,215,257,67,23,29,5,21,27,212,75,1221,70,31,2,136,1132,2,23,141,104,46,19
682,58,24,126,70,38,5,19,161,77,5,50,22,4,0,505,4,23,24,128,10,0,37,70,15,4,68,14,40,70,20,230,6,8,2,3,5,7,6,35,333,334,230,13,64,66,158,38,184,0,1320,2,20,581,92,23,259,251,74,23,32,6,26,27,241,92,1074,63,35,3,153,1225,2,28,151,112,46,22
562,3,258,22,5,19,0,3,5,4,0,30,8,0,0,1010,0,0,0,15,0,0,1,0,20,0,0,8,0,11,0,40,0,2,0,1,0,4,3,0,5,19,329,0,1,0,0,1,67,0,2523,2,0,25,20,5,145,22,16,17,0,0,0,13,9,1,816,115,6,0,2,97,0,0,21,9,1,0
345,169,18,177,2316,13,43,40,390,63,53,72,3,28,3,253,15,101,2592,419,44,6,455,67,6,6,427,4,724,106,65,3634,7,16,4,7,13,102,3,230,326,1350,172,147,246,429,3521,729,1811,0,1042,3,38,1542,284,20,60,2744,95,33,191,42,367,47,920,237,6590,141,43,5,1125,4646,2,259,389,416,753,475
437,84,25,129,447,18,12,25,199,52,15,59,6,10,1,350,6,42,156,212,16,1,125,44,9,4,131,6,161,75,28,1015,4,11,2,4,4,33,4,71,220,584,197,36,104,138,582,168,653,0,1197,3,22,768,155,18,100,833,74,27,66,12,75,35,395,113,3069,107,33,2,348,2121,2,64,219,194,182,86
523,94,19,149,270,26,14,26,246,77,14,57,11,10,1,374,7,43,190,208,20,1,102,79,10,5,155,9,131,85,34,655,8,11,3,4,9,18,4,81,376,603,199,37,116,148,595,122,429,0,1154,2,28,909,144,23,152,641,84,26,70,15,83,33,431,145,2053,81,39,5,358,2137,2,76,224,194,141,80
393,246,11,232,2141,18,77,49,634,110,71,74,5,40,5,242,22,141,8745,513,83,8,545,158,6,9,792,5,923,139,114,3214,16,18,6,7,45,72,4,407,727,1855,165,244,376,690,6711,802,1497,0,933,3,61,2404,313,28,84,2939,120,32,291,81,723,49,1365,414,5091,108,56,14,1734,6083,3,513,484,534,882,783
947,77,14,170,29,69,8,21,257,172,4,47,61,5,1,555,4,26,45,130,18,0,27,225,20,6,106,27,30,92,32,106,18,8,3,2,24,2,8,51,994,378,231,15,85,83,191,22,85,0,1201,2,33,856,82,37,562,162,98,20,39,11,37,25,306,160,509,37,48,12,178,1318,4,45,166,119,31,22
475,143,15,183,645,23,29,34,374,92,28,65,8,18,2,318,12,72,968,309,38,2,209,109,9,6,315,7,300,107,58,1284,11,14,4,5,19,33,4,163,513,984,188,84,194,288,1673,271,729,0,1075,3,40,1399,202,25,122,1226,100,29,130,32,211,40,714,231,3026,92,46,8,707,3375,3,174,316,302,308,212
572,135,13,191,301,31,25,32,383,122,20,60,15,15,2,355,10,61,632,262,37,1,135,159,11,7,282,11,184,109,58,683,15,12,4,4,27,16,5,142,726,841,193,63,175,239,1167,153,415,0,1062,2,42,1378,166,30,189,766,104,26,108,29,165,36,638,242,1840,69,49,11,563,2861,3,148,284,255,185,140
349,14,123,41,135,10,0,8,24,7,1,45,2,1,0,513,0,6,0,61,0,0,23,1,10,0,6,3,20,24,2,483,0,5,0,2,0,37,2,4,12,105,244,1,13,11,16,34,475,0,1828,2,2,106,67,6,54,237,27,24,6,0,1,23,55,10,3413,184,11,0,33,464,0,1,66,45,32,3
372,577,5,375,6718,18,324,83,1610,209,226,88,5,114,13,183,54,362,206842,1021,303,32,1657,458,5,17,3298,5,3471,228,347,7385,44,27,12,10,281,119,4,1615,2000,4587,144,1071,1035,2443,45282,2585,2681,0,765,4,140,6007,532,39,78,7543,180,37,930,354,4284,63,3636,1177,7102,104,85,51,6083,13850,4,2628,903,1177,2894,4315
716,266,6,312,303,50,73,47,903,313,36,64,33,30,4,332,20,115,5603,392,114,3,202,669,12,14,852,17,309,177,153,624,53,16,8,4,217,10,7,398,2814,1529,183,163,378,573,3838,202,334,0,905,2,97,3048,207,51,323,951,160,26,236,94,566,40,1314,646,1306,46,79,52,1261,4793,6,506,432,415,269,363
478,97,21,146,403,22,15,27,242,67,16,60,8,11,1,356,7,47,232,227,20,1,129,64,9,5,164,7,169,84,34,916,6,11,3,4,7,27,4,87,311,654,198,43,122,162,712,165,581,0,1174,3,27,914,160,21,122,821,82,27,76,16,94,35,456,142,2688,95,38,4,402,2330,2,82,238,212,184,99
726,78,17,153,72,44,9,22,231,112,7,51,28,6,1,476,5,30,65,151,17,0,45,127,15,5,111,16,52,85,30,226,11,9,3,3,13,5,6,56,580,431,219,20,89,96,270,43,170,0,1202,2,28,809,101,29,311,280,88,22,46,11,46,28,327,139,936,53,42,7,219,1526,3,49,180,138,56,34
531,49,34,103,135,24,4,18,120,44,6,51,10,4,0,460,3,21,17,128,7,0,48,32,12,3,53,9,53,58,14,405,3,8,1,3,1,15,4,28,159,314,224,12,54,58,148,57,317,0,1377,2,14,454,101,17,148,350,62,24,29,4,22,28,209,64,1817,91,28,1,144,1190,2,22,144,110,64,23
484,46,38,96,174,20,4,17,107,36,6,52,7,4,0,445,3,21,15,129,6,0,53,23,11,2,48,7,59,54,13,506,2,8,1,3,1,20,4,26,120,308,222,12,51,56,146,67,393,0,1402,2,12,415,105,15,119,399,57,25,28,4,20,29,199,56,2231,105,26,1,141,1182,1,20,142,110,72,24
512,35,44,84,102,22,2,14,82,32,4,48,9,3,0,491,2,15,5,101,4,0,34,19,12,2,30,8,35,47,9,337,1,7,1,3,0,14,4,17,98,227,231,7,37,36,76,41,286,0,1469,2,10,316,85,14,135,268,51,23,19,2,11,26,145,42,1773,97,23,0,92,890,1,11,114,83,45,13
676,110,14,182,140,41,17,28,328,133,12,56,24,11,1,416,8,46,247,207,29,0,79,171,13,7,198,14,100,102,46,374,15,11,4,3,25,8,6,99,774,638,207,39,135,165,621,81,250,0,1122,2,38,1154,132,32,268,460,101,24,76,20,97,32,492,205,1229,57,48,11,378,2193,3,97,236,197,102,75
614,143,12,204,250,36,27,33,422,144,19,59,19,15,2,362,11,63,718,263,42,1,126,204,11,8,309,12,172,115,64,580,18,12,5,4,37,12,6,153,915,863,193,65,186,251,1212,137,353,0,1042,2,47,1495,162,33,223,698,110,25,112,32,177,35,671,271,1571,61,53,14,581,2905,4,163,289,258,170,140
285,101,31,121,2461,9,19,30,204,30,35,69,1,17,2,262,9,64,523,314,19,4,348,21,5,3,187,2,511,73,31,4100,2,13,2,6,2,155,2,107,113,871,178,74,139,226,1484,621,2231,0,1171,4,20,848,244,13,38,2425,68,33,107,17,148,43,539,112,8874,192,29,1,625,3190,1,104,286,292,592,241
624,70,22,135,110,34,8,21,190,79,7,52,18,6,1,453,5,29,52,152,13,0,53,76,13,4,93,12,61,76,24,324,7,9,2,3,7,9,5,48,362,413,217,19,80,88,256,56,241,0,1247,2,23,690,107,24,219,344,78,23,43,9,40,29,299,110,1313,67,37,4,209,1496,2,41,174,137,68,35
590,393,5,362,935,38,147,61,1276,314,77,73,20,54,7,268,32,192,28688,593,193,8,462,730,9,17,1652,12,805,210,240,1514,60,21,11,6,326,23,6,775,3074,2507,168,373,616,1110,11249,532,692,0,840,3,127,4423,304,51,212,2090,180,30,439,183,1422,48,2131,937,2306,59,88,65,2530,7658,6,1110,605,656,676,1030
789,188,8,266,150,57,39,37,638,270,20,59,41,18,3,389,13,75,1406,285,69,1,113,507,14,11,473,20,156,148,100,365,40,14,7,4,121,6,8,222,2157,1026,197,83,248,330,1615,105,221,0,986,2,73,2139,158,47,391,563,141,24,142,52,260,35,869,439,975,43,70,36,719,3312,5,255,329,290,142,162
1126,130,8,248,28,100,19,28,496,356,7,50,109,9,1,527,8,42,242,175,44,0,37,683,21,10,248,38,44,133,69,97,48,10,6,2,121,1,10,113,2833,594,221,32,153,162,473,27,71,0,1058,2,63,1571,97,56,854,189,136,20,72,27,96,27,530,341,385,27,69,40,329,1947,6,115,228,172,41,46
630,36,36,92,49,32,2,14,92,46,3,45,16,2,0,546,2,14,4,91,4,0,23,32,15,2,31,12,23,51,10,184,3,6,1,2,1,6,5,16,159,209,237,6,37,34,61,24,164,0,1438,2,12,341,72,17,218,176,57,21,17,2,10,24,142,49,1072,71,26,1,81,808,2,11,109,75,28,9
451,317,8,286,1797,23,113,56,896,171,82,75,8,50,6,243,27,174,18587,580,129,10,577,304,7,12,1193,7,1010,169,167,2682,29,20,8,7,111,51,4,591,1349,2268,163,331,498,932,9846,784,1208,0,880,3,87,3284,327,36,116,2872,145,32,380,127,1108,50,1770,617,3974,87,68,28,2261,7190,4,801,559,624,908,1032
499,239,10,252,948,26,68,46,678,156,51,70,11,33,4,282,20,122,5779,443,85,5,347,251,8,10,732,8,556,147,117,1644,23,17,7,6,71,33,5,364,1123,1620,175,188,350,586,4708,440,823,0,948,3,69,2464,259,34,142,1803,131,30,248,77,576,45,1255,454,3009,80,62,21,1404,5258,4,451,446,461,519,516
1081,390,3,464,113,107,120,55,1660,845,35,62,115,37,6,376,26,142,13438,418,233,2,150,2836,17,24,1542,38,231,254,291,262,179,18,13,4,1317,2,11,659,10959,1874,187,213,559,808,5279,116,141,0,822,2,185,5117,188,89,829,601,230,23,316,183,929,38,1852,1321,555,25,120,210,1612,5511,10,931,503,466,179,398
754,65,20,140,55,45,6,20,191,100,5,49,30,5,0,518,4,24,31,131,13,0,35,103,16,4,81,17,38,77,23,186,9,8,2,2,9,5,6,41,476,355,230,14,72,73,175,33,148,0,1281,2,24,669,91,27,328,226,82,22,35,8,30,27,266,112,868,54,39,5,166,1282,3,34,158,117,42,23
475,29,56,72,108,18,1,13,62,23,3,48,6,2,0,503,2,12,2,90,2,0,31,11,12,1,21,7,30,40,6,364,1,6,1,3,0,18,3,12,62,190,236,5,29,28,53,39,320,0,1560,2,7,247,81,12,112,260,45,24,15,1,7,25,117,30,2056,113,20,0,73,769,1,8,102,73,41,9
1384,69,11,187,6,130,6,18,267,287,2,42,175,3,0,714,3,19,18,97,17,0,12,442,29,7,84,53,11,97,31,33,31,7,3,1,45,0,12,39,1864,283,254,9,70,58,94,7,30,0,1233,1,38,832,58,50,1294,68,108,17,28,9,22,21,248,172,210,22,55,22,115,978,6,32,138,88,11,9
580,651,3,483,1794,39,340,84,2216,464,152,82,20,101,12,231,54,335,179854,888,412,18,879,1383,8,24,3807,12,1730,283,463,2432,109,26,16,8,953,31,6,1736,5644,4262,157,882,1117,2323,34075,1043,963,0,755,3,207,7597,415,63,208,3597,230,32,865,431,4007,56,3789,1737,2783,58,114,137,5261,12407,7,2883,875,1042,1342,2768
375,453,7,326,5045,18,216,71,1230,171,165,84,5,85,10,198,42,278,84604,847,209,22,1233,330,5,14,2198,5,2435,198,252,6028,32,24,10,9,163,108,4,1093,1465,3568,150,710,778,1714,26594,1906,2344,0,814,4,110,4620,463,35,78,5908,160,36,672,233,2596,59,2760,869,6653,107,75,35,4290,11039,4,1653,761,947,2115,2697
165,44,94,59,6295,2,5,20,62,5,24,68,0,8,1,245,4,33,48,224,4,3,351,1,3,1,48,0,472,37,8,10097,0,10,0,7,0,692,1,32,11,474,182,29,56,88,476,874,5965,0,1449,4,5,297,230,5,10,3254,35,37,47,3,38,42,235,28,25801,458,14,0,282,1956,0,24,185,187,676,114
570,105,16,165,229,30,16,27,289,98,14,57,15,11,1,380,8,47,256,216,25,1,100,112,11,6,186,11,129,94,41,562,10,11,3,4,15,14,5,95,520,650,199,41,130,167,682,113,365,0,1124,2,33,1048,144,26,185,602,92,25,77,18,99,33,480,176,1736,71,43,7,395,2268,3,92,237,204,135,87
467,67,29,116,285,20,8,21,159,47,10,56,7,7,1,390,5,32,62,173,11,0,86,37,10,3,89,7,104,67,21,723,3,9,2,4,3,25,4,48,184,451,208,23,79,96,330,110,504,0,1275,3,18,609,131,17,114,597,68,26,47,8,45,32,302,88,2566,102,31,2,242,1672,2,41,184,154,121,51
17,75,982,30,95,1,49,50,54,26,94,25,169,11,153,259,85,339,2,57,1,138,544,0,23,61,5,393,52,48,34,28,61,233,79,27,2,0,56,51,10,324,309,113,11,260,832,74,480,61,105,87,985,49,198,61,379,34,4,29,512,46,17,66,53,23,30,65,41,1,2,16,4,24,279,349,224,1944
25,152,430,54,60,3,138,72,138,88,144,26,527,20,260,261,154,599,21,79,7,194,642,7,30,126,16,782,68,83,97,17,280,293,151,27,29,0,85,141,58,561,300,261,26,592,2382,70,271,83,88,79,2470,115,223,120,887,32,7,28,1059,152,55,70,108,69,15,36,71,10,5,26,8,83,412,532,246,4155
16,279,385,65,508,1,429,112,227,74,533,33,176,54,535,176,326,1408,327,162,16,876,2846,6,18,157,48,384,382,105,188,96,282,428,204,44,43,1,63,413,53,1277,259,1047,57,1757,14559,421,1118,89,79,102,3479,201,442,108,362,141,8,36,2943,424,254,98,237,116,49,62,80,12,20,59,7,294,721,1152,1309,24919
41,41,865,30,2,6,13,31,39,60,15,18,1546,2,66,500,36,120,0,22,0,16,61,3,58,62,1,1649,3,44,19,1,121,150,68,13,3,0,112,15,26,120,403,19,4,71,82,4,44,65,122,59,897,31,76,100,2267,3,4,20,150,16,2,42,22,17,3,23,46,3,0,5,7,5,145,132,18,176
27,65,784,34,17,3,33,43,55,48,44,22,578,6,115,348,64,234,0,39,1,55,205,2,37,70,3,862,17,51,32,6,112,198,83,19,4,0,83,36,22,227,345,59,9,168,353,20,143,66,108,71,1122,46,130,87,1009,12,4,24,334,35,9,54,41,24,10,36,48,3,1,11,6,16,222,241,72,747
29,73,664,37,15,3,40,45,66,61,47,22,724,7,125,348,71,257,0,41,2,57,207,3,39,80,4,985,17,56,39,6,149,204,93,19,7,0,89,43,30,248,341,68,10,193,420,19,125,69,104,69,1325,54,131,98,1193,11,5,24,377,44,11,54,46,30,8,32,53,4,1,12,7,20,236,257,71,841
20,5,6843,6,2,1,0,9,2,3,2,14,176,0,11,606,5,18,0,6,0,2,17,0,43,9,0,455,0,10,0,1,2,69,12,10,0,0,48,0,0,19,469,0,0,4,1,1,82,30,195,65,79,2,38,21,467,1,0,20,14,0,0,30,2,0,11,74,11,0,0,0,1,0,41,30,5,10
17,149,591,45,225,1,153,76,114,46,232,29,173,25,293,210,171,712,34,98,6,362,1283,2,20,100,17,388,148,72,83,53,137,318,130,35,11,1,59,152,25,661,279,362,27,706,3722,182,735,74,89,94,1907,102,299,82,370,71,6,32,1275,147,70,81,116,54,38,63,58,4,7,32,5,90,456,648,560,7368
20,89,779,36,67,1,61,54,69,40,95,25,271,12,170,273,96,376,3,59,2,134,500,2,27,76,6,528,48,56,44,20,99,244,95,26,5,0,66,63,18,358,315,129,14,305,973,62,353,67,102,84,1280,61,194,77,546,29,5,29,586,60,21,66,62,31,22,52,49,2,3,17,5,32,301,372,198,2081
24,105,586,43,44,2,77,58,91,61,94,25,456,13,187,285,108,413,5,61,3,126,443,4,31,95,9,726,43,66,59,14,168,251,114,24,11,0,79,80,33,392,315,147,17,356,1136,49,244,74,96,78,1689,77,186,98,810,24,6,27,668,81,27,64,72,43,15,40,58,5,3,19,7,42,322,392,167,2197
20,228,384,62,209,2,289,96,197,85,322,30,295,38,413,207,250,1032,124,124,12,487,1576,8,22,150,33,535,193,99,153,47,309,373,188,36,42,0,73,285,61,947,275,629,43,1190,7458,204,610,88,82,92,3206,169,338,117,548,78,8,32,2036,301,147,86,180,100,29,48,79,13,12,44,8,190,589,865,670,12641
42,111,379,55,7,7,70,56,121,150,51,22,2029,10,164,382,97,339,3,47,4,57,182,15,51,133,9,1866,15,81,75,2,451,230,143,17,44,0,129,75,107,325,349,99,16,294,664,14,65,87,95,63,2465,93,129,165,2624,8,7,22,542,89,20,54,68,61,4,19,79,17,2,15,11,40,288,310,57,1078
23,148,492,51,85,2,136,73,128,72,159,27,389,21,264,252,155,613,22,83,6,224,758,5,27,117,16,651,81,79,89,23,222,299,143,29,20,0,78,138,44,574,300,273,25,598,2530,89,357,80,91,84,2247,108,241,108,703,40,7,29,1078,143,56,73,107,62,20,43,67,8,6,27,7,81,419,552,300,4617
28,154,416,56,47,3,137,73,145,100,133,26,659,19,258,278,153,587,20,78,7,175,572,9,32,134,16,908,59,86,100,14,323,294,157,26,34,0,93,141,68,551,311,248,26,579,2204,60,229,86,90,79,2625,119,215,130,1062,28,7,28,1034,154,53,70,108,73,13,33,76,12,5,25,9,83,410,519,213,3763
14,16,3797,11,31,0,3,20,8,5,16,20,81,1,38,368,19,72,0,19,0,23,124,0,26,17,0,267,8,18,3,13,6,123,24,18,0,0,40,4,0,73,378,10,1,31,38,17,347,38,153,83,193,8,95,25,236,11,1,26,74,2,0,47,9,2,32,103,16,0,0,4,1,0,100,99,48,141
20,487,213,98,474,2,1005,152,463,167,832,35,343,92,843,169,539,2316,1902,223,40,1324,3805,24,20,266,120,571,558,157,419,84,812,525,329,46,242,0,81,952,169,2062,249,2208,107,3542,37572,501,886,111,69,99,6882,388,521,169,589,162,12,36,5516,1099,686,107,427,264,35,44,119,45,38,89,11,797,1010,1693,1699,52314
36,306,196,93,43,6,395,106,350,271,232,28,1471,38,452,260,286,1086,185,115,23,294,822,44,36,256,52,1456,96,141,270,12,1186,376,283,27,295,0,125,398,286,996,292,628,57,1382,7199,74,171,111,76,74,6076,268,263,225,1906,34,12,27,2253,504,185,76,224,201,8,21,123,61,13,43,15,287,620,835,297,9507
22,101,640,40,59,2,75,58,83,50,102,25,341,13,186,269,107,416,5,62,3,141,506,3,28,87,8,602,50,62,54,18,135,251,107,25,8,0,71,77,26,394,307,151,16,356,1191,60,305,71,96,80,1530,72,195,88,644,28,5,28,670,77,27,65,71,38,18,45,54,4,3,19,6,40,321,399,197,2393
33,101,491,47,16,4,65,55,99,94,62,23,1013,10,164,341,95,346,3,51,3,75,253,7,41,108,8,1208,23,71,61,5,264,233,123,20,20,0,103,69,57,331,337,106,15,291,734,23,116,79,98,69,1939,79,147,126,1527,13,6,24,546,76,20,58,65,48,7,27,66,9,2,15,8,36,289,326,86,1316
23,58,984,29,27,2,29,41,46,34,47,22,363,6,109,332,60,225,0,40,1,62,242,1,33,59,3,648,20,46,26,10,73,197,73,21,2,0,71,31,13,219,343,57,8,155,337,27,206,62,112,76,911,40,139,72,706,15,4,26,315,29,8,56,37,19,14,46,42,1,1,11,5,13,216,239,89,774
21,52,1122,26,33,1,25,39,39,26,47,22,273,6,102,319,56,211,0,38,0,63,253,0,30,52,2,541,21,41,22,12,54,190,65,21,1,0,64,27,9,205,338,52,7,141,305,30,245,58,114,78,775,34,139,62,566,16,3,26,288,24,6,56,33,16,17,53,37,1,1,10,4,11,205,229,95,738
22,43,1288,24,22,2,18,35,32,24,34,21,303,4,84,352,45,168,0,32,0,45,185,0,33,46,1,586,14,37,17,9,46,174,57,19,0,0,66,19,8,165,355,36,5,103,188,21,199,56,121,76,657,28,121,60,625,12,3,25,217,17,4,52,26,13,15,51,35,0,0,8,4,7,177,188,67,473
31,134,411,54,26,4,105,65,132,110,94,24,921,15,216,307,128,475,10,64,6,118,384,10,37,129,13,1123,37,82,87,8,342,266,148,22,34,0,101,109,75,449,321,176,21,445,1411,36,151,85,92,73,2475,105,179,137,1391,19,7,26,806,122,37,63,90,66,9,28,75,13,4,21,9,62,357,427,136,2391
30,167,368,61,40,4,153,76,164,121,135,26,817,20,272,282,163,620,25,79,8,174,554,12,34,148,19,1035,58,93,114,12,406,300,171,25,49,0,100,158,89,580,311,267,28,629,2413,55,199,90,88,77,2980,132,213,145,1251,27,8,27,1111,178,60,69,117,84,11,30,82,16,6,27,10,95,426,538,203,3943
14,89,1049,30,251,0,69,57,58,21,155,28,90,15,193,218,107,449,6,73,2,250,1000,0,18,60,7,263,106,49,39,62,49,264,82,34,1,2,46,69,7,425,291,181,15,368,1548,160,948,60,102,98,999,55,259,53,229,65,4,33,712,60,27,75,67,24,54,89,39,1,4,21,3,35,334,456,450,3738
28,86,625,40,22,3,52,51,76,63,61,23,642,9,147,327,84,310,2,48,2,77,273,4,36,87,6,910,24,61,47,8,164,223,103,21,9,0,87,55,33,298,334,92,13,247,617,27,156,72,101,73,1492,63,149,101,1076,15,5,25,474,57,15,58,55,35,10,34,56,5,2,14,7,27,267,304,97,1210
30,402,181,103,102,5,649,128,443,264,400,30,985,58,617,221,395,1568,598,155,34,547,1511,45,30,287,84,1119,196,159,368,24,1259,441,327,34,378,0,112,638,294,1418,274,1138,81,2214,15609,154,298,116,72,82,7222,346,347,221,1367,61,13,30,3503,798,358,87,316,258,13,26,131,69,22,60,15,500,788,1159,586,20223
37,229,232,80,25,6,241,88,260,232,149,26,1654,26,337,289,209,773,61,88,15,181,523,33,40,213,32,1584,56,121,188,7,917,324,233,24,177,0,127,247,221,718,306,368,40,883,3607,45,126,103,80,70,4718,198,212,207,2127,22,10,26,1490,308,99,68,159,144,6,20,108,43,8,31,14,164,494,623,181,5029
51,190,213,82,7,11,160,75,241,325,79,23,3821,17,254,364,157,546,20,64,12,85,240,51,56,220,22,2713,23,119,162,2,1244,279,226,18,232,0,164,169,327,514,334,204,30,577,1655,16,52,107,83,61,4737,174,151,252,4166,9,11,22,991,224,54,58,120,135,2,13,115,58,4,22,16,105,397,447,74,2201
27,48,1007,28,12,3,20,36,39,37,30,21,541,4,86,380,47,170,0,31,0,37,145,1,39,56,2,840,11,42,21,5,75,174,67,17,2,0,80,22,14,167,362,35,6,109,185,14,125,61,116,70,826,33,110,75,979,9,4,24,225,21,4,50,29,16,9,38,41,1,0,8,5,9,179,185,50,425
23,298,273,77,174,2,434,110,284,135,379,30,454,48,507,204,315,1286,286,141,20,556,1680,16,24,198,52,691,214,121,229,38,556,405,239,36,109,0,85,425,117,1170,268,874,59,1642,11341,200,485,98,76,88,4575,235,353,151,754,76,10,31,2705,481,234,87,238,153,22,38,97,26,17,52,10,308,682,1016,695,17113
25,239,313,70,109,3,294,96,228,125,263,29,532,35,403,229,247,985,116,115,14,371,1149,14,27,175,36,774,137,109,174,27,472,364,209,32,76,0,88,292,100,906,284,567,45,1151,6449,130,368,95,81,85,3827,188,297,145,869,54,9,30,1949,328,142,81,182,120,18,36,90,21,11,41,10,198,575,808,458,10118
53,500,96,147,19,13,785,133,726,790,259,27,4925,53,626,281,417,1516,687,134,57,296,712,214,49,462,115,3047,86,216,591,5,4473,427,467,24,2268,0,190,792,1267,1374,292,1002,97,2307,12826,50,78,143,66,65,12762,507,256,409,4770,24,18,25,3506,1181,387,75,360,471,3,11,195,287,20,55,26,658,782,1040,232,13132
33,86,561,43,12,4,49,50,82,82,50,22,1004,8,140,361,80,289,1,44,2,59,206,6,42,96,6,1212,17,64,49,5,216,217,109,19,14,0,102,53,46,278,347,80,12,228,508,18,105,76,102,68,1649,66,133,118,1535,11,6,24,437,57,14,55,53,39,7,28,61,7,1,13,8,26,257,280,69,951
20,34,1613,20,23,1,12,30,23,16,28,21,221,3,68,349,36,135,0,28,0,37,163,0,31,36,0,482,12,31,12,9,29,157,46,19,0,0,58,13,4,133,353,26,4,76,126,19,219,50,124,76,486,21,111,48,494,11,2,25,166,11,2,50,20,8,17,59,29,0,0,7,3,4,151,158,60,347
59,115,283,64,2,13,66,54,146,265,35,20,5210,8,151,455,91,299,2,40,5,34,103,34,69,164,9,3376,8,92,87,0,845,216,165,14,101,0,176,73,224,288,369,77,16,260,474,6,28,96,94,55,3129,104,102,227,5500,4,9,20,475,95,17,48,66,78,1,12,95,34,1,13,15,39,267,266,29,688
31,621,127,133,161,5,1329,166,725,390,686,33,1084,96,926,195,613,2487,2881,215,67,965,2484,84,28,398,174,1165,357,207,657,33,2217,534,452,38,1043,0,119,1277,534,2210,257,2339,135,4141,39519,255,363,132,64,85,11233,558,442,273,1431,92,16,32,6201,1684,867,98,517,450,14,24,165,140,41,91,18,1142,1070,1697,990,45575
20,384,252,84,381,2,690,132,354,133,629,33,314,71,677,176,426,1811,854,186,28,990,2952,17,20,221,82,542,412,135,306,72,592,470,274,43,140,0,77,661,121,1627,253,1520,81,2550,23341,390,805,102,72,96,5391,299,457,149,556,132,10,34,4083,741,434,99,328,195,34,45,103,30,27,72,10,518,853,1380,1304,34547
7,33,3504,13,580,0,16,35,15,3,94,27,15,6,94,211,48,211,0,48,0,172,886,0,12,21,1,92,83,23,8,145,5,196,33,36,0,10,25,17,0,205,303,60,4,121,385,199,2443,39,131,116,271,16,230,20,62,79,1,36,268,11,5,72,25,5,159,219,18,0,1,11,1,6,199,264,450,1424
26,119,489,47,38,3,92,62,108,78,99,24,586,14,204,285,119,452,8,64,4,130,440,6,32,109,11,843,43,73,72,12,229,259,128,24,19,0,86,95,47,428,311,168,19,409,1347,46,207,78,92,75,2013,90,186,112,978,23,6,26,753,101,33,64,82,52,12,34,65,8,3,20,8,52,341,417,163,2452
21,73,873,32,47,2,44,48,56,35,71,24,289,9,139,292,78,299,1,50,1,97,371,1,28,66,4,554,34,50,34,15,83,220,83,24,3,0,67,46,15,287,323,90,11,225,613,44,290,64,106,80,1075,49,168,73,581,22,4,27,443,43,13,61,49,24,19,51,45,2,2,14,5,21,258,306,143,1363
215,17,222,3,120,1,38,59,5,28,1457,149,7,26,101,203,54,16,3,40,96,344,114,34,9,8,191,6,38,70,148,1921,0,30,5,464,7,9,161,181,112,463,71,76,24,0,1015,8,45,25,47,20,121,194,57,56,25,668,13,5,922,34,467,5,0,3,602,115,44,5,41,889,17,7,92,16,207,43
313,35,93,6,74,2,112,85,16,99,2232,154,25,49,174,204,101,30,33,56,324,486,135,218,12,19,609,12,49,123,431,1158,6,38,11,455,94,3,247,520,637,814,68,181,54,2,3014,7,24,34,39,18,314,467,64,111,62,627,23,4,1953,120,1561,6,1,12,299,62,77,34,88,1420,32,25,138,25,226,96
197,66,80,8,681,1,360,132,26,81,8606,191,7,136,362,131,216,74,559,116,722,2305,632,190,7,23,1783,5,295,153,844,6694,5,55,15,740,138,19,174,1561,565,1884,57,763,121,7,19815,51,109,36,34,23,439,815,128,96,23,2810,26,6,5582,344,7486,8,3,20,965,106,84,38,295,3173,28,96,242,55,1283,621
502,8,191,3,2,5,9,34,3,65,212,105,77,6,40,398,21,5,0,14,45,35,10,91,25,8,57,28,2,62,80,101,2,18,4,213,11,0,322,50,274,157,92,11,9,0,85,0,3,26,54,13,105,116,20,90,167,62,14,3,245,10,67,3,0,2,72,39,48,9,8,307,27,1,44,5,14,2
344,14,176,4,20,3,25,50,5,54,661,129,28,16,74,279,40,11,0,27,87,130,40,77,16,10,140,14,11,75,139,456,2,25,6,327,15,1,243,125,239,318,80,38,19,0,408,1,12,27,49,16,138,184,36,80,73,225,15,4,586,26,245,4,0,3,200,63,51,9,23,603,24,4,72,10,62,15
372,16,149,4,18,3,30,53,7,68,706,129,35,18,81,281,45,12,1,29,109,137,41,111,16,11,173,16,12,83,170,405,2,26,6,323,24,1,264,151,335,351,79,44,22,0,492,1,10,29,47,16,165,216,37,91,87,219,17,4,669,33,304,4,0,4,172,55,57,14,26,654,27,5,77,11,62,17
254,0,1675,0,2,1,0,10,0,3,35,84,7,0,6,492,2,0,0,3,1,5,2,0,18,0,1,7,0,13,3,131,0,8,0,168,0,1,135,1,3,24,109,0,0,0,1,0,6,11,90,14,8,9,9,17,32,31,3,3,21,0,1,2,0,0,205,128,11,0,0,61,6,0,11,0,4,0
208,35,130,5,298,1,126,90,13,50,3726,171,7,63,199,162,113,37,53,71,281,940,282,86,8,14,626,5,112,107,374,3693,2,41,9,596,36,13,170,569,268,976,63,258,57,2,4886,21,72,30,40,22,241,418,88,75,24,1424,19,5,2398,117,2030,7,1,9,769,110,62,15,117,1748,23,28,154,31,542,177
251,20,171,4,82,1,47,63,7,43,1443,146,12,29,110,212,61,18,5,41,128,326,102,61,11,10,244,8,34,81,191,1371,1,31,6,437,15,5,189,223,193,504,71,85,28,0,1170,6,32,27,45,19,156,239,55,69,37,561,16,4,1040,45,576,5,0,5,429,90,51,9,46,942,21,9,98,17,178,45
297,23,126,5,52,2,59,67,10,67,1413,142,21,31,121,220,68,20,8,42,176,303,89,117,12,13,319,11,30,95,254,922,3,31,8,404,36,2,225,281,355,549,71,97,34,1,1359,5,21,29,42,17,207,301,52,88,56,454,18,4,1181,61,723,5,0,7,288,67,61,17,51,997,26,12,104,17,148,48
243,54,81,7,269,1,239,113,23,94,5108,175,13,94,278,157,165,53,203,89,561,1252,341,224,9,22,1236,8,145,145,686,3190,6,48,14,607,137,8,206,1064,658,1387,61,448,92,5,9854,23,58,36,36,21,406,685,98,106,36,1525,25,5,3814,242,4260,7,2,17,575,82,84,41,189,2355,31,61,197,41,639,305
516,24,80,6,8,7,53,63,13,168,740,124,102,23,104,297,60,16,4,32,223,130,34,419,21,19,322,31,10,116,319,201,9,28,10,285,139,0,372,260,1168,444,78,63,33,0,756,1,5,35,42,14,303,360,35,150,192,156,24,3,934,66,538,4,0,10,82,31,83,52,36,777,42,11,91,13,47,22
275,33,104,6,103,2,107,83,14,78,2419,155,17,50,172,191,99,30,32,57,289,547,156,157,11,17,567,10,58,114,388,1534,4,37,10,478,65,4,218,494,467,811,66,185,52,2,3127,9,32,32,39,19,277,427,67,96,47,750,21,4,1937,110,1529,6,1,10,381,72,70,25,89,1431,28,24,136,25,272,104
341,35,89,7,57,3,109,85,16,113,2030,152,31,47,170,215,99,29,30,54,332,430,118,258,13,19,604,14,42,126,443,938,6,37,12,436,111,2,266,510,747,788,70,169,54,2,2738,6,20,35,40,18,331,477,61,119,75,540,24,4,1879,120,1478,6,1,12,253,57,81,39,83,1370,35,25,135,24,193,85
178,3,895,0,36,0,2,22,0,5,239,115,3,4,23,289,10,2,0,12,7,53,23,2,10,2,13,3,5,25,16,899,0,14,1,309,0,9,112,14,8,95,86,5,3,0,39,1,31,14,69,19,21,31,25,22,15,200,5,4,120,1,19,3,0,0,615,180,17,0,4,218,7,0,30,3,40,2
248,120,43,13,642,2,885,183,57,190,13855,205,15,239,588,126,370,126,3550,164,1889,3590,866,687,8,41,4625,8,445,235,1965,5889,18,69,26,787,843,12,230,3774,1906,3144,55,1681,235,17,53930,62,86,45,30,22,906,1634,155,156,39,3270,38,6,10876,942,21320,9,7,50,692,74,129,145,585,4930,44,275,348,84,1706,1363
436,73,40,12,52,6,329,124,42,315,3611,161,73,94,305,200,189,56,302,81,1075,736,172,1237,15,39,1940,24,70,210,1237,790,28,48,22,460,1027,1,363,1499,3278,1459,66,445,121,6,9397,8,15,46,33,17,792,1106,75,210,138,643,38,4,4225,412,5351,6,3,37,164,35,134,200,193,2319,58,93,208,40,271,224
272,23,142,4,73,2,59,68,9,56,1572,147,15,33,123,211,69,20,8,44,166,349,105,91,11,12,311,9,36,91,240,1221,2,32,8,433,27,4,207,279,280,566,70,102,34,1,1467,6,28,29,43,18,191,288,56,80,45,549,17,4,1216,59,741,5,0,6,367,78,58,13,54,1037,24,12,106,18,180,53
406,23,106,5,18,4,50,63,10,105,920,132,49,25,105,268,60,16,4,34,181,176,49,214,17,15,288,20,15,103,264,387,5,29,9,331,64,0,297,243,621,460,76,69,31,0,857,2,9,32,43,15,240,310,40,115,110,241,20,4,957,57,538,4,0,8,146,45,71,28,39,825,33,10,93,14,74,27
291,13,222,3,32,2,21,47,4,37,705,132,16,16,70,263,37,10,0,27,68,147,48,45,13,8,116,10,13,66,112,671,1,24,5,351,7,2,205,108,144,304,79,36,16,0,387,2,18,25,51,17,110,154,39,65,49,282,13,4,547,21,216,4,0,2,287,80,44,5,22,590,20,3,70,10,77,16
261,11,254,3,39,1,19,45,3,28,695,131,12,14,65,252,34,9,0,26,56,148,50,31,12,7,99,8,14,59,94,803,0,24,4,357,4,3,183,93,102,284,77,33,15,0,349,2,22,23,51,18,93,134,39,56,39,307,12,4,500,17,187,4,0,2,344,91,39,3,20,559,17,2,66,10,83,15
272,9,289,2,26,1,12,39,3,25,496,123,13,11,52,274,27,7,0,21,41,102,35,25,13,6,68,9,9,53,72,590,0,21,3,322,3,2,186,65,84,221,80,22,11,0,206,1,17,22,54,17,77,107,33,52,43,225,11,4,365,12,116,4,0,1,292,88,36,2,14,444,16,1,55,8,57,9
383,30,87,6,30,4,82,75,14,123,1412,140,44,36,140,238,81,23,14,44,276,282,76,284,15,19,466,18,25,120,379,562,7,33,11,375,110,1,291,389,813,632,72,117,44,1,1698,3,13,34,40,16,309,418,50,125,99,353,23,4,1436,93,1002,5,1,11,175,47,80,40,61,1104,36,18,116,19,119,52
360,38,77,7,47,3,121,87,18,134,2021,149,38,49,177,215,104,30,36,55,381,420,112,337,14,21,679,16,40,134,499,798,8,37,12,419,158,1,283,563,959,817,69,179,58,2,2953,5,17,36,38,17,371,524,59,131,87,496,25,4,1988,136,1642,5,1,14,213,50,87,51,88,1401,38,28,138,24,179,87
167,20,234,3,330,0,54,67,6,22,2426,162,3,37,127,167,69,22,9,52,113,634,215,24,7,8,256,3,78,71,169,4332,0,33,5,570,6,22,130,249,83,609,65,124,30,1,1935,18,93,24,45,22,121,217,75,47,14,1270,13,5,1292,45,765,6,0,3,1087,157,41,3,62,1167,15,10,110,21,427,86
345,19,136,4,25,3,39,58,8,70,904,133,30,22,94,256,52,14,2,33,133,181,54,118,15,12,220,15,16,88,200,527,3,28,7,346,30,1,251,192,357,414,76,59,26,0,718,2,13,29,45,16,182,247,41,91,76,279,17,4,828,42,423,4,0,5,200,57,59,16,34,762,27,7,86,13,84,25
374,99,37,13,129,4,561,153,54,310,6463,179,48,148,427,170,268,84,1045,113,1588,1428,330,1279,12,44,3195,18,148,239,1724,1607,30,58,26,569,1347,2,326,2485,3403,2134,62,840,176,10,21440,17,27,48,31,19,959,1460,102,208,98,1200,42,5,6783,675,10792,7,5,49,262,44,144,229,330,3332,57,169,271,57,561,503
470,55,49,10,30,6,199,104,31,274,2309,151,84,64,228,229,138,40,95,63,704,450,108,953,17,33,1187,27,40,182,861,526,21,42,18,405,612,0,375,927,2555,1054,70,258,85,3,4625,4,10,43,36,16,619,821,61,197,158,427,34,4,2786,250,2823,6,2,26,133,34,120,143,122,1719,54,52,167,29,164,116
640,44,44,10,7,11,127,87,28,383,1173,132,201,41,166,288,101,27,30,44,565,200,47,1448,24,33,810,48,15,176,721,178,29,35,17,303,793,0,485,611,3767,728,76,136,63,2,1993,1,3,44,37,13,610,705,42,238,316,181,35,3,1779,175,1482,5,1,24,59,22,126,189,71,1189,64,32,130,20,63,47
331,10,221,3,14,2,14,40,3,39,431,118,25,10,53,296,28,7,0,20,51,83,27,47,16,7,79,13,7,59,88,350,1,21,4,287,6,1,225,72,149,222,81,21,12,0,200,1,10,24,51,15,96,125,29,66,68,162,12,3,373,14,124,4,0,2,182,64,42,5,14,436,20,2,56,7,41,8
285,73,57,10,228,2,373,133,34,155,6184,180,21,122,351,158,214,69,493,103,925,1470,373,470,10,30,1996,11,165,183,1066,2673,12,53,19,611,376,6,246,1648,1323,1766,61,646,128,7,15574,24,46,41,33,20,601,985,104,141,52,1521,32,5,5239,403,7041,8,3,28,445,65,107,86,260,2887,40,103,235,50,678,428
306,57,66,9,137,3,245,114,27,142,4181,169,25,88,274,177,164,51,188,83,655,952,247,392,11,26,1328,12,102,162,793,1819,10,47,16,541,255,4,255,1103,1113,1337,64,406,95,4,8520,14,34,39,35,19,494,772,86,134,61,1048,29,5,3678,267,4114,7,2,22,358,61,98,68,176,2229,38,63,194,39,433,243
662,123,19,20,22,13,673,159,91,964,4057,158,260,133,428,218,280,80,1170,96,2691,739,147,6406,20,73,4378,54,62,328,2791,359,114,55,38,411,8582,0,562,3066,15452,2041,66,723,210,10,17087,5,6,60,29,14,1721,2148,73,394,362,455,59,4,6692,1000,11475,6,5,91,70,18,218,991,297,3001,101,220,266,50,210,313
402,18,119,5,14,4,36,55,8,89,720,126,48,20,87,279,49,13,2,29,136,136,39,167,17,13,211,20,11,91,206,326,4,26,7,307,42,0,288,180,491,377,77,50,25,0,572,1,8,30,44,15,198,252,36,105,109,197,18,3,744,41,368,4,0,6,136,45,64,21,29,687,31,7,81,12,57,19
250,7,377,2,28,1,9,34,2,18,420,122,10,8,43,281,22,6,0,19,28,88,32,15,13,4,47,7,8,45,51,647,0,19,3,321,1,3,168,46,51,183,82,16,8,0,141,1,19,20,57,17,58,81,31,43,34,219,9,4,284,8,77,4,0,1,346,104,30,1,11,380,14,1,49,6,52,6
736,25,59,8,2,13,50,61,16,307,497,115,278,19,95,362,56,14,3,27,263,77,18,956,30,24,330,60,5,134,374,76,19,27,12,231,332,0,517,252,2528,393,84,48,33,0,531,0,1,39,41,12,392,409,27,212,422,80,28,3,815,70,455,4,0,13,37,19,102,108,29,671,58,10,85,11,23,13
374,155,25,18,208,5,1180,200,91,461,11297,192,52,250,649,148,422,136,5398,158,3176,2572,553,2448,11,63,6781,19,277,313,3140,2225,54,70,37,650,3857,3,344,5106,6298,3375,57,1777,299,20,56438,30,33,55,28,19,1512,2389,130,257,101,1821,52,5,12260,1465,27046,8,8,87,283,40,183,474,624,5029,69,398,370,84,966,1173
244,95,52,11,516,2,605,159,43,152,10484,196,14,183,474,134,293,98,1554,138,1318,2683,672,483,8,34,3144,8,328,203,1438,5075,13,62,22,735,483,11,220,2610,1364,2486,57,1152,179,12,33180,48,79,42,31,22,711,1263,136,138,38,2673,34,6,8044,632,13389,9,5,36,673,78,113,98,424,3993,39,177,296,69,1309,894
95,7,832,1,801,0,12,40,1,3,1460,159,0,16,61,164,30,10,0,33,20,437,192,1,5,2,51,0,62,32,37,10469,0,25,2,617,0,107,69,59,6,288,69,39,10,0,462,23,254,15,59,27,31,63,67,17,3,1579,6,6,474,7,150,6,0,0,3335,405,18,0,23,635,6,1,65,12,433,31
331,28,108,6,46,3,73,73,12,88,1529,145,28,36,136,226,77,22,12,45,228,320,91,176,13,16,405,14,31,108,319,814,4,33,9,405,62,2,252,348,521,618,72,114,40,1,1668,4,18,32,42,17,256,363,53,104,70,442,21,4,1377,79,917,5,0,9,247,59,70,26,60,1101,31,15,114,19,148,55
264,16,197,3,58,1,34,56,6,39,1081,141,13,22,91,232,49,14,2,35,96,237,76,51,12,9,176,8,24,74,150,1063,1,28,6,404,10,4,194,163,163,408,75,60,22,0,735,4,26,26,48,18,132,197,48,66,40,432,14,4,793,32,378,5,0,3,378,89,48,7,34,776,20,6,85,14,129,29
8,35,1886,45,66,3,37,165,119,83,572,5,69,18,7,177,38,210,54,144,2,3,78,69,154,59,185,3,68,50,537,411,36,95,5,5,24,175,540,343,66,9,121,3,50,12,144,13,430,567,10,104,4,33,37,14,7,4,25,78,50,38,78,54,249,18,22,658,7,0,38,12,61,148,10,589,204,334
12,68,871,76,42,6,97,231,286,252,839,5,201,33,12,178,67,356,374,196,9,4,91,362,191,116,525,6,86,83,1405,260,149,117,10,5,234,73,794,881,319,15,118,7,103,28,382,12,250,749,9,95,10,73,42,28,16,4,40,75,99,116,231,57,481,50,11,381,12,2,75,18,106,459,15,870,221,674
7,123,749,90,342,3,293,348,458,211,2992,6,67,86,25,117,139,815,5341,387,19,21,390,324,115,141,1458,2,463,102,2668,1347,149,167,13,8,345,356,577,2502,291,35,99,31,218,81,2272,73,982,787,7,119,15,125,81,24,6,19,44,93,269,318,1022,77,1021,83,36,618,13,3,235,40,95,1574,26,1828,1125,3912
19,18,1681,42,1,12,9,98,80,170,91,3,574,5,2,330,15,71,1,56,1,0,8,160,358,56,57,13,5,43,291,25,64,59,4,2,33,9,1013,99,145,2,154,0,20,2,13,0,40,575,12,70,3,19,13,23,42,0,24,54,13,12,11,33,99,12,2,242,7,0,8,4,89,34,5,215,16,28
13,30,1539,48,12,6,24,139,118,143,266,4,225,11,5,236,28,142,17,99,2,0,29,140,236,66,133,7,22,52,489,106,62,79,5,3,44,40,777,233,129,6,135,1,38,7,58,3,131,602,11,85,4,30,24,20,19,1,27,65,31,28,40,44,186,18,7,374,8,0,21,8,81,95,8,400,65,125
14,34,1337,54,11,7,29,149,140,179,285,4,282,13,5,239,31,157,24,105,2,1,29,195,249,76,162,8,23,57,589,96,82,83,6,3,68,33,846,279,176,6,135,1,44,9,70,3,116,640,10,84,5,35,25,23,23,1,30,65,36,35,49,44,211,22,6,337,9,0,24,8,91,117,8,431,65,141
10,2,11939,10,1,3,0,34,7,12,17,2,77,0,0,406,2,12,0,18,0,0,2,2,280,9,2,3,0,11,19,32,1,28,0,1,0,36,471,5,2,0,181,0,2,0,0,0,71,284,19,77,0,1,7,5,9,0,7,54,1,0,0,25,13,0,7,704,1,0,0,0,24,0,1,55,5,1
8,69,1162,65,157,3,111,246,245,138,1373,6,69,42,14,143,76,432,618,244,8,9,183,159,133,95,555,3,188,74,1263,766,77,128,8,7,101,253,565,986,147,19,110,11,110,34,620,32,663,680,9,112,8,67,56,19,6,9,34,86,123,118,305,66,528,40,28,637,10,1,100,22,78,520,17,1077,502,1227
9,40,1493,51,46,4,44,174,147,118,561,5,106,20,8,183,42,225,75,146,3,3,70,115,171,71,228,4,61,57,671,300,55,97,6,5,47,113,621,409,108,9,121,3,57,14,161,10,314,608,10,98,5,39,36,18,10,3,28,75,55,48,93,53,280,23,16,524,8,0,41,12,73,184,11,610,176,345
11,48,1162,61,31,5,54,187,190,179,556,5,176,22,8,193,47,247,109,151,5,2,63,210,196,88,294,6,55,66,877,212,91,101,7,4,99,69,741,507,190,10,123,4,68,16,186,8,222,669,9,93,7,49,35,23,15,3,33,72,63,64,115,52,325,31,11,410,9,1,46,13,90,238,12,645,150,362
9,100,757,86,143,4,197,299,397,241,1819,6,111,60,19,138,107,598,2030,298,15,11,217,372,142,135,1020,4,237,96,2168,670,162,146,12,7,335,177,669,1725,329,26,106,18,167,55,1164,35,544,780,8,108,14,105,62,26,10,10,43,84,186,225,593,68,779,71,21,489,13,3,153,30,102,1017,22,1378,582,1991
19,48,768,75,5,14,46,172,237,402,293,4,722,16,7,253,40,193,59,114,6,0,25,640,311,116,280,15,19,77,1029,50,223,89,9,3,316,12,1155,447,541,8,134,2,63,13,101,2,60,757,9,74,10,56,23,36,47,0,40,59,48,64,82,43,290,42,3,203,12,3,32,10,135,208,10,489,50,167
10,65,957,70,58,5,93,227,259,203,906,5,146,33,12,167,66,356,372,200,8,5,105,269,171,105,495,5,100,77,1281,337,117,117,9,5,168,100,708,846,241,15,115,8,99,27,399,15,318,710,9,98,9,67,44,24,12,5,37,76,99,108,228,58,467,44,14,435,11,1,76,18,95,438,15,881,262,734
13,67,824,77,32,7,92,225,289,278,753,5,243,31,11,184,65,338,330,186,9,3,79,414,202,119,510,7,73,84,1408,210,166,114,10,5,266,57,838,847,361,14,119,7,100,26,342,10,206,754,9,92,11,73,39,29,19,3,40,72,93,114,214,55,465,51,9,344,12,2,70,17,111,440,15,824,186,591
7,7,6554,17,20,1,2,68,20,17,106,4,34,3,1,241,8,45,0,49,0,0,17,5,167,17,15,2,11,19,72,195,3,49,1,3,0,163,387,33,6,1,143,0,8,1,6,2,292,348,15,96,0,5,17,6,4,1,10,68,7,2,3,37,47,2,21,954,2,0,4,2,28,9,3,170,44,25
9,208,430,133,323,5,654,463,895,449,4563,7,125,141,39,112,224,1303,28044,522,47,32,516,1021,126,233,3413,4,665,150,5656,1194,403,202,21,9,1731,233,731,5495,859,56,95,64,394,159,5564,87,794,966,6,115,29,232,94,38,10,21,63,92,488,781,2605,84,1775,179,26,448,19,10,432,59,138,4021,37,2632,1446,7894
16,129,410,125,31,12,253,321,664,704,1280,5,517,58,20,174,118,608,2648,270,27,6,112,1707,225,220,1473,11,116,133,3583,182,565,145,18,5,1976,34,1113,2260,1380,26,113,17,208,61,1053,12,159,967,7,88,25,158,48,49,34,4,61,71,197,350,693,60,925,133,6,230,20,14,150,28,176,1419,22,1297,257,1430
10,47,1273,58,42,5,54,188,178,151,611,5,135,22,9,184,48,253,113,157,4,3,73,166,180,82,287,5,65,63,828,272,75,102,7,5,76,93,680,503,152,11,121,4,67,17,199,10,280,650,9,97,6,47,37,21,12,3,31,74,64,61,117,54,324,29,14,468,9,0,48,13,82,235,12,666,179,401
15,44,974,65,11,9,44,171,198,260,359,4,373,17,7,227,40,201,61,123,4,1,35,348,253,97,255,10,28,69,871,92,136,91,7,3,159,27,930,424,305,8,129,2,60,13,115,3,105,699,9,81,8,49,27,28,28,1,35,64,49,57,83,46,282,33,5,282,10,2,34,10,108,194,10,521,76,209
11,27,1874,42,18,5,21,133,98,102,283,4,142,11,5,221,26,136,14,99,1,1,34,86,207,56,113,5,26,46,405,151,41,78,4,4,24,64,664,205,81,5,132,1,34,7,56,4,184,559,11,90,3,26,25,16,13,1,24,68,30,23,36,45,170,14,10,466,7,0,20,7,68,81,8,395,80,129
10,24,2116,38,22,4,18,127,85,81,282,4,108,10,4,213,25,128,11,97,1,1,36,62,191,49,98,4,27,42,349,179,31,76,4,4,16,81,601,181,60,5,130,1,31,6,52,5,217,527,11,91,3,22,26,14,10,1,22,69,27,20,32,45,156,12,12,524,6,0,19,7,60,70,7,380,85,125
10,19,2388,35,15,4,13,112,69,74,206,4,119,8,3,232,20,101,4,81,0,0,26,52,206,43,70,4,18,38,272,134,26,69,3,3,11,65,611,130,50,4,135,0,24,4,31,3,174,503,12,88,2,18,22,14,11,1,20,66,20,14,20,42,123,9,11,505,5,0,14,5,58,47,6,310,60,79
15,59,831,76,18,9,72,205,265,306,545,5,342,24,10,207,55,278,176,157,7,2,54,458,234,116,406,9,47,81,1238,133,176,105,9,4,265,36,929,668,397,12,125,5,84,20,221,6,140,754,9,86,10,65,33,31,25,2,40,68,74,91,151,51,391,46,7,295,12,3,53,14,117,332,13,688,121,381
14,73,738,83,28,8,103,234,325,332,762,5,299,32,12,188,69,356,400,190,10,3,76,536,213,131,575,8,71,90,1594,184,206,117,11,5,370,47,902,941,461,15,119,7,108,28,371,9,181,787,8,90,12,81,39,32,22,3,43,71,100,130,239,55,500,58,8,311,13,3,74,18,122,499,15,852,177,616
6,42,1982,45,172,2,52,189,129,66,937,5,37,26,9,148,49,279,131,185,3,6,144,52,121,59,249,2,136,51,621,888,29,107,5,6,21,391,449,471,51,12,114,5,63,18,270,28,835,560,10,117,4,37,49,13,4,8,24,87,70,50,127,61,315,19,39,878,6,0,56,15,54,215,13,770,407,645
13,38,1220,56,15,7,36,159,157,181,356,4,242,15,6,217,36,183,42,118,3,1,38,206,226,80,201,7,31,60,682,122,87,88,6,4,82,41,801,346,186,8,128,2,51,11,99,4,141,642,10,85,6,40,27,23,20,1,30,66,44,44,67,46,245,25,7,348,9,1,30,10,90,152,9,492,86,196
14,171,380,138,72,9,417,390,845,694,2209,6,350,89,28,149,163,882,8517,365,39,13,207,1768,187,248,2356,9,236,151,4898,355,606,171,21,6,2561,63,1007,3635,1434,38,106,32,295,98,2288,27,276,1012,7,97,30,205,63,49,24,8,66,79,308,557,1341,69,1308,172,10,278,21,16,248,40,174,2481,29,1807,507,3045
17,97,482,108,18,12,155,267,496,609,827,5,583,40,15,193,86,435,894,209,17,4,72,1320,247,184,916,12,69,114,2514,122,441,125,14,4,1204,24,1129,1419,1079,19,118,10,148,39,534,7,117,899,8,83,19,117,38,45,38,2,54,67,131,216,375,54,662,96,5,217,17,10,96,21,164,819,18,973,158,764
23,80,451,109,4,21,102,228,455,835,443,4,1317,26,11,244,65,306,301,153,14,1,33,1941,341,189,641,22,28,112,2135,45,582,108,14,3,1510,8,1454,962,1544,13,129,5,112,25,242,2,49,925,8,72,19,102,27,55,74,0,56,59,86,155,204,46,498,89,2,149,18,13,58,15,194,519,14,698,65,333
13,21,1916,40,8,6,14,115,83,109,182,4,209,8,3,252,20,102,5,78,1,0,20,91,244,52,80,7,14,42,327,84,41,69,4,3,22,35,737,144,85,4,138,0,26,4,30,2,112,545,11,82,3,21,20,17,18,0,23,62,21,16,21,40,131,12,7,384,6,0,13,5,70,53,6,304,45,70
10,130,554,106,121,5,290,341,561,372,2132,6,168,75,23,138,133,740,4424,337,24,13,232,715,154,177,1549,5,262,117,3181,564,283,159,15,7,815,126,775,2522,611,32,104,26,222,75,1733,35,441,869,7,104,19,144,65,34,13,10,52,83,245,352,920,70,1014,107,17,394,16,6,201,35,127,1602,25,1613,605,2658
11,105,635,96,76,6,198,298,454,345,1491,6,197,55,19,154,105,569,1823,276,17,8,159,611,172,157,1069,6,168,106,2438,396,242,143,13,6,574,94,810,1750,525,25,110,16,170,53,994,23,335,837,8,100,16,115,55,33,15,7,48,79,177,242,561,65,783,84,14,374,15,5,141,28,123,1038,21,1288,401,1584
24,203,211,190,13,24,472,395,1301,1914,1395,5,1624,78,27,188,166,820,8586,308,61,6,96,7429,296,381,3007,24,103,198,7342,88,1949,163,29,4,13111,11,1650,4222,5521,35,113,27,335,97,1756,8,75,1214,6,77,51,284,46,87,81,2,90,65,293,763,1344,59,1420,293,2,128,31,61,217,36,289,3011,28,1574,200,1881
15,38,1109,60,9,9,34,156,166,231,292,4,373,14,6,240,34,169,33,108,3,1,28,284,264,87,195,10,22,63,709,79,112,85,7,3,112,25,925,328,251,7,133,2,49,10,80,2,96,672,10,81,7,41,24,26,28,1,33,63,40,43,59,44,235,27,5,287,10,1,27,9,102,143,9,452,61,152
10,16,3077,30,16,3,9,102,53,55,180,4,93,6,3,240,16,86,2,73,0,0,24,32,202,36,50,4,16,33,205,148,17,65,3,3,5,81,565,97,32,3,140,0,19,3,22,3,199,474,12,92,1,14,21,11,9,1,18,68,16,10,14,41,101,7,13,595,5,0,11,5,50,33,5,276,57,62
27,49,600,87,1,25,43,167,280,691,200,4,1812,13,6,306,37,170,42,97,6,0,14,1341,425,142,280,28,10,88,1173,20,403,84,10,2,683,4,1566,426,1083,7,144,1,62,11,71,0,26,838,9,65,13,62,18,50,98,0,47,53,42,67,68,39,278,52,1,132,15,7,26,8,179,198,9,421,26,106
14,258,269,176,113,10,826,496,1343,993,3702,6,376,144,42,131,248,1366,38556,498,74,22,335,3175,173,337,4696,9,421,192,8468,483,1027,204,28,7,6656,73,1052,7037,2499,58,99,66,479,179,5582,44,335,1133,6,100,46,323,80,59,25,12,81,82,531,1134,3121,77,2085,291,11,259,26,32,446,59,206,5446,38,2593,842,6652
9,167,507,115,261,4,458,404,696,364,3495,6,116,110,31,118,179,1032,13020,441,33,24,404,736,128,195,2375,4,496,130,4215,1027,300,182,17,8,1035,220,699,3885,629,44,97,45,304,116,3527,68,722,896,7,112,23,182,83,33,10,17,55,89,366,538,1684,78,1384,134,25,461,17,7,318,48,124,2669,31,2168,1120,5301
3,17,6041,21,381,0,13,119,37,12,589,5,6,12,4,142,23,137,9,124,0,4,129,4,85,22,58,0,110,25,160,1948,3,81,2,7,0,1574,250,128,4,6,117,1,23,6,74,35,2032,375,13,135,0,12,44,4,0,10,12,95,28,10,29,58,127,4,107,2018,3,0,22,8,24,45,7,461,409,263
13,54,998,68,27,7,65,200,228,227,590,5,227,24,9,196,53,273,155,160,6,2,63,299,209,101,360,7,56,74,1064,187,124,105,8,4,159,56,814,608,266,12,124,4,78,19,220,8,194,713,9,92,9,58,35,26,18,2,36,71,71,79,140,53,369,38,9,364,11,1,52,14,101,296,13,693,148,405
10,34,1688,47,33,4,32,156,122,108,426,4,115,15,6,198,35,183,36,125,2,2,53,97,184,63,168,4,44,51,535,235,47,89,5,4,33,94,633,303,92,8,126,2,46,10,104,7,261,586,10,96,4,32,31,17,11,2,26,73,42,35,62,50,226,18,14,513,7,0,31,10,70,129,9,511,129,230
5,73,126,30,84,65,69,244,103,48,66,39,38,10,43,425,1,2,42,21,24,22,226,17,297,6,7,3,2,983,33,17,6,10,942,544,0,198,22,340,4,11,41,201,85,23,71,2757,355,780,63,628,34,66,44,37,40,13,52,274,20,97,0,70,10082,8,1733,220,16,92,3,34,2,33,423,10,114,355
8,136,57,50,51,124,173,333,240,142,93,39,110,17,69,422,2,3,276,28,70,29,251,89,362,12,22,7,3,1579,86,10,27,12,1662,522,12,79,32,845,23,18,39,420,169,49,181,2492,198,1007,53,562,78,142,48,67,89,12,80,255,39,285,0,72,18864,22,894,123,27,475,6,50,5,101,590,15,119,686
4,285,47,64,581,63,672,560,446,125,431,52,33,56,162,269,6,11,6697,66,185,171,1399,87,211,16,78,2,26,2131,196,74,29,19,2431,914,22,493,23,3044,23,51,33,2161,431,181,1538,19100,978,1118,46,746,123,282,106,62,33,68,97,338,135,985,7,106,47929,44,3183,219,32,611,28,129,4,458,1146,38,814,5591
13,31,122,26,1,250,12,128,58,95,7,26,385,1,14,873,0,0,0,6,8,1,16,36,766,5,1,17,0,778,14,0,10,5,685,232,1,7,44,70,9,2,55,22,27,4,3,117,24,762,75,398,24,32,13,55,266,0,48,178,3,22,0,40,3206,4,190,73,16,128,0,9,4,4,180,2,5,18
9,56,107,31,12,139,38,195,94,82,26,33,137,5,28,596,0,1,9,13,18,7,71,34,482,6,4,8,0,979,27,3,10,8,919,369,1,38,33,200,9,6,47,86,59,12,22,643,94,820,66,504,35,56,26,50,113,3,55,224,11,62,0,55,6810,7,560,120,18,149,1,20,3,17,308,6,30,106
10,63,93,35,11,159,46,207,111,102,27,33,172,6,31,603,0,1,12,14,23,7,72,47,508,7,5,9,0,1078,33,3,14,8,1029,366,3,32,36,237,12,7,47,98,67,14,26,621,83,867,65,496,41,65,27,57,134,3,60,222,12,76,0,55,7667,9,489,107,20,206,1,22,4,22,329,6,30,119
7,4,900,6,0,74,0,44,4,6,0,21,54,0,2,1104,0,0,0,1,0,0,4,0,617,0,0,5,0,203,0,0,0,2,136,184,0,27,20,3,0,0,66,1,2,0,0,48,41,376,121,437,2,3,6,12,64,0,14,177,0,0,0,29,409,0,467,213,4,1,0,1,0,0,54,0,1,0
5,152,76,45,233,65,232,383,226,81,179,46,36,25,88,339,3,5,621,39,72,66,594,41,252,10,27,3,9,1499,87,37,14,14,1576,722,5,320,23,1094,11,25,37,711,203,70,364,7671,607,956,54,695,68,144,70,49,37,32,73,309,56,334,1,88,23219,20,2395,221,23,256,10,69,3,135,724,21,324,1531
6,83,101,34,57,86,81,258,127,68,64,38,60,11,46,448,1,2,55,21,30,20,199,29,337,7,9,4,2,1118,42,12,10,10,1094,514,2,126,26,401,7,12,42,217,97,26,77,2208,256,845,61,597,42,79,42,45,57,11,59,264,22,121,0,69,11283,10,1260,176,19,151,3,35,3,41,444,10,97,358
7,95,78,40,36,116,95,270,159,102,60,37,100,11,49,469,1,2,74,21,40,18,169,51,383,9,11,6,1,1270,53,8,16,10,1273,473,5,73,31,475,13,13,42,232,111,29,84,1678,173,910,58,553,54,95,39,56,85,9,67,248,24,152,0,66,12577,14,858,134,22,260,3,36,4,50,460,10,78,352
6,223,49,60,215,88,418,470,372,143,241,47,58,37,120,328,4,7,2093,49,136,87,715,99,270,15,50,4,12,1976,151,33,31,16,2195,740,20,226,28,1946,26,35,36,1184,313,114,696,8468,504,1108,49,673,109,227,78,67,53,34,94,306,87,647,3,93,34709,36,1862,171,31,619,16,92,5,270,909,27,381,2530
13,87,54,48,4,285,70,236,184,229,27,32,456,7,37,649,1,1,28,15,42,6,57,154,644,12,9,18,0,1438,56,1,39,8,1449,322,15,11,50,364,39,9,47,125,93,19,36,402,41,1023,58,434,70,100,24,89,283,2,81,201,16,134,0,53,10209,17,241,64,28,640,2,25,6,37,371,7,21,131
7,136,64,47,75,104,177,340,228,118,107,41,81,18,71,404,2,4,302,30,67,35,307,69,332,11,21,5,4,1530,82,14,21,12,1601,567,9,115,29,859,18,19,39,459,171,51,203,3268,267,988,54,598,73,137,52,61,70,15,77,270,42,280,0,76,19240,21,1171,146,26,379,7,53,4,102,611,16,150,802
8,135,55,51,39,143,166,330,246,160,84,39,138,16,66,450,2,3,236,27,71,25,217,104,397,13,21,8,2,1623,87,8,30,12,1707,501,14,62,35,814,27,18,41,385,166,46,160,2051,164,1038,54,552,82,143,45,72,107,10,84,252,37,279,0,71,18407,23,760,113,28,538,6,48,5,96,578,14,100,597
4,14,463,11,21,43,5,96,16,9,10,29,20,1,9,610,0,0,0,6,1,2,43,1,340,1,0,2,0,366,3,6,0,4,284,349,0,159,16,28,0,2,50,15,13,2,2,552,211,474,90,566,6,11,19,15,27,3,22,234,2,6,0,47,1749,0,1535,309,6,5,0,8,1,1,142,2,20,21
6,481,26,94,553,92,1508,744,872,266,662,54,61,94,250,255,11,18,36117,89,439,256,1859,275,228,27,186,4,38,3094,418,65,80,23,3806,955,117,324,29,6727,69,80,32,4409,778,353,3817,22789,792,1362,40,718,234,523,124,94,52,77,135,334,246,2431,19,114,83452,95,2342,157,46,1981,52,191,7,1180,1573,55,1054,11414
11,264,27,84,38,228,464,475,575,411,146,42,293,32,116,423,4,7,1996,40,211,43,316,437,440,24,64,13,4,2606,227,7,106,15,3012,535,113,37,47,2225,106,32,39,956,352,110,511,2622,129,1337,46,531,184,314,56,122,186,13,128,251,81,876,3,78,37254,62,529,76,45,2343,14,80,9,321,869,23,141,1489
7,94,84,38,50,98,97,272,150,86,67,38,75,12,50,443,1,2,81,22,38,21,200,40,348,8,11,5,2,1221,50,10,13,10,1218,502,3,101,28,480,11,13,41,250,111,30,93,2120,222,881,58,575,50,92,42,51,68,11,64,256,25,150,0,68,12708,13,1075,153,21,212,4,38,3,51,470,11,96,404
10,85,68,43,11,191,73,244,161,151,36,34,230,8,40,580,1,1,34,17,37,9,87,86,523,10,9,11,0,1321,50,2,24,9,1315,380,7,26,40,372,22,10,46,149,94,21,46,716,77,964,60,489,58,91,29,71,166,4,73,222,18,127,0,58,10498,14,429,91,25,386,2,28,5,38,395,8,36,182
7,52,131,28,20,105,35,192,80,59,29,34,86,5,28,561,0,1,8,14,15,8,87,21,422,5,4,6,0,891,23,5,7,8,823,403,0,65,28,184,5,6,47,87,55,12,23,874,138,772,69,541,29,49,29,42,79,5,50,238,11,54,0,57,6467,6,804,153,16,97,1,21,3,16,307,6,39,117
7,48,150,26,25,89,32,186,71,47,29,34,65,5,27,546,0,1,6,13,13,8,94,15,394,5,3,5,0,829,20,6,5,7,756,418,0,85,26,167,4,6,46,83,51,11,22,1000,168,739,70,560,25,44,29,37,64,5,46,244,10,48,0,58,6071,5,974,175,15,72,1,20,2,14,299,6,43,117
7,38,170,23,16,95,21,160,56,42,20,32,73,3,21,595,0,0,2,11,9,5,65,12,427,4,2,5,0,731,15,4,4,7,648,372,0,64,26,114,3,5,48,54,38,7,12,660,128,697,73,531,21,35,24,35,71,4,42,231,7,32,0,53,4613,4,806,166,13,56,0,16,2,8,249,4,28,69
10,113,55,49,19,175,119,288,215,172,56,36,197,12,53,503,1,2,108,22,56,16,136,111,459,12,15,10,1,1517,72,4,31,10,1567,427,13,36,39,596,29,14,42,254,132,33,93,1174,103,1012,55,505,74,122,36,75,144,6,80,231,27,208,0,63,14615,20,521,94,27,535,4,38,5,67,487,11,59,347
9,146,50,56,33,164,184,343,277,193,84,39,172,17,70,463,2,3,281,28,81,25,209,135,422,14,24,9,2,1745,99,7,38,12,1856,493,20,51,38,901,35,19,41,409,180,50,172,1890,143,1088,53,543,92,159,45,81,127,9,90,249,40,318,0,71,19769,26,662,103,31,691,6,50,6,109,600,14,94,616
4,91,130,31,250,44,107,289,118,38,120,43,19,15,58,347,1,3,126,29,31,45,458,13,227,6,11,2,6,1035,41,42,5,11,1013,688,0,486,18,512,3,16,38,362,115,36,154,6589,752,778,60,713,36,79,60,32,23,28,52,309,31,140,0,81,13599,9,3235,301,16,81,5,47,2,54,530,14,257,784
9,74,85,37,16,145,60,228,128,104,36,34,146,7,37,549,1,1,24,16,28,10,96,50,460,8,7,8,0,1149,40,4,15,9,1119,397,3,41,34,308,13,9,45,134,81,18,40,869,104,882,62,510,46,75,30,57,117,5,63,229,16,100,0,58,9209,11,579,113,21,233,2,26,4,30,371,8,41,175
9,358,24,93,98,175,817,583,749,400,271,46,185,51,164,346,7,10,7687,56,320,88,626,453,349,28,109,9,10,2942,323,16,114,18,3527,659,153,75,41,3806,111,49,35,1877,518,188,1239,5858,237,1383,42,582,224,420,76,119,126,25,138,275,134,1483,7,90,54710,83,847,92,48,2715,25,117,8,607,1131,33,304,3512
12,193,32,72,20,248,271,389,419,355,89,38,344,21,84,481,3,4,591,30,134,25,191,334,495,20,37,14,2,2210,154,4,82,13,2457,460,66,26,48,1328,82,22,41,531,241,67,238,1496,90,1243,49,499,141,228,44,113,215,8,113,234,51,515,1,70,25739,44,412,71,40,1659,8,57,8,174,680,16,81,735
17,149,31,71,4,419,158,318,361,483,42,34,836,12,59,631,2,2,150,20,99,10,77,478,712,20,23,26,0,2109,121,1,105,10,2285,343,76,7,64,804,115,14,46,255,169,38,90,489,34,1266,52,428,133,186,29,137,443,2,114,203,30,329,0,58,17858,38,184,47,41,2039,4,38,10,96,517,11,28,270
9,41,138,26,8,135,22,162,66,63,17,31,133,3,21,659,0,0,2,10,11,4,48,22,514,5,2,8,0,816,18,2,7,6,734,334,0,34,32,121,5,4,50,50,40,7,11,435,79,754,72,492,25,39,22,44,113,2,47,217,7,36,0,50,4781,5,515,125,15,92,0,15,3,9,247,4,20,58
7,286,36,74,180,113,607,533,522,221,280,47,89,46,145,326,6,9,4488,55,208,98,755,189,291,20,76,5,13,2388,221,27,55,17,2755,730,51,159,32,2817,48,43,35,1603,412,153,1023,8249,404,1226,45,644,153,309,81,86,72,33,112,297,113,1000,5,94,44778,54,1442,136,38,1184,22,108,6,421,1042,31,391,3334
7,219,41,65,102,123,385,447,402,199,181,44,105,32,110,362,4,6,1602,42,143,60,479,156,323,17,49,6,7,2078,160,17,45,15,2323,631,33,110,33,1819,40,31,37,966,298,100,531,4953,287,1150,48,602,123,236,65,81,84,22,101,277,76,640,3,84,32633,40,1122,125,34,911,14,81,6,251,841,24,238,1804
16,401,14,126,15,465,819,573,1096,1115,151,40,955,41,150,466,6,9,5703,45,456,40,254,1885,590,42,125,27,3,3797,451,3,364,17,4696,470,730,11,71,3945,424,42,39,1358,545,166,785,1647,57,1669,41,463,359,549,52,215,459,8,185,227,115,1813,6,76,55036,133,234,41,70,9567,19,96,15,642,1042,27,102,1808
11,72,78,39,8,191,54,219,133,133,28,33,232,6,34,616,0,1,17,14,28,7,69,69,546,9,6,12,0,1195,40,2,20,8,1162,356,5,24,40,279,18,8,47,109,76,16,30,561,68,921,63,480,49,76,26,66,169,3,67,217,14,94,0,55,8582,11,400,92,23,300,1,23,5,27,347,7,28,128
6,30,209,19,16,78,15,139,41,30,17,31,54,2,17,588,0,0,1,9,6,4,57,7,398,3,1,4,0,610,11,4,2,6,525,358,0,76,23,81,1,4,47,39,29,5,8,612,139,625,75,527,15,26,22,28,56,3,35,226,5,21,0,50,3601,2,906,186,11,33,0,13,2,5,214,4,25,51
19,84,42,54,1,507,58,219,205,386,16,29,1202,5,32,801,0,1,15,11,44,3,29,314,900,14,8,34,0,1571,60,0,68,8,1590,254,30,3,69,313,76,7,51,85,84,15,21,164,16,1111,59,375,83,104,18,121,610,0,91,176,13,125,0,46,9059,20,108,40,33,1153,1,20,8,31,327,5,9,71
9,579,17,124,173,187,1779,786,1276,597,500,51,199,91,259,310,12,18,41368,83,656,170,1118,858,329,40,240,9,22,3958,603,24,206,23,5037,788,434,94,44,8086,204,81,34,4150,910,375,3424,10632,314,1616,39,625,361,706,102,150,131,41,177,299,253,3313,21,105,94170,151,989,90,63,5583,50,184,10,1479,1607,52,561,8651
5,380,32,81,430,88,1028,643,668,216,494,52,58,71,200,269,8,14,15765,74,307,188,1416,197,234,23,126,4,27,2671,306,55,59,21,3188,881,68,299,28,4640,50,63,32,2997,590,252,2326,17309,704,1262,42,699,184,404,108,83,50,62,120,323,180,1632,12,106,63950,71,2216,161,40,1366,37,153,6,761,1328,44,791,7386
2,37,396,14,591,15,29,186,34,7,78,42,3,7,30,330,0,1,9,20,6,34,431,0,158,2,2,0,5,514,10,100,0,8,442,740,0,2056,9,145,0,8,39,135,44,13,44,8609,1912,524,75,832,10,26,55,12,6,36,27,340,12,30,0,78,5673,1,9058,704,7,7,2,27,0,11,333,8,273,340
8,107,67,44,31,136,113,287,189,129,63,37,129,12,53,477,1,2,103,22,49,19,167,73,407,10,14,8,1,1404,64,7,22,10,1433,467,8,58,34,563,19,14,42,263,126,33,98,1583,149,965,57,541,64,111,40,64,103,8,74,245,27,187,0,66,14158,17,732,118,25,367,4,39,4,62,490,11,76,389
7,68,115,31,38,91,56,227,103,62,46,36,66,8,37,488,1,1,24,18,22,14,143,24,365,6,6,5,1,1002,32,9,8,9,956,467,1,100,26,285,6,9,44,147,76,19,46,1537,205,806,64,575,35,64,36,43,63,8,54,253,16,85,0,64,8842,8,1079,169,17,119,2,28,3,27,378,8,67,225
32,124,135,3,5,423,36,4,45,5,0,222,147,51,350,149,34,106,389,115,1,51,716,77,1242,58,14,8,27,17,62,15,34,138,0,19,0,913,11,1149,6,58,11,110,40,0,39,271,24,8,366,143,214,119,65,15,10,67,66,106,16,18,49,71,61,77,328,243,17,0,90,118,41,206,6,5,388,61
46,249,56,6,3,861,104,6,118,20,0,226,477,92,592,148,62,187,3160,159,6,71,822,475,1553,120,47,17,34,30,179,8,161,171,1,19,13,337,18,3198,37,100,11,253,86,1,114,248,12,10,303,127,545,280,73,31,24,61,109,99,34,62,161,74,125,232,159,130,29,4,186,186,75,703,10,8,412,130
28,519,47,8,45,424,406,11,217,17,2,298,137,298,1400,93,152,522,78987,369,18,420,4732,446,885,158,167,7,262,41,404,66,171,268,3,34,24,2227,12,11582,36,268,9,1327,221,8,999,1997,68,12,263,170,840,553,163,28,8,336,130,131,116,216,995,109,322,442,594,236,34,6,750,476,68,3192,20,23,2929,1101
77,53,121,3,0,1702,6,2,26,12,0,146,1651,10,115,306,10,27,6,35,0,3,50,183,3252,51,3,40,0,14,27,0,59,75,0,7,1,32,24,242,14,15,15,11,12,0,1,10,1,7,421,87,162,59,19,24,73,4,63,66,2,4,4,39,19,45,31,75,17,0,13,33,61,33,2,1,18,2
51,96,109,3,0,922,20,3,42,10,0,184,562,28,234,208,22,64,89,72,1,16,220,164,2023,63,9,19,6,17,53,2,59,109,0,12,1,164,17,690,13,35,13,47,27,0,12,60,5,8,377,112,227,103,38,22,30,19,71,85,8,12,21,54,41,75,98,126,19,1,44,72,55,113,4,3,99,17
55,109,91,4,0,1064,25,3,51,13,0,184,714,31,256,208,25,71,129,75,1,17,220,233,2120,72,11,22,6,19,64,2,80,113,0,12,3,131,19,826,18,39,13,54,31,0,15,57,4,8,363,109,270,120,39,25,36,18,78,83,10,15,26,54,47,92,84,110,21,1,50,78,62,141,5,3,98,20
40,6,1102,0,0,440,0,0,1,0,0,119,185,0,19,395,1,3,0,10,0,0,13,1,2549,7,0,10,0,2,0,0,0,34,0,6,0,131,10,9,0,2,18,0,0,0,0,3,2,3,715,98,12,4,9,4,14,1,16,67,0,0,0,28,1,1,89,248,3,0,0,6,14,0,0,0,5,0
30,261,77,5,17,421,129,7,103,10,0,256,141,128,718,115,74,243,6322,210,6,153,1902,194,1030,97,53,7,88,27,166,32,79,193,1,26,5,1423,12,3840,16,128,10,403,97,2,214,761,41,9,304,155,436,265,104,21,9,153,94,117,45,67,238,88,145,192,439,235,24,2,272,243,53,864,12,11,1103,277
37,140,103,4,3,557,43,4,56,8,0,214,236,54,373,153,37,113,531,115,2,46,618,134,1386,69,18,11,23,20,78,10,54,139,0,18,1,548,13,1366,11,61,11,118,45,0,43,211,16,8,345,132,269,143,61,19,14,54,75,99,17,23,58,68,69,100,227,186,19,1,96,122,49,255,7,5,320,61
45,166,78,5,2,782,54,5,74,13,0,210,415,58,409,163,41,123,771,118,3,43,535,258,1613,87,24,15,20,23,104,6,93,143,1,17,5,313,16,1701,21,66,11,132,54,0,49,162,11,9,331,124,359,180,58,25,22,43,88,94,20,31,72,66,80,138,152,140,23,2,107,129,62,332,7,6,262,63
35,400,48,8,15,587,248,9,179,19,1,265,242,191,1014,112,109,355,24158,266,13,207,2336,507,1121,147,107,10,116,37,308,28,182,225,2,26,22,972,14,7272,40,184,9,709,158,5,440,849,33,11,274,150,741,439,118,30,13,167,124,116,73,140,509,93,228,361,332,177,33,6,443,332,73,1851,15,16,1321,483
79,160,50,6,0,2028,42,4,91,34,0,179,2088,39,323,227,33,89,335,83,4,15,179,879,2768,117,21,44,5,28,119,0,246,123,1,11,18,46,28,1386,67,49,13,74,47,0,22,37,2,11,327,95,494,199,36,42,82,12,109,75,14,29,45,53,67,182,39,63,31,7,66,92,98,264,6,4,72,24
41,242,63,6,5,703,103,6,108,16,0,233,338,97,602,140,62,193,3308,166,6,83,991,350,1397,110,45,13,42,29,166,12,126,174,1,20,9,497,16,3157,28,103,11,269,85,1,125,323,17,10,307,134,492,264,79,27,18,76,103,103,35,59,166,76,125,209,210,154,27,3,195,193,67,690,10,9,516,149
50,244,53,6,2,980,98,6,120,22,0,220,594,86,566,156,59,177,2696,149,6,60,696,554,1674,124,45,19,28,31,179,6,181,166,1,18,16,257,19,3047,43,94,11,228,84,1,100,199,10,11,303,123,562,280,67,33,29,51,112,95,31,60,147,71,121,237,132,116,30,5,171,175,79,665,9,8,339,111
27,22,557,0,1,262,1,1,6,0,0,167,72,7,75,217,6,18,0,34,0,6,129,4,1404,14,0,5,2,5,6,6,2,66,0,12,0,791,8,82,0,10,14,7,5,0,0,51,15,4,534,130,35,18,27,5,6,17,26,90,1,0,1,46,9,8,306,365,6,0,8,26,17,8,1,1,65,2
35,916,25,13,42,638,978,15,451,40,4,310,267,512,2223,87,255,868,496594,507,48,643,6373,1565,963,271,427,11,388,62,919,57,508,328,5,35,145,1381,16,27424,119,437,8,2871,421,18,2679,2386,53,15,225,162,1688,1082,191,44,14,384,187,129,223,580,2787,117,587,1022,417,162,51,24,1456,724,102,8949,28,34,3829,2381
65,514,24,12,2,1670,308,10,309,66,0,240,1391,177,1047,148,117,348,28206,231,24,108,1058,2723,1909,250,152,33,49,53,519,5,724,222,4,19,157,149,27,9297,198,181,10,627,194,5,360,262,7,15,258,119,1388,671,86,60,55,63,181,96,74,216,560,80,266,699,88,76,52,31,409,307,135,2512,15,14,498,307
40,165,86,4,3,658,55,5,70,11,0,217,309,62,421,155,42,129,836,124,3,50,642,201,1475,82,23,13,24,23,99,9,76,147,1,18,3,446,15,1717,16,69,11,143,54,0,55,208,14,9,336,130,333,173,63,22,18,53,84,99,21,30,76,69,81,128,196,164,22,1,114,136,57,334,7,6,326,73
62,154,67,5,0,1328,42,4,78,21,0,194,1008,43,342,204,34,97,379,94,3,23,276,462,2239,99,20,28,9,25,104,2,146,130,1,13,8,109,22,1376,36,53,12,86,47,0,28,67,4,10,342,109,404,178,44,33,46,21,98,85,15,27,49,58,68,149,73,94,27,3,75,102,79,259,6,4,121,33
44,88,137,3,1,688,18,3,35,7,0,192,341,28,228,196,21,63,77,74,0,19,270,97,1768,53,8,14,8,16,44,4,38,110,0,14,0,284,15,618,8,35,13,46,25,0,12,82,8,7,393,121,186,89,42,18,20,25,64,90,8,10,19,57,39,60,145,164,16,0,44,73,46,99,4,3,128,19
39,80,157,2,1,572,16,3,30,5,0,191,253,26,215,188,20,60,62,72,0,19,287,68,1621,47,6,11,9,14,37,5,28,107,0,14,0,375,13,545,5,33,12,43,23,0,11,93,10,7,398,124,158,78,43,15,16,27,58,92,7,8,17,57,35,50,176,188,15,0,41,70,41,85,4,3,140,19
41,63,180,2,0,605,10,2,23,4,0,180,283,19,168,207,15,45,24,58,0,13,196,55,1766,40,4,12,5,12,27,3,23,94,0,13,0,285,13,368,4,25,13,27,17,0,6,61,8,6,418,118,129,61,35,14,17,19,53,87,5,5,10,52,26,38,146,179,13,0,28,54,39,53,3,2,92,10
58,207,54,6,0,1228,71,5,106,25,0,206,877,65,462,177,48,138,1252,122,5,38,440,612,1975,119,34,25,16,29,152,3,192,150,1,15,15,149,21,2268,47,74,12,153,67,1,58,114,6,11,313,113,524,243,55,35,40,32,110,89,23,45,96,64,97,210,90,97,30,5,122,139,84,470,8,6,202,65
54,268,47,7,1,1142,111,6,137,28,0,222,758,92,603,161,64,188,3335,155,8,60,676,745,1801,139,52,23,27,34,207,5,233,172,2,17,23,209,21,3448,58,100,11,248,92,2,110,184,8,11,301,121,648,316,68,37,35,48,122,95,34,70,167,71,132,278,114,105,33,7,184,184,89,770,10,8,323,117
24,151,139,3,19,277,55,5,50,4,0,244,71,76,460,120,45,149,1121,154,2,103,1451,56,928,57,21,4,61,18,75,38,27,158,0,25,0,2299,9,1688,4,80,10,194,52,1,84,655,53,7,347,161,221,138,89,13,5,137,65,118,24,25,89,81,81,85,622,335,16,0,144,163,36,324,8,8,869,134
53,131,86,4,0,992,34,4,60,14,0,196,622,40,311,194,31,89,260,90,2,24,306,258,1971,80,15,20,10,21,79,3,90,126,1,14,4,175,18,1112,20,48,12,77,39,0,24,83,6,9,355,115,311,144,46,26,32,25,84,88,13,20,39,59,59,111,102,120,22,2,68,96,64,200,6,4,140,31
55,713,22,13,6,1289,558,12,411,65,1,269,879,291,1517,122,173,539,113190,330,37,226,2166,2850,1534,288,266,24,113,61,753,13,789,268,5,24,215,309,24,16331,208,276,10,1270,293,9,905,609,15,15,242,133,1717,915,120,59,38,126,198,108,127,376,1226,94,402,949,147,94,56,36,742,458,133,4874,21,21,1108,753
70,368,29,10,0,1794,174,8,219,56,0,219,1610,114,744,167,81,234,7901,171,14,61,623,2027,2136,202,87,36,26,44,343,3,543,186,3,16,88,102,27,5386,149,124,11,338,130,2,162,145,5,13,274,111,1040,475,66,55,63,39,157,89,46,123,272,70,179,479,68,70,45,21,242,216,124,1319,12,10,280,146
100,289,28,10,0,3141,104,6,195,80,0,194,4151,69,529,223,57,153,2084,118,11,25,251,3092,3137,207,55,68,8,43,277,0,734,156,3,12,110,30,37,3340,221,82,13,164,93,1,62,46,1,14,294,95,1015,399,45,68,138,15,162,77,27,81,129,59,127,430,29,46,48,27,133,144,151,751,9,6,98,53
51,69,142,3,0,885,11,2,29,7,0,173,533,18,170,229,16,44,26,55,0,10,147,102,2142,49,5,19,4,14,33,1,39,94,0,11,0,144,17,403,8,25,13,26,18,0,5,39,4,7,408,108,162,71,32,19,29,13,60,81,5,6,10,49,28,48,90,131,16,0,27,53,48,60,3,2,65,9
41,531,34,10,13,777,379,11,263,32,1,269,384,244,1261,112,139,449,57053,305,22,239,2508,1047,1224,198,170,14,129,47,471,23,339,248,3,26,60,666,17,11062,80,231,9,1003,216,7,683,835,26,13,255,144,1081,622,124,40,19,164,152,113,99,229,825,95,306,564,253,139,41,13,598,401,93,3059,18,19,1377,664
43,402,38,8,7,845,235,9,199,29,0,247,453,168,943,124,102,321,19591,235,14,145,1567,851,1357,167,106,16,74,40,335,14,276,213,2,22,39,458,18,7007,66,167,10,592,154,4,345,492,18,12,267,134,859,469,98,37,23,106,136,105,66,143,449,84,219,416,195,127,37,10,382,297,88,1787,14,14,823,351
103,856,12,20,0,3719,615,13,659,207,0,240,5164,246,1463,167,173,488,100321,271,60,106,885,14213,2687,468,337,75,42,84,1162,2,2914,256,7,17,1298,44,43,18605,947,252,11,988,332,9,627,168,3,19,232,105,3022,1300,84,116,153,43,282,89,116,514,1157,80,432,1690,37,40,86,156,615,395,240,5761,20,18,373,412
62,126,76,4,0,1310,30,4,63,18,0,185,1000,34,283,215,28,78,188,80,2,17,215,361,2316,86,14,28,6,22,80,1,117,118,1,12,5,98,22,1009,28,43,13,62,37,0,18,52,3,9,354,106,334,144,39,30,47,17,89,82,11,19,32,55,54,117,68,94,24,2,57,84,73,179,5,3,93,22
38,50,237,2,0,512,7,2,17,3,0,180,213,15,142,214,12,37,11,52,0,11,179,33,1713,32,2,10,4,10,20,4,15,88,0,13,0,361,12,264,2,21,13,20,13,0,4,58,9,6,450,122,98,46,34,12,14,19,46,89,4,3,6,52,21,27,174,213,11,0,21,46,33,35,3,2,86,8
118,162,39,7,0,3844,37,4,109,63,0,167,6033,31,289,288,30,76,209,68,4,8,93,2000,4026,147,20,88,2,32,136,0,475,116,1,8,43,13,40,1272,145,41,14,53,45,0,14,15,0,12,334,84,630,221,28,61,192,5,130,67,11,29,35,47,63,227,17,39,38,15,51,77,136,239,5,3,33,13
54,1132,14,18,12,1340,1213,16,692,97,3,288,928,503,2343,104,277,887,639786,470,77,424,3767,5453,1384,404,584,24,221,81,1397,19,1416,327,7,28,631,364,24,34612,386,446,9,2794,508,19,2519,1074,19,17,211,137,2727,1518,155,73,38,199,247,112,236,842,3219,106,681,1708,162,87,71,77,1447,705,159,11932,29,32,1992,1850
34,712,30,11,32,605,651,13,339,31,3,294,249,383,1756,92,198,666,206094,418,33,466,4804,1087,986,223,282,10,276,53,658,48,365,292,4,32,81,1281,15,18475,84,338,8,1909,313,12,1587,1796,47,13,236,157,1305,821,166,39,13,305,163,124,161,379,1692,109,442,742,397,167,44,15,1027,575,91,5609,24,27,2847,1505
13,56,481,1,47,90,12,3,12,0,0,236,11,34,222,113,19,68,65,100,0,72,1317,3,627,19,4,1,49,8,16,95,2,116,0,26,0,10981,4,406,0,37,11,63,17,0,20,849,147,4,441,190,56,40,79,4,1,172,31,131,8,4,17,77,30,17,1903,851,6,0,54,88,14,58,4,4,897,51
49,192,66,5,1,936,66,5,91,18,0,213,554,65,455,167,46,138,1131,126,4,45,538,384,1738,103,30,19,20,27,130,5,131,151,1,16,8,247,18,2081,30,74,11,154,63,1,60,154,9,10,324,122,439,215,60,29,28,41,99,94,23,39,90,67,92,174,129,123,27,3,122,141,71,422,8,6,259,72
39,114,119,3,2,590,30,4,45,7,0,205,262,41,302,169,29,88,231,96,1,32,445,111,1514,61,12,11,15,18,60,7,44,126,0,16,1,439,14,966,9,48,12,80,35,0,26,146,13,8,366,128,225,115,53,18,16,40,69,96,13,16,36,63,53,78,196,181,18,0,69,98,47,168,6,4,223,38
