1,24,25,24,0,86,37,7,1,82,1,0,0,0,0,0,0,0,0,0,0,21,0,12,2,0,0,0,0,7,104,0,7,0,60,3,77,31,0,412,4,5,0,9,0,1,0,2,0,1,42,62,99,460,80,49,124,169,73,2710,2,46,8,0,0,35,0,0,0,15
24,6,1052,10,2,454,31,2,84,170,4,41,25,4,283,25,82,9,7,48,30,585,14,1230,386,1,1,8,19,20,74,12,5,24,15,36,118,56,1,48,105,71,422,38,13,20,0,58,35,8,4,2,14,27,8,6,14,10,2,130,50,181,7,4,117,17,8,24,0,137
10,0,529,1,0,97,4,0,50,31,1,28,26,2,1056,18,59,23,3,41,25,379,8,1512,636,0,1,4,17,4,7,44,0,53,1,11,14,8,3,2,31,20,867,6,33,3,0,25,16,2,0,0,0,1,0,0,0,0,0,2,32,50,1,4,246,2,23,55,0,70
27,16,1134,17,4,643,49,5,89,225,5,45,21,4,133,20,92,5,7,40,22,483,12,787,220,0,1,8,13,26,131,6,8,14,28,43,201,84,1,108,156,97,357,65,8,39,0,66,44,11,14,8,38,94,24,17,41,36,10,475,39,199,10,2,58,22,3,11,1,111
25,8,1051,12,2,504,36,3,82,190,4,39,23,3,218,23,79,7,7,45,28,559,14,1083,327,0,1,8,17,22,90,9,6,20,19,38,140,64,1,64,114,77,360,44,10,23,0,59,36,9,7,3,19,41,11,9,20,15,4,196,47,193,8,3,96,20,6,20,0,134
16,1,788,3,1,220,10,1,70,72,2,38,27,3,531,21,79,14,5,45,27,454,11,1286,463,0,1,5,17,9,24,23,2,36,4,21,43,22,2,11,64,40,716,16,23,10,0,41,27,5,1,0,3,5,2,1,3,2,0,21,37,92,3,4,154,6,12,33,0,90
1,0,106,0,0,7,0,0,14,1,0,13,12,1,1340,4,29,16,0,12,5,57,1,425,239,0,0,0,4,0,0,83,0,42,0,1,1,0,2,0,5,2,1926,0,58,0,0,4,4,0,0,0,0,0,0,0,0,0,0,0,4,3,0,1,104,0,11,22,0,6
23,8,961,15,2,505,41,3,71,214,5,30,19,3,193,24,61,7,8,42,29,590,15,1117,334,0,1,9,17,24,100,7,6,17,22,39,147,69,1,78,97,72,235,41,7,18,0,55,29,8,7,3,21,44,13,9,22,17,4,213,52,220,10,3,100,25,6,21,0,158
19,9,828,10,2,427,30,3,67,147,3,34,17,3,120,15,70,4,5,31,17,361,9,630,181,0,1,5,10,17,80,5,5,12,16,30,126,54,1,60,108,67,305,42,7,25,0,48,32,7,7,4,21,49,13,10,22,19,5,245,29,136,6,2,49,14,3,10,0,80
10,36,338,44,1,476,91,11,18,298,4,5,3,0,9,7,10,0,3,9,8,232,6,236,53,0,0,4,4,30,243,0,15,1,88,26,252,107,0,443,47,45,10,46,0,11,0,21,8,5,46,41,118,381,84,56,135,142,48,2053,23,221,19,0,13,67,0,2,1,100
3,46,111,40,1,259,73,12,5,187,2,1,0,0,1,1,2,0,1,2,2,73,2,52,10,0,0,1,1,18,212,0,13,0,95,12,187,73,0,593,20,20,1,28,0,6,0,7,2,2,70,90,167,705,131,81,205,260,105,4053,7,113,14,0,2,54,0,0,1,38
8,0,531,0,0,55,1,0,68,10,0,62,41,3,1771,12,136,26,2,40,15,209,4,1034,481,0,1,2,11,1,2,119,0,79,0,7,6,3,4,0,38,16,5059,4,118,5,0,24,26,2,0,0,0,0,0,0,0,0,0,1,14,17,0,2,173,0,14,35,0,22
18,1,907,3,1,228,10,0,80,78,2,43,34,4,868,27,88,22,6,58,36,595,14,1873,708,1,1,7,24,10,22,36,1,53,4,23,42,22,3,9,64,42,880,15,31,9,0,46,29,5,1,0,2,3,1,1,2,1,0,14,50,108,3,5,251,6,21,55,0,120
2,41,54,24,0,147,43,10,2,97,1,0,0,0,0,0,1,0,0,1,0,28,0,16,3,0,0,0,0,9,136,0,8,0,62,6,119,42,0,433,12,12,0,19,0,4,0,4,1,1,63,103,145,723,121,72,186,264,119,4337,2,51,8,0,0,26,0,0,0,14
22,2,971,7,1,328,21,1,74,145,4,31,28,3,674,35,63,21,9,61,48,829,20,2300,821,1,2,10,31,17,44,23,3,44,9,33,71,40,3,24,63,51,395,21,17,8,0,51,25,6,2,0,5,7,3,2,5,3,0,33,76,195,6,7,297,16,26,68,0,218
20,2,988,4,1,276,14,1,86,95,3,45,33,4,718,28,93,19,7,58,36,614,14,1771,644,1,1,7,23,12,30,30,2,47,5,27,54,28,3,13,76,50,824,20,28,11,0,51,32,6,1,0,3,5,2,1,3,2,0,24,51,124,3,5,219,8,17,47,0,126
25,2,1261,4,2,319,13,1,123,86,3,80,46,5,768,27,169,19,6,66,32,547,13,1533,549,1,1,6,20,11,30,41,2,53,4,29,61,28,3,12,122,65,1883,27,47,23,0,66,53,7,1,0,4,7,2,2,4,3,0,31,42,104,3,4,171,5,12,35,0,90
19,2,1004,3,2,258,10,1,101,65,2,70,36,4,516,19,148,12,5,49,22,382,9,1022,359,0,1,5,14,8,25,30,1,37,3,22,50,23,2,10,109,54,1682,23,38,22,0,53,46,6,1,0,4,6,2,2,4,2,0,30,28,74,2,2,107,4,7,21,0,59
5,45,165,31,1,300,63,11,9,170,2,2,1,0,2,2,5,0,1,3,2,82,2,64,12,0,0,2,1,17,189,0,11,0,71,13,190,70,0,424,33,28,4,35,0,10,0,11,5,3,59,74,142,589,111,69,174,217,87,3370,8,103,12,0,2,36,0,0,1,33
21,13,838,21,2,553,55,4,58,253,5,23,14,2,108,20,46,4,7,33,24,520,13,849,237,0,1,8,14,28,136,3,9,10,34,39,185,85,0,129,92,72,130,47,4,18,0,49,25,8,12,7,35,82,22,16,37,31,8,404,47,240,13,2,68,35,4,14,1,154
17,3,697,11,1,330,29,1,47,171,4,17,15,2,269,25,34,10,7,39,35,650,16,1477,480,1,1,9,21,19,62,8,4,21,15,30,87,48,1,45,49,44,133,21,6,6,0,38,16,5,3,1,9,15,5,4,8,6,1,70,63,210,8,5,168,25,14,39,0,206
7,0,400,0,0,55,2,0,41,16,1,26,25,2,1356,14,55,25,2,34,20,273,6,1302,595,0,1,2,14,2,3,62,0,60,0,7,7,4,3,1,21,13,1212,3,44,2,0,18,13,1,0,0,0,0,0,0,0,0,0,1,22,27,0,3,240,1,24,53,0,44
23,3,1065,7,1,361,22,1,85,144,4,39,31,4,606,32,80,18,8,61,43,760,18,2002,698,1,2,9,27,17,48,23,3,42,9,34,79,42,3,26,80,58,523,25,19,12,0,56,31,7,2,0,6,10,3,3,6,4,1,44,67,182,6,6,239,15,19,53,0,182
10,39,325,43,1,470,89,12,18,285,4,5,2,0,8,6,10,0,3,8,8,208,5,203,44,0,0,4,3,28,244,0,15,1,88,25,254,105,0,452,48,44,10,47,0,13,0,21,8,5,49,46,126,425,91,60,146,159,55,2314,20,204,18,0,11,62,0,2,1,87
12,4,436,16,0,297,38,2,25,197,4,7,7,1,100,17,14,4,5,22,25,500,12,942,281,0,1,7,15,21,81,2,6,8,24,25,97,54,0,80,30,33,32,19,1,4,0,25,8,4,5,2,14,27,8,6,14,10,2,126,53,225,10,4,97,40,8,23,0,206
26,2,1169,7,1,367,21,1,94,146,4,43,36,4,817,38,88,24,9,71,51,876,21,2460,883,1,2,10,33,17,46,30,3,54,9,36,77,42,3,23,82,60,632,24,24,11,0,61,33,7,2,0,5,8,3,2,5,3,0,35,78,194,6,7,312,15,26,70,0,208
5,0,347,0,0,32,1,0,45,6,0,41,29,2,1531,9,91,22,1,28,11,145,3,783,379,0,0,1,8,1,1,101,0,63,0,4,3,2,3,0,23,10,3829,2,94,3,0,16,16,1,0,0,0,0,0,0,0,0,0,0,10,10,0,2,142,0,12,29,0,15
16,14,619,19,1,463,49,4,41,214,4,16,9,1,57,13,32,2,5,22,16,362,9,535,143,0,0,6,9,23,127,1,8,6,33,31,168,74,0,134,75,58,80,42,2,16,0,37,18,7,14,8,38,97,25,17,41,37,10,492,32,190,11,1,39,30,2,8,0,110
15,29,497,38,2,552,85,10,29,311,5,9,5,1,23,11,18,1,5,15,13,325,8,380,91,0,0,6,7,32,223,0,14,2,72,33,253,109,0,332,65,58,26,51,0,15,0,31,13,7,34,26,91,265,62,42,100,99,32,1392,31,246,19,1,24,59,1,4,1,123
25,5,1075,11,1,449,31,2,83,181,5,37,26,4,362,29,76,12,8,53,37,695,17,1554,502,1,1,9,23,21,72,13,5,29,15,38,113,56,2,46,95,69,390,34,13,16,0,59,33,8,4,1,12,22,7,5,12,8,2,102,61,206,8,5,160,20,11,34,0,173
21,8,851,15,1,470,41,3,60,212,5,25,16,2,168,22,49,6,7,37,28,567,14,1060,316,0,1,8,17,24,99,5,7,15,23,36,140,67,1,80,82,64,173,37,6,15,0,48,24,7,7,3,21,43,12,9,21,16,4,207,51,219,10,3,96,27,6,20,0,162
2,38,61,27,0,160,48,9,3,113,1,0,0,0,0,1,1,0,0,1,1,36,1,23,4,0,0,1,0,10,145,0,9,0,67,7,125,47,0,446,12,12,0,19,0,4,0,4,1,1,58,85,135,628,110,67,170,231,99,3701,3,63,9,0,0,33,0,0,0,18
11,0,628,1,0,96,3,0,68,24,1,48,35,3,1247,17,104,24,3,45,21,316,7,1291,550,0,1,3,14,3,6,67,0,63,1,11,13,7,3,1,44,23,2170,7,62,6,0,30,25,2,0,0,0,1,0,0,0,0,0,2,24,36,1,3,198,1,16,41,0,45
19,1,997,2,1,207,7,0,100,56,2,66,43,5,1004,24,140,22,5,60,30,478,11,1568,604,0,1,5,19,7,16,52,1,61,2,21,35,17,3,6,83,44,1969,16,54,13,0,50,40,5,0,0,2,3,1,1,2,1,0,11,37,74,2,4,201,3,15,42,0,76
10,0,520,1,0,102,4,0,51,30,1,31,24,2,720,15,65,16,3,35,19,301,7,1080,434,0,1,3,13,4,8,34,1,40,1,11,16,9,2,3,36,21,940,7,30,5,0,26,18,2,0,0,1,1,0,0,1,0,0,4,24,43,1,3,155,2,13,33,0,51
21,7,881,12,2,440,34,2,67,174,4,31,18,3,178,20,62,6,6,38,25,493,12,942,283,0,1,7,15,20,82,7,5,16,18,34,125,58,1,61,94,65,264,37,8,18,0,50,29,8,6,3,18,37,11,8,18,14,3,180,42,176,8,2,83,19,5,17,0,123
21,7,828,16,1,458,42,3,57,220,5,22,16,2,183,24,44,7,7,38,31,614,15,1182,356,0,1,9,18,24,97,6,6,16,24,36,136,68,1,80,74,61,149,35,6,12,0,47,22,7,6,3,19,38,11,9,19,15,3,181,57,236,10,4,112,30,8,24,0,185
21,5,803,19,1,447,46,2,51,258,6,17,15,2,244,30,33,10,9,43,42,814,20,1699,531,1,1,11,26,28,98,6,7,20,26,39,130,71,1,82,57,55,102,29,5,7,0,44,17,6,5,2,15,28,9,7,15,10,2,130,82,304,12,6,184,43,15,43,0,289
25,2,1197,5,1,340,17,1,105,114,3,56,40,5,803,32,116,21,8,69,41,710,17,2003,720,1,1,8,27,14,37,35,3,54,6,32,68,35,3,17,96,61,1018,25,33,15,0,62,40,7,1,0,5,7,2,2,4,3,0,32,59,146,4,5,241,9,19,52,0,143
38,18,1655,21,5,865,63,6,132,300,7,68,33,5,236,31,138,8,10,62,35,726,18,1261,363,1,1,11,20,35,164,10,10,23,34,60,257,109,1,125,215,134,591,84,14,51,0,96,63,15,15,8,43,102,27,20,46,38,10,506,59,277,13,3,98,29,5,20,1,164
0,18,9,7,2,2,357,51,0,1,109,8,4,0,0,0,0,0,0,0,5,78,2,0,1,1,30,16,0,2,254,0,48,0,85,10,4,2,0,17,1,4,0,8,0,37,3,1,2,1,481,469,271,31,1658,208,4,402,2508,671,18,61,4,0,5,64,0,0,1,4
4,5,253,3,11,9,281,19,4,3,396,851,493,3,23,17,52,11,4,12,154,1365,33,16,89,9,572,145,3,6,174,72,34,1,23,71,6,3,22,2,22,37,431,28,15,416,108,36,87,9,66,22,45,2,213,32,0,33,127,43,238,187,3,0,583,31,28,13,1,29
2,0,146,0,2,2,47,2,3,1,136,606,530,2,83,15,38,28,2,11,150,1066,23,22,162,6,470,79,3,2,24,249,5,4,2,27,1,1,41,0,7,12,772,6,34,86,51,19,44,3,3,1,3,0,10,2,0,1,3,1,186,69,1,1,1343,6,88,32,0,20
3,9,202,3,15,9,302,28,3,2,323,744,323,2,8,10,45,4,2,7,82,801,20,7,37,6,329,98,1,5,208,30,38,0,28,59,7,3,10,3,24,37,305,35,8,616,101,31,83,9,127,58,82,5,415,59,1,73,325,103,132,141,3,0,212,26,8,4,1,16
3,4,182,3,9,7,233,17,3,2,300,601,328,2,13,11,37,6,3,8,102,929,23,10,54,7,387,103,2,4,148,41,28,1,20,53,5,2,13,2,17,29,274,23,9,346,80,27,64,7,65,24,43,2,208,31,0,33,134,44,161,140,3,0,345,25,15,7,1,20
3,1,225,1,6,5,126,7,4,1,252,910,601,3,47,17,57,18,3,13,159,1271,29,20,123,8,545,114,3,3,73,152,15,3,8,50,3,2,33,1,16,25,767,15,27,254,91,31,77,6,18,4,13,0,57,9,0,8,26,9,216,120,2,0,878,14,47,20,0,24
1,0,74,0,1,0,4,0,2,0,24,675,595,2,215,7,45,41,1,8,71,404,8,15,139,2,187,21,2,0,2,917,0,6,0,7,0,0,58,0,3,4,3513,1,122,32,28,8,30,1,0,0,0,0,0,0,0,0,0,0,60,11,0,0,1262,0,90,29,0,4
4,7,254,5,12,10,405,28,4,3,500,709,426,3,18,18,42,9,4,12,165,1518,38,16,86,11,631,170,3,8,250,51,49,1,36,82,8,4,18,4,22,40,271,34,10,412,104,37,80,10,106,38,72,4,343,51,0,54,216,72,276,245,5,0,566,49,27,13,1,37
3,7,204,3,13,8,266,23,3,2,309,772,350,2,10,10,47,5,3,8,88,833,21,8,42,6,344,98,1,5,180,37,33,1,23,57,6,3,12,2,23,35,351,31,10,561,101,30,83,8,99,42,64,4,322,47,1,55,237,76,138,135,3,0,248,23,10,5,1,16
1,18,67,8,7,6,545,57,0,3,320,105,55,0,1,4,6,0,1,2,39,444,12,2,11,3,176,70,0,6,368,2,70,0,82,39,8,4,1,12,7,18,11,24,0,188,28,11,18,4,359,224,218,18,1200,163,3,241,1230,364,89,165,6,0,64,77,2,1,2,16
0,20,22,7,4,3,396,56,0,2,156,28,12,0,0,1,1,0,0,0,10,139,4,0,2,1,54,27,0,3,289,0,53,0,77,17,6,2,0,14,3,8,2,14,0,98,10,4,6,2,466,409,267,28,1594,204,3,370,2201,603,29,80,4,0,11,55,0,0,1,6
1,0,89,0,1,1,9,0,2,0,34,818,497,2,75,6,54,17,1,7,51,340,7,9,67,2,152,22,1,0,5,362,1,3,0,10,0,0,31,0,6,6,2670,3,70,89,41,11,44,1,1,0,0,0,2,0,0,0,1,0,48,14,0,0,504,1,27,11,0,4
3,1,194,1,4,4,98,4,3,1,220,742,560,3,57,17,46,22,3,13,165,1273,29,22,142,8,551,108,3,3,54,171,11,3,6,42,2,1,36,0,12,20,671,11,27,166,73,26,61,5,11,2,8,0,34,6,0,4,14,5,223,109,1,0,1079,12,63,25,0,25
0,19,12,4,3,2,242,44,0,1,79,17,6,0,0,0,1,0,0,0,4,57,2,0,0,0,21,12,0,2,192,0,33,0,51,9,4,1,0,10,2,5,1,10,0,86,6,2,4,1,434,479,239,30,1507,185,4,386,2543,662,11,38,2,0,3,27,0,0,1,2
3,1,189,2,4,5,175,7,3,2,330,497,435,2,43,20,30,19,4,12,205,1646,38,25,157,10,706,149,4,4,93,103,20,2,13,53,3,2,30,1,10,21,280,13,14,132,63,26,48,6,20,5,15,0,63,10,0,8,27,10,316,178,2,1,1236,28,78,30,1,42
3,1,174,1,4,4,102,5,3,1,207,660,464,2,39,14,41,16,3,11,135,1069,25,17,106,7,459,95,3,3,58,121,12,2,7,39,2,1,27,0,12,19,538,11,21,175,68,24,57,5,13,3,10,0,42,7,0,6,19,7,186,101,1,0,778,12,43,18,0,21
4,2,264,1,9,5,110,7,5,1,223,1428,763,4,49,16,91,17,3,14,136,1093,25,16,103,7,468,99,3,3,68,193,13,3,7,50,3,1,35,1,23,30,1529,19,43,434,124,36,113,7,19,5,14,1,61,10,0,9,30,11,171,96,1,0,683,9,32,15,0,17
4,2,248,1,10,5,99,7,5,1,193,1492,711,4,39,13,95,14,3,12,108,886,21,13,78,6,378,83,2,3,64,167,12,2,6,45,3,1,29,0,24,30,1662,19,41,508,125,34,117,7,20,6,14,1,65,10,0,9,35,12,134,80,1,0,496,7,22,10,0,13
0,10,17,3,3,2,173,26,0,1,78,30,11,0,0,1,2,0,0,0,6,77,2,0,1,1,30,14,0,2,132,0,23,0,29,10,3,1,0,5,3,5,3,9,0,93,8,3,5,1,210,184,121,12,719,92,2,167,988,271,14,36,2,0,7,19,0,0,1,2
2,7,140,4,8,7,321,25,2,2,333,346,199,1,6,9,20,4,2,6,87,839,21,8,39,6,345,103,1,5,203,18,39,0,33,51,6,3,8,3,13,25,100,24,3,264,58,21,43,6,106,43,69,4,344,50,1,58,245,79,156,164,4,0,249,39,11,6,1,22
3,2,153,3,4,6,253,12,2,2,373,314,274,1,20,16,19,11,4,9,169,1454,35,18,107,10,614,147,3,5,137,44,29,1,22,54,4,2,17,2,9,20,114,15,6,119,49,22,35,5,38,10,27,1,120,19,0,17,58,21,293,209,4,0,818,45,50,20,1,44
1,0,75,0,1,1,15,0,2,0,54,376,338,1,69,8,24,20,1,6,79,526,11,13,101,3,235,35,2,1,7,222,2,3,1,12,0,0,29,0,4,6,691,2,29,39,27,9,24,1,1,0,1,0,3,0,0,0,1,0,89,27,0,0,866,2,59,21,0,8
4,2,254,2,7,7,217,11,4,2,390,777,586,3,47,23,48,21,5,15,221,1813,42,26,161,11,774,169,4,5,121,128,25,3,16,67,4,2,35,1,16,30,472,19,20,237,93,35,73,8,30,8,22,1,96,15,0,13,44,16,332,199,3,0,1191,29,68,28,1,41
1,19,63,8,7,6,512,58,0,3,290,103,50,0,0,3,6,0,1,2,33,383,10,2,9,3,152,62,0,5,354,1,66,0,77,36,8,4,1,12,7,17,11,24,0,201,27,10,18,4,374,247,225,19,1255,169,3,258,1350,394,76,146,5,0,51,68,2,1,2,14
2,4,145,7,4,7,477,24,1,4,553,208,197,1,12,17,12,8,4,8,188,1717,42,18,99,12,715,192,3,8,255,22,56,0,50,67,6,4,12,5,8,23,44,18,2,106,43,21,28,6,84,25,59,2,269,41,0,39,145,50,377,333,7,0,765,104,48,19,2,67
2,1,143,1,3,4,111,5,2,1,214,436,348,2,32,13,27,14,3,9,135,1080,25,17,104,7,463,97,3,3,61,85,13,2,8,37,2,1,22,0,9,16,284,10,13,117,51,19,40,4,14,3,10,0,43,7,0,6,18,7,199,111,1,0,796,16,47,19,0,25
1,0,94,0,1,1,8,0,2,0,34,866,567,2,102,7,58,23,1,8,60,384,8,10,85,2,173,24,1,0,4,484,1,4,0,10,0,0,39,0,6,6,3135,2,87,79,42,11,44,1,0,0,0,0,1,0,0,0,0,0,55,14,0,0,666,1,38,15,0,4
4,15,218,8,15,11,595,51,3,4,553,534,283,2,7,13,31,4,4,8,122,1224,31,10,50,9,499,158,2,9,389,21,73,0,64,84,11,5,10,8,22,43,137,43,4,495,94,33,69,11,239,109,154,10,782,112,1,138,613,194,225,268,6,0,305,70,13,6,2,33
2,17,112,9,10,8,606,59,1,3,423,205,109,1,2,7,11,1,2,3,64,703,19,4,21,6,282,103,1,7,403,5,77,0,80,56,10,4,3,11,12,26,31,32,1,285,46,17,32,7,328,182,204,15,1087,151,2,207,1003,305,137,214,7,0,125,81,4,2,2,23
4,4,239,3,9,8,271,16,4,2,406,717,474,3,27,19,44,13,4,12,176,1523,37,19,108,10,642,156,3,6,160,77,32,2,22,69,5,3,24,2,18,33,353,24,14,303,94,34,74,8,53,16,37,2,168,26,0,25,91,32,276,201,3,0,750,34,39,17,1,35
4,6,215,5,10,9,387,26,3,3,468,547,347,2,15,16,32,8,4,10,153,1405,35,15,79,10,584,159,2,7,234,40,47,1,36,74,7,4,16,4,17,34,190,29,7,319,84,32,63,9,98,34,66,3,316,47,0,49,197,66,262,236,5,0,527,51,26,12,1,37
0,17,13,5,3,2,275,44,0,1,96,17,7,0,0,1,1,0,0,0,5,75,2,0,1,1,29,15,0,2,210,0,38,0,57,11,4,2,0,11,2,5,1,10,0,75,6,2,4,1,408,407,229,26,1408,176,3,345,2174,579,15,48,3,0,5,35,0,0,1,3
2,0,116,0,2,2,23,1,3,0,72,717,487,2,63,9,46,18,1,8,81,575,12,12,89,3,253,42,2,1,13,245,3,3,1,17,1,0,31,0,7,10,1327,4,43,105,49,15,46,2,2,0,2,0,6,1,0,1,2,1,90,32,0,0,679,2,38,15,0,8
4,1,266,1,7,5,85,4,5,1,206,1463,889,4,78,18,93,26,3,16,163,1239,28,22,144,7,537,103,3,3,50,299,10,4,5,47,2,1,48,0,20,27,1903,15,58,325,117,35,107,6,11,2,8,0,34,5,0,4,15,5,196,92,1,0,1022,8,53,23,0,19
2,0,126,0,2,2,40,2,2,0,107,608,438,2,50,10,38,17,2,9,98,725,16,14,95,4,316,57,2,1,22,172,4,2,2,23,1,1,28,0,8,12,782,6,28,109,50,16,44,3,4,1,3,0,12,2,0,1,5,2,120,50,1,0,728,4,42,17,0,12
4,6,230,4,11,9,324,23,3,3,407,715,402,3,16,15,43,8,4,10,136,1244,31,13,72,9,518,140,2,6,204,49,39,1,28,70,7,3,17,3,21,36,303,30,10,417,99,34,78,9,89,32,59,3,287,43,0,46,184,61,219,193,4,0,458,36,21,10,1,28
3,5,197,5,8,8,374,23,2,3,464,457,317,2,15,16,27,8,4,10,159,1450,36,16,85,10,604,161,2,7,220,38,45,1,35,70,6,4,16,3,14,31,152,25,6,246,73,29,53,8,85,28,57,3,272,41,0,41,161,55,278,242,5,0,587,54,31,14,1,40
4,5,212,7,6,9,474,23,3,4,627,375,337,2,23,24,22,14,6,12,249,2202,53,26,145,15,924,232,4,9,255,46,55,1,44,84,7,4,21,4,12,30,108,23,6,162,66,30,45,8,77,22,54,2,244,38,0,35,125,44,460,362,7,1,1111,92,68,28,2,74
3,1,190,1,5,4,112,6,3,1,221,745,502,2,40,15,46,16,3,11,139,1111,26,17,107,7,476,100,3,3,64,126,13,2,7,43,2,1,28,1,13,22,607,13,22,208,76,26,64,5,16,4,11,0,50,8,0,7,23,8,191,106,1,0,770,13,41,18,0,21
5,10,277,4,18,11,371,32,4,2,427,1039,472,3,14,14,64,7,4,11,120,1145,29,11,57,8,473,136,2,7,251,49,46,1,33,79,9,4,16,3,32,48,464,43,12,762,137,42,112,12,138,59,90,5,452,65,1,77,333,107,190,187,4,0,338,33,13,7,1,23
0,39,3,488,34,1,1099,150,97,5,7,0,0,0,0,0,0,1,8,1,4,10,3,0,5,5,10,1,3,143,20,0,61,0,102,0,42,564,3,160,1,20,0,9,0,92,0,20,0,77,3,426,282,212,217,18,42,103,1130,183,156,41,1,1,0,156,0,0,24,16
5,10,44,151,117,5,568,46,1733,5,12,20,61,12,14,0,18,106,39,48,46,73,22,17,146,25,81,10,44,173,9,109,29,64,21,1,38,527,218,19,21,91,54,22,101,601,0,172,12,294,0,27,46,19,29,2,6,10,76,14,735,60,1,24,19,46,39,36,11,42
4,1,37,61,30,2,236,9,1417,3,10,14,79,11,70,1,13,418,45,69,91,119,33,48,507,34,138,11,95,107,3,393,11,195,6,1,13,241,579,4,8,47,61,7,196,129,0,127,7,155,0,1,6,1,3,0,0,0,4,1,1326,55,1,75,91,31,290,193,5,76
3,16,31,97,164,3,393,52,1370,3,6,21,38,9,4,0,19,31,19,24,16,28,9,5,40,10,31,4,14,103,8,46,21,24,16,1,33,378,86,17,24,80,57,24,68,1091,0,128,13,244,1,58,63,35,43,3,8,17,158,28,251,27,1,6,4,19,6,7,7,12
6,14,47,171,146,6,645,59,1857,6,13,22,61,13,11,0,20,91,40,47,42,69,21,15,126,25,77,9,40,187,11,97,33,57,25,1,44,595,198,24,24,103,56,27,98,781,0,185,14,330,0,40,63,28,40,4,7,14,113,21,687,61,1,21,16,48,30,29,13,39
6,5,59,118,100,5,467,30,2389,5,13,29,102,17,40,1,26,256,52,77,76,111,32,33,312,35,126,13,76,171,7,295,23,146,14,1,31,469,465,11,22,97,108,19,229,515,1,215,15,310,0,10,24,8,14,1,3,4,30,5,1126,68,1,46,46,41,107,87,10,61
2,0,22,5,11,1,28,1,1179,1,2,19,93,9,140,1,18,515,16,50,43,47,12,29,376,11,57,4,47,19,0,1188,1,289,0,0,2,39,734,0,5,19,287,2,658,75,0,70,6,56,0,0,0,0,0,0,0,0,0,0,439,10,0,34,70,2,218,138,1,17
6,18,58,307,156,7,1072,86,2093,9,21,21,68,15,15,0,18,133,61,62,70,113,34,24,208,40,126,15,65,303,16,108,55,74,43,1,64,920,263,42,25,126,42,31,92,702,0,228,13,423,0,53,89,37,56,4,10,18,150,28,1212,107,1,39,27,101,59,53,22,76
4,14,35,99,163,4,406,49,1537,3,7,24,45,10,5,0,21,42,22,29,19,34,10,6,52,13,37,5,18,111,7,60,22,31,16,1,34,396,108,17,25,85,67,24,84,1068,1,142,14,260,0,49,57,30,39,4,7,15,134,24,302,31,1,8,5,21,8,10,7,15
2,54,25,668,146,5,1899,217,814,10,20,5,17,2,0,0,2,22,37,20,27,57,17,5,52,22,59,10,25,355,32,10,101,10,118,0,94,1270,52,150,15,91,2,35,7,530,0,118,5,328,2,323,313,185,222,20,42,91,876,153,673,106,2,12,5,200,10,10,39,52
0,50,8,402,83,3,1078,167,259,6,7,1,3,0,0,0,0,3,11,4,7,15,4,0,10,7,15,3,6,161,21,0,61,1,81,0,55,658,8,124,6,39,0,18,0,297,0,41,1,140,3,449,296,222,227,19,43,109,1189,193,184,41,1,1,0,100,0,1,21,15
3,1,36,10,48,1,54,3,2100,1,3,46,120,15,63,1,44,246,17,52,29,37,10,16,175,10,44,3,31,29,1,778,3,182,1,0,5,77,501,1,16,42,600,6,780,414,1,122,16,119,0,1,2,1,1,0,0,0,2,0,299,11,0,16,25,3,52,43,1,11
3,2,32,69,39,2,263,14,1217,3,9,13,57,9,31,1,12,204,34,48,57,80,23,26,259,24,92,9,58,103,3,197,12,104,8,1,15,258,325,6,9,47,46,8,122,179,0,114,7,157,0,3,10,3,6,0,1,2,10,2,862,46,1,40,42,29,113,84,6,50
0,37,3,146,62,1,425,95,129,2,2,1,2,1,0,0,1,1,3,2,1,4,1,0,2,2,4,1,1,58,9,0,25,0,33,0,27,273,2,57,4,20,0,11,1,287,0,19,1,69,3,420,195,181,162,13,30,88,1094,166,43,12,1,0,0,26,0,0,7,3
3,2,27,141,28,2,453,19,868,5,13,6,39,7,26,1,6,207,45,46,79,113,33,35,339,35,129,12,79,160,6,115,21,87,16,1,20,380,282,12,6,43,13,8,53,94,0,99,4,154,0,4,15,4,8,1,1,2,13,2,1408,81,1,67,60,78,194,132,11,102
5,4,46,106,69,3,405,23,1799,5,12,20,79,13,35,1,18,233,46,65,70,102,29,31,297,32,117,12,70,150,6,237,20,125,13,1,25,396,398,10,16,74,69,14,164,330,0,168,10,242,0,7,19,6,11,1,2,3,21,4,1072,62,1,46,46,40,114,89,9,61
5,5,54,58,133,4,264,23,2601,3,8,45,105,18,27,0,42,150,31,58,39,58,17,16,150,19,66,7,39,98,4,287,13,108,7,1,23,300,339,6,29,93,241,19,326,946,1,199,21,277,0,11,20,8,12,1,2,4,30,6,505,32,0,19,19,14,35,33,5,22
3,3,29,26,92,2,125,13,1537,1,3,30,59,10,12,0,29,62,14,29,16,24,7,6,58,8,27,3,16,45,2,148,6,50,3,0,12,148,158,3,20,54,187,12,204,756,1,111,14,155,0,7,12,5,7,1,1,2,20,4,197,13,0,7,7,5,11,11,2,8
1,34,7,157,91,2,493,94,272,2,4,3,5,1,0,0,2,2,7,4,3,8,3,0,5,3,8,1,3,79,10,1,28,1,32,0,33,350,8,50,7,33,2,16,3,448,0,36,2,111,2,286,168,136,132,11,25,66,754,120,82,18,1,1,0,29,0,0,9,5
3,15,30,229,101,4,769,68,1093,6,13,11,33,7,5,0,8,56,34,30,35,60,19,12,94,22,66,8,33,198,13,41,40,30,35,0,44,627,115,36,15,76,17,21,37,442,0,127,7,256,0,54,77,36,49,4,9,18,147,27,652,66,1,19,12,72,24,23,16,43
3,4,25,240,30,3,709,32,735,7,17,4,30,6,16,0,4,153,50,40,79,119,35,32,294,39,135,14,78,219,8,64,34,60,30,1,28,535,207,24,6,45,6,9,29,90,0,95,3,169,0,9,28,8,16,1,3,4,29,6,1576,109,2,67,51,138,166,115,18,128
5,1,45,46,30,2,189,7,1817,3,9,20,113,15,121,2,18,646,49,89,109,135,37,62,696,36,160,12,116,96,2,734,9,308,4,1,11,208,878,2,10,49,117,7,359,140,0,148,9,162,0,1,4,1,2,0,0,0,2,0,1463,51,1,92,129,24,419,270,4,78
4,4,34,130,48,3,454,24,1205,5,12,11,51,9,24,1,9,181,43,50,66,98,29,29,266,31,111,11,66,157,6,135,22,88,16,1,24,406,286,12,10,58,27,11,81,195,0,126,6,197,0,7,20,6,11,1,2,3,22,4,1112,69,1,48,42,57,116,88,11,71
2,40,17,405,112,3,1186,149,563,6,11,3,11,3,0,0,3,13,22,13,16,32,9,3,28,13,35,5,14,218,21,5,65,6,74,0,63,810,30,96,11,63,2,25,6,438,0,81,3,223,2,253,223,141,161,14,30,70,682,117,370,62,2,6,2,111,5,5,24,28
3,5,19,440,23,3,1115,46,483,11,22,1,16,3,8,0,1,116,54,31,84,133,41,33,280,46,150,16,82,301,12,29,53,38,56,0,35,723,142,48,3,39,0,8,10,52,0,76,1,155,0,15,42,12,24,1,4,5,46,8,1988,159,4,80,52,302,185,124,30,197
3,3,31,115,37,3,398,19,1068,4,12,9,48,8,26,1,8,197,42,48,69,99,29,30,291,31,113,11,69,143,5,140,19,91,14,1,20,355,294,10,8,49,24,9,76,145,0,112,5,170,0,5,15,4,8,1,1,2,15,3,1148,66,1,52,48,54,141,102,9,75
2,0,25,7,27,1,36,2,1430,1,2,29,88,10,57,0,28,218,13,39,24,30,8,14,156,8,35,3,26,20,1,653,2,153,1,0,3,51,415,0,10,27,400,4,582,225,0,83,10,78,0,0,1,0,1,0,0,0,1,0,246,8,0,14,23,2,53,42,1,9
2,15,22,175,89,3,591,60,791,4,9,8,22,5,2,0,6,31,23,20,21,37,11,6,51,14,40,6,19,143,10,23,31,18,27,0,36,479,67,31,12,59,12,18,23,408,0,92,6,196,0,58,73,36,48,4,9,18,160,29,394,44,1,10,6,49,11,11,12,25
2,36,27,458,133,5,1384,149,895,9,16,5,20,5,2,0,5,29,35,24,29,55,18,7,60,22,60,9,26,284,24,15,73,15,78,0,73,992,64,93,15,86,5,29,15,523,0,120,5,303,2,188,201,111,139,13,26,55,510,89,629,88,2,13,5,137,13,13,29,46
5,8,43,183,86,5,645,43,1553,6,15,15,58,11,18,0,14,145,48,53,63,97,29,25,215,33,109,12,61,202,9,117,32,76,24,1,37,571,260,21,15,83,35,18,86,377,0,164,9,277,0,19,40,15,25,2,5,7,55,11,1057,78,1,39,31,67,74,62,14,66
6,14,47,308,115,6,1028,77,1616,9,20,14,54,11,13,0,13,121,55,53,65,108,33,23,199,38,121,14,63,287,16,82,51,63,43,0,57,848,223,41,18,102,26,26,64,476,0,186,10,351,0,44,78,31,48,4,9,16,125,24,1207,107,1,40,27,111,63,54,23,81
0,51,6,295,80,2,813,151,201,3,5,1,2,0,0,0,0,1,7,3,3,8,3,0,4,4,9,1,3,115,17,0,47,0,64,0,45,502,5,104,5,32,0,17,0,319,0,32,1,113,4,525,290,243,231,20,44,119,1379,217,104,26,1,1,0,64,0,0,15,7
5,1,48,34,60,2,156,9,2313,2,6,36,123,17,68,1,34,334,33,72,58,76,21,30,310,22,89,7,60,74,2,609,7,207,4,1,12,188,601,2,17,62,262,10,482,384,1,167,15,190,0,2,6,2,3,0,0,1,6,1,708,31,0,36,47,11,112,88,3,31
6,4,63,62,112,4,279,19,2971,3,9,47,135,21,51,1,44,273,42,80,61,86,25,28,272,27,99,9,62,114,4,477,14,178,7,1,22,319,544,6,27,96,271,18,443,727,1,227,21,292,0,6,15,5,9,0,1,3,18,3,786,42,0,33,38,18,80,68,6,35
5,2,45,57,56,3,238,13,1942,3,9,25,97,14,54,1,23,307,40,69,68,92,26,33,336,27,107,10,69,102,3,403,11,172,6,1,16,259,517,5,14,63,125,11,279,299,0,160,12,201,0,3,9,2,5,0,1,1,8,2,927,44,0,45,53,21,135,103,5,47
4,12,40,171,122,4,629,55,1560,5,12,18,51,11,10,0,16,83,37,42,40,66,20,14,119,23,74,9,38,180,10,80,32,50,25,1,41,564,174,24,20,90,41,23,77,611,0,160,11,292,0,37,58,26,37,3,7,12,103,20,675,60,1,20,15,50,30,28,12,39
2,6,22,172,45,3,548,36,706,5,10,5,24,5,7,0,4,69,30,27,39,62,19,14,122,22,70,8,37,154,7,40,27,33,24,0,27,435,117,22,7,46,8,11,26,165,0,85,4,161,0,18,35,13,22,1,4,7,51,10,738,62,1,26,18,71,45,37,13,53
3,5,26,365,32,4,1011,44,724,10,21,3,27,5,14,0,3,157,61,42,95,145,44,38,332,49,165,18,92,293,12,53,48,57,45,0,36,716,205,38,5,51,4,10,22,86,0,101,3,192,0,14,39,12,22,1,4,5,42,8,2017,149,3,84,58,224,200,136,26,179
5,5,48,104,79,4,409,25,1938,5,12,23,83,14,33,1,21,220,46,65,67,97,28,29,274,31,111,11,66,150,6,239,20,122,13,1,26,406,390,10,18,80,80,15,178,399,0,177,12,258,0,8,21,7,12,1,2,4,25,5,1000,60,1,42,41,38,97,79,9,55
4,14,34,100,158,4,405,49,1487,3,7,22,43,10,5,0,21,40,21,28,19,33,10,6,51,12,37,5,18,110,7,57,21,30,16,1,33,393,106,17,24,83,63,24,80,1027,0,138,13,255,0,48,57,30,39,4,7,15,133,24,301,30,1,8,5,21,8,9,7,15
0,286,0,40,8,34,68,1991,63,147,36,0,0,0,0,2,35,7,16,2,11,47,690,11,22,53,30,107,78,44,44,0,466,13,63,85,34,25,5,1165,1,0,0,53,0,96,1,29,0,0,535,24,16,78,12,419,105,23,59,43,14,0,24,0,7,437,5,4,0,31
3,113,4,8,45,62,26,696,939,90,38,18,26,4,26,16,1548,156,40,27,40,127,1593,61,157,108,89,188,303,35,18,95,170,405,10,188,27,18,123,134,22,3,100,122,94,1115,33,194,16,4,111,3,3,12,2,91,21,3,8,6,27,0,8,2,58,60,37,26,0,27
1,3,1,4,1,11,9,56,122,48,23,1,6,1,55,19,72,394,31,15,74,187,2045,168,569,124,137,187,618,16,3,65,48,463,3,63,4,5,128,25,1,0,3,8,14,11,2,34,1,0,4,0,0,0,0,4,1,0,0,0,63,0,5,13,394,102,676,252,0,103
1,83,1,1,58,16,3,240,449,8,3,22,9,2,2,1,1960,8,4,4,2,7,96,2,5,7,5,13,14,4,3,19,23,42,1,31,7,3,13,20,23,1,259,71,63,3446,23,64,16,2,61,4,2,11,2,46,12,3,9,6,1,0,1,0,1,2,0,0,0,1
3,124,4,6,52,53,20,655,863,64,27,19,22,4,15,11,1687,91,27,20,24,79,1006,35,86,69,54,123,179,25,15,70,132,269,7,145,24,14,83,110,25,3,120,122,87,1504,33,169,18,4,116,4,4,14,3,94,22,4,10,7,15,0,5,1,28,35,15,12,0,14
2,32,3,5,15,33,15,257,558,60,28,9,19,3,38,16,761,222,34,23,44,130,1539,79,227,100,92,164,350,23,9,110,90,478,5,123,13,10,138,57,9,2,54,50,73,315,16,117,8,2,31,0,1,3,0,27,6,1,1,1,30,0,5,4,100,49,83,48,0,32
1,1,1,0,1,5,1,12,208,10,6,3,13,1,113,10,284,455,13,15,33,76,779,91,350,45,57,63,291,4,1,276,8,805,0,30,1,1,194,2,2,0,49,5,102,27,4,34,2,0,1,0,0,0,0,1,0,0,0,0,19,0,1,5,211,7,272,114,0,18
2,76,2,8,20,41,24,539,438,83,33,6,12,2,15,12,530,106,32,16,33,108,1354,51,130,92,75,160,254,30,16,40,155,230,10,134,20,15,72,138,9,1,23,69,31,380,15,107,6,2,83,2,2,9,1,70,16,2,5,4,26,0,8,2,52,82,39,25,0,31
1,90,2,1,62,21,4,286,569,12,5,25,12,2,3,2,2257,14,5,6,3,11,151,4,9,11,8,20,23,5,4,29,31,67,1,43,9,4,21,26,26,2,290,84,82,3404,28,84,19,2,67,4,2,11,2,51,13,3,9,6,2,0,1,0,2,3,1,1,0,1
1,194,1,17,20,41,39,1194,205,101,31,2,4,0,2,5,199,24,21,6,15,59,819,19,40,60,40,114,115,34,27,5,262,52,24,108,28,20,18,399,6,1,3,77,5,327,8,64,3,2,265,11,8,36,6,211,52,10,25,20,14,0,12,1,14,141,9,6,0,22
1,525,1,18,45,52,46,2339,238,97,28,3,3,0,0,3,297,9,15,5,7,34,510,7,15,39,22,79,57,33,39,3,330,26,32,108,42,24,9,652,11,1,5,137,4,939,11,72,5,3,709,45,20,122,17,536,140,35,104,73,7,0,12,0,4,104,1,1,0,10
1,7,2,0,16,9,1,32,652,5,3,30,25,3,29,3,2804,87,6,11,7,18,205,13,41,13,13,20,53,2,1,244,7,351,0,28,2,1,89,2,13,1,1002,23,404,913,21,72,15,1,4,0,0,0,0,3,1,0,0,0,3,0,0,0,13,1,7,5,0,1
1,13,2,6,4,23,14,155,278,67,30,3,11,1,46,20,237,309,37,20,65,179,2061,129,393,130,129,206,526,23,7,81,84,482,5,103,9,9,138,51,3,1,12,23,30,65,7,70,3,1,15,0,0,1,0,13,3,0,0,0,51,0,6,8,217,95,261,122,0,70
0,473,1,3,72,21,9,1114,170,15,4,6,2,0,0,0,495,1,2,1,1,4,60,1,1,5,2,10,5,6,11,1,72,5,6,30,17,6,2,150,16,1,18,109,5,3157,12,37,7,1,492,60,13,119,13,346,98,34,131,80,0,0,1,0,0,6,0,0,0,0
0,4,0,8,0,10,14,80,50,70,28,0,2,0,21,15,18,212,30,8,69,185,2090,141,445,130,134,204,560,22,5,16,78,194,7,56,4,6,58,57,0,0,0,5,2,4,1,19,0,0,6,0,0,0,0,6,1,0,0,0,75,0,9,15,337,286,694,239,0,169
1,20,2,5,8,26,14,195,351,61,28,4,13,2,36,16,369,230,33,19,49,141,1652,92,269,106,101,172,392,22,8,79,85,418,5,105,10,9,121,54,5,1,21,32,39,130,9,82,4,2,21,0,1,2,0,19,4,0,1,1,36,0,6,5,132,68,132,69,0,45
1,35,3,1,39,20,4,149,750,13,6,30,21,3,13,4,2675,52,9,12,7,23,288,12,32,19,16,33,57,6,3,99,24,207,1,52,7,4,59,14,22,2,477,59,190,1866,29,103,19,2,25,1,1,3,1,20,5,1,2,2,4,0,1,0,9,3,4,3,0,2
1,27,2,0,42,10,1,83,574,4,2,35,15,2,5,1,3253,16,3,5,2,7,85,3,8,6,5,10,15,2,1,58,9,87,0,23,3,1,25,5,23,1,867,45,189,3099,26,65,20,1,16,1,0,2,0,13,3,1,2,1,1,0,0,0,2,1,1,1,0,0
1,439,1,3,94,29,11,1132,315,21,7,11,4,1,0,1,962,3,4,3,2,7,111,2,3,9,5,18,12,8,13,4,85,14,6,46,20,8,5,142,24,2,46,141,13,4243,20,63,12,2,424,42,11,92,11,306,84,27,94,60,1,0,2,0,0,8,0,0,0,1
2,102,2,10,23,44,27,682,404,86,32,5,10,2,10,10,492,74,28,14,27,92,1180,39,95,82,63,146,205,31,18,28,176,167,13,131,22,16,54,177,10,2,19,77,23,443,14,102,6,3,117,3,3,13,2,96,22,4,8,7,21,0,9,2,37,86,25,17,0,26
0,5,0,14,0,11,22,117,38,102,37,0,1,0,15,16,10,177,34,7,77,214,2479,150,451,157,154,251,620,29,8,9,121,144,12,63,5,9,45,107,0,0,0,5,1,2,0,17,0,0,10,0,0,0,0,9,2,0,0,0,96,1,14,19,356,575,793,265,0,254
1,2,1,2,1,7,4,28,98,27,14,1,5,1,55,13,65,350,21,11,52,128,1367,127,451,81,95,120,446,9,2,71,24,428,1,41,2,3,114,11,1,0,4,5,16,8,2,25,1,0,2,0,0,0,0,2,0,0,0,0,41,0,2,10,316,48,543,199,0,62
1,20,1,10,4,28,24,245,241,107,45,1,9,1,38,24,161,302,49,20,83,236,2763,157,462,177,169,286,664,36,11,54,142,419,10,129,12,13,124,102,2,0,5,26,17,51,6,70,2,1,25,0,0,1,0,22,5,0,0,0,74,0,11,11,266,207,348,157,0,118
1,295,2,15,37,50,39,1516,304,95,29,4,5,1,2,5,380,21,19,7,12,51,712,15,31,53,34,102,95,33,30,7,267,54,23,119,34,21,19,407,12,2,9,116,9,752,13,85,5,2,373,18,11,56,9,291,73,16,43,32,11,0,11,0,9,98,5,4,0,15
0,2,0,16,0,5,19,66,8,87,28,0,0,0,5,10,1,86,21,3,57,159,1843,109,328,117,114,188,456,23,5,1,99,47,13,31,3,6,15,109,0,0,0,1,0,0,0,5,0,0,5,0,0,0,0,5,1,0,0,0,92,1,15,20,319,1099,1023,281,0,361
1,13,1,10,2,22,22,182,174,104,44,1,7,1,41,24,97,339,48,18,93,257,2956,184,561,187,185,296,752,34,10,48,127,413,9,113,9,11,122,88,1,0,2,18,12,25,4,54,1,1,17,0,0,1,0,15,3,0,0,0,87,0,11,15,356,248,543,222,0,153
1,3,1,0,8,6,1,19,392,4,3,15,17,2,29,3,1349,91,5,9,7,18,200,15,47,12,13,19,56,2,1,190,5,313,0,21,1,1,79,2,7,1,421,13,234,342,12,47,8,1,2,0,0,0,0,2,0,0,0,0,3,0,0,0,17,1,10,7,0,2
2,169,2,9,41,52,28,924,540,81,30,9,12,2,8,9,821,55,25,14,21,73,967,28,65,68,50,125,155,30,21,28,187,148,13,139,28,18,48,199,17,2,35,114,31,966,21,126,10,4,182,6,5,24,4,146,35,6,17,13,15,0,8,1,22,63,12,9,0,17
1,165,1,13,22,41,32,993,265,89,30,3,5,1,3,6,294,31,21,8,17,62,833,21,47,60,42,112,123,31,23,10,217,72,19,110,26,18,24,289,8,1,7,80,8,418,10,75,4,2,209,8,6,28,4,166,40,8,19,15,15,0,10,1,17,103,10,7,0,20
1,30,1,6,8,26,17,271,260,65,27,3,8,1,17,12,253,124,27,13,36,109,1319,60,163,87,76,147,278,23,10,37,104,227,7,95,11,10,69,82,4,1,10,34,19,126,7,67,3,1,35,0,1,3,1,30,7,1,1,1,29,0,6,3,76,82,72,40,0,38
2,74,2,14,15,47,35,631,392,126,49,4,11,1,18,18,361,152,44,19,53,169,2108,83,216,143,118,246,407,44,21,40,223,277,17,167,23,20,87,206,7,1,11,65,22,228,12,108,4,3,90,1,3,8,1,76,17,2,5,4,45,0,13,4,97,174,88,50,0,64
0,447,0,7,48,30,20,1492,168,37,10,3,2,0,0,1,301,2,5,2,2,11,165,2,4,13,7,27,17,14,20,1,148,10,14,51,24,11,4,306,11,1,7,106,3,1347,9,44,5,2,543,47,15,110,14,397,107,32,106,69,2,0,4,0,0,26,0,0,0,2
2,13,3,1,13,20,5,93,629,24,13,14,25,3,56,11,1244,243,20,22,29,80,910,59,183,57,57,90,238,10,3,220,32,618,1,75,6,4,165,14,10,1,177,33,176,360,18,102,10,2,10,0,0,1,0,9,2,0,0,0,16,0,2,2,78,12,59,35,0,14
2,27,3,2,25,25,6,156,790,24,12,22,27,4,33,9,1938,141,18,20,20,58,687,35,101,45,41,73,156,10,4,165,38,431,2,80,8,5,120,20,16,2,278,53,191,875,26,123,15,2,21,0,1,2,0,17,4,1,1,1,11,0,2,1,36,10,22,15,0,8
2,13,2,3,8,22,9,125,425,43,21,6,17,2,54,16,537,294,30,22,47,129,1475,94,292,93,93,146,383,16,5,138,55,575,3,93,7,7,159,29,6,1,44,28,73,149,11,87,5,2,13,0,0,1,0,11,2,0,0,0,31,0,4,5,143,37,139,73,0,34
2,88,3,5,31,41,18,516,568,58,24,11,15,3,12,9,940,79,24,16,22,73,927,33,82,64,51,112,168,22,13,47,117,210,7,118,19,12,65,100,15,2,56,84,50,784,21,120,10,3,87,3,2,10,2,72,17,3,7,5,15,0,5,1,29,40,17,12,0,15
1,42,1,17,6,36,38,470,222,143,53,1,6,1,19,20,141,177,48,16,68,210,2574,113,304,171,148,290,531,47,19,27,227,252,19,147,19,19,80,212,3,1,3,37,10,70,5,71,1,1,59,1,1,5,1,51,11,1,2,2,66,0,16,8,162,306,191,93,0,114
0,3,0,11,0,6,16,73,15,75,26,0,1,0,7,10,3,100,22,4,52,146,1690,100,302,108,105,172,419,21,5,3,87,70,10,37,3,6,22,85,0,0,0,3,0,1,0,8,0,0,6,0,0,0,0,6,1,0,0,0,72,1,11,14,257,578,660,204,0,224
2,28,3,5,12,31,15,240,474,61,28,7,16,2,37,16,585,223,34,22,46,134,1592,84,240,103,96,169,366,23,9,96,90,451,5,118,12,10,131,57,7,1,38,43,58,231,14,104,6,2,28,0,1,2,0,25,5,1,1,1,33,0,5,4,110,56,98,55,0,37
1,90,2,1,60,21,4,288,552,12,5,24,12,2,3,2,2135,14,5,6,3,12,155,4,10,11,8,20,24,5,4,28,31,66,1,43,9,4,20,27,25,2,266,82,78,3205,27,82,18,2,68,4,2,11,2,52,13,3,9,6,2,0,1,0,2,3,1,1,0,1
0,22,1,5,16,12,13,152,29,2,9,0,4,4,0,1,0,4,3,1,0,7,506,3,0,8,0,8,0,45,177,4,274,0,96,31,2,22,3,7,0,19,0,21,3,8,0,12,1,1,2029,108,10,219,1036,144,216,86,69,362,3,13,9,1,1,5,2,2,23,0
5,13,15,2,76,34,10,93,445,2,19,5,110,67,11,8,9,128,14,20,2,37,2202,37,2,32,1,27,1,69,139,491,204,7,37,109,3,29,103,1,6,98,45,61,400,74,7,97,23,6,718,22,3,58,353,54,76,23,15,88,14,22,7,6,14,2,32,25,17,0
4,2,10,1,13,17,6,22,242,2,18,2,92,43,41,15,3,437,18,24,6,69,3715,111,7,50,3,38,3,54,59,969,107,17,18,81,1,16,211,0,1,41,16,16,337,8,3,56,8,3,103,1,0,6,48,8,11,2,1,7,34,28,6,25,76,2,306,167,12,1
5,27,15,1,184,35,7,122,573,2,11,10,113,76,4,4,20,46,8,13,1,15,958,12,0,15,1,13,0,44,126,341,156,4,26,85,3,23,55,1,11,126,126,98,546,284,12,105,44,7,1272,63,6,133,647,91,135,52,41,217,4,10,4,1,3,1,4,4,10,0
8,25,23,3,141,54,15,160,707,4,27,8,165,105,14,11,16,156,19,28,3,48,2896,45,2,43,2,36,1,100,221,656,314,9,57,162,5,44,135,3,9,160,78,105,611,149,12,151,40,9,1333,46,7,115,661,99,141,46,30,176,18,29,10,7,15,2,32,27,24,0
4,5,11,1,35,20,5,39,314,2,13,3,92,50,16,8,6,162,11,17,2,34,1914,41,2,27,1,22,1,44,69,600,108,9,18,74,1,16,113,1,3,58,36,30,389,32,5,66,14,4,245,6,1,17,118,19,26,7,4,25,14,16,4,7,19,1,50,36,10,0
3,0,9,0,10,8,1,5,292,1,6,4,141,49,80,9,7,542,9,22,3,35,1746,75,6,22,2,16,2,16,13,2950,22,27,2,39,0,4,294,0,1,27,99,8,1312,10,3,46,11,2,17,0,0,1,8,1,2,0,0,1,14,8,1,12,56,0,204,114,2,0
5,16,15,3,70,40,14,122,400,3,25,3,97,62,11,10,7,136,17,21,3,46,2810,46,2,42,2,35,1,93,190,391,290,7,57,129,4,37,101,2,5,101,25,64,277,58,6,97,19,6,956,29,5,77,470,72,101,31,19,115,19,31,11,8,17,3,44,34,25,0
4,19,13,1,138,29,6,93,481,1,10,8,99,65,5,4,16,47,7,12,1,14,893,12,0,14,0,12,0,38,102,328,129,4,21,73,3,19,53,1,9,102,103,76,482,203,10,89,35,6,921,43,4,92,466,66,98,36,28,149,4,9,3,1,3,0,5,5,8,0
2,23,5,4,43,24,14,155,122,3,15,0,22,19,1,3,1,22,7,6,0,17,1116,11,0,17,0,16,0,65,195,43,291,1,75,65,3,30,18,4,2,50,3,44,34,30,2,37,6,3,1670,73,8,163,841,121,178,64,48,259,7,19,10,2,3,3,7,7,24,0
1,33,3,3,45,19,11,179,78,2,10,0,11,11,0,1,1,7,4,3,0,8,541,4,0,9,0,8,0,46,181,14,252,0,71,43,3,24,7,5,1,39,1,41,15,35,1,25,4,2,2440,146,11,281,1256,171,260,110,93,474,3,11,7,0,1,2,1,1,18,0
3,2,11,0,40,11,1,10,491,0,4,10,171,70,28,5,20,173,5,17,1,15,817,23,1,11,1,8,1,13,17,1957,24,14,3,38,1,5,154,0,5,49,368,21,2017,68,7,66,29,3,57,1,0,4,28,4,6,2,1,6,5,4,1,3,10,0,22,17,2,0
4,4,11,2,25,22,7,38,300,2,19,2,98,50,26,12,4,280,17,22,4,55,3084,75,4,43,3,34,2,59,81,750,136,13,23,91,2,20,162,1,2,56,23,26,354,18,4,68,11,4,210,4,1,13,100,17,22,5,3,18,25,25,6,15,41,2,136,85,14,0
1,27,2,1,46,9,4,102,49,1,3,1,6,6,0,0,1,1,1,1,0,2,130,1,0,2,0,2,0,15,76,6,92,0,24,17,1,9,2,2,2,23,2,29,11,53,1,13,4,1,1753,152,8,246,926,118,187,95,96,445,1,3,2,0,0,0,0,0,5,0
4,4,9,4,14,24,13,49,193,4,32,1,64,35,26,18,2,352,24,22,7,94,5240,128,8,73,4,57,3,100,127,458,241,12,51,112,2,30,157,2,1,46,5,22,136,6,2,56,5,3,259,4,1,14,122,21,27,6,2,20,52,53,14,34,83,8,361,194,29,2
4,5,12,1,32,23,7,44,324,2,18,3,99,53,21,10,6,220,15,21,3,47,2641,59,3,37,2,30,1,57,85,672,138,11,24,89,2,20,140,1,3,62,28,31,371,26,5,72,13,4,264,6,1,18,127,21,28,7,4,25,20,22,6,11,29,2,87,58,13,0
5,9,18,1,104,27,5,51,672,1,11,12,178,95,17,6,23,134,10,22,2,24,1392,27,1,20,1,16,1,37,71,1048,95,10,13,83,2,16,130,1,9,104,217,60,1206,152,11,111,43,6,380,12,2,31,187,29,40,12,8,48,8,10,3,3,9,0,18,16,7,0
5,10,18,1,146,26,4,50,768,1,8,17,190,103,12,5,34,92,7,19,1,16,949,17,1,14,1,11,0,28,60,1015,75,8,10,72,2,14,106,0,12,113,391,69,1564,268,14,115,58,6,414,16,2,38,207,30,44,15,10,59,5,7,2,2,5,0,8,8,5,0
2,47,5,2,112,23,8,189,159,1,8,2,22,21,0,1,4,7,3,3,0,6,403,3,0,6,0,6,0,35,156,29,192,0,45,46,3,21,9,3,5,63,10,70,50,135,4,39,13,3,2823,208,13,364,1474,194,301,141,132,638,2,7,4,0,0,1,1,1,12,0
5,19,13,3,71,39,15,140,339,3,24,3,76,53,7,8,5,94,15,16,2,39,2375,34,1,36,1,30,0,90,205,258,308,5,64,118,4,38,73,3,4,94,18,66,194,59,5,85,17,5,1198,40,6,102,593,89,127,40,26,155,16,29,11,6,12,3,29,23,26,0
3,4,6,4,10,20,14,52,116,4,28,0,36,22,13,13,0,207,19,14,5,73,4194,91,5,59,3,48,2,94,130,205,252,6,59,90,2,28,90,2,0,34,2,17,57,4,1,38,3,2,291,5,1,17,137,23,30,7,3,23,43,51,14,27,57,10,256,137,31,2
2,1,6,1,7,9,3,9,157,1,9,1,65,28,34,9,2,322,10,16,3,40,2119,71,5,28,2,21,2,26,26,839,47,13,7,44,1,8,154,0,1,23,15,9,291,5,2,34,5,1,40,0,0,2,19,3,4,1,0,3,19,14,3,15,51,1,211,113,5,1
5,6,13,3,28,29,12,62,300,4,27,2,91,51,23,15,4,280,21,24,5,71,4064,89,5,57,3,46,2,90,132,581,226,12,44,118,2,30,157,2,2,67,14,34,255,18,4,76,11,4,368,7,2,24,176,29,39,9,5,33,34,39,11,19,47,5,163,101,23,1
3,39,7,5,77,36,18,233,195,3,19,1,33,29,1,4,3,26,9,7,1,20,1340,13,0,21,1,19,0,84,270,61,387,1,97,90,5,41,23,6,3,78,6,71,57,61,3,56,11,5,2671,129,13,275,1355,192,284,108,84,447,8,22,11,2,3,3,7,6,29,0
1,2,2,4,3,11,11,36,39,4,21,0,11,7,5,8,0,102,12,6,3,51,2940,59,3,42,2,34,2,72,100,56,211,2,60,52,1,20,37,2,0,15,0,7,11,1,0,16,1,1,204,3,1,11,96,16,21,5,2,15,35,44,14,22,40,13,219,107,29,2
2,2,7,2,12,15,6,30,150,2,16,1,48,26,15,9,2,181,12,14,3,44,2483,58,3,35,2,27,1,50,68,335,121,7,23,64,1,16,94,1,1,33,6,16,129,7,2,39,5,2,165,3,1,10,78,13,17,4,2,14,22,24,6,13,34,3,126,74,13,1
3,1,11,0,30,10,1,9,435,0,5,8,162,64,34,5,16,214,6,18,1,17,927,29,2,12,1,9,1,13,16,2098,23,15,2,38,1,5,172,0,4,43,281,17,1831,45,6,60,23,2,43,1,0,3,21,3,5,1,1,4,6,4,1,4,14,0,33,24,2,0
4,23,12,3,82,36,13,145,320,3,20,3,67,48,4,6,6,63,12,13,1,28,1747,23,1,27,1,23,0,76,191,196,276,4,57,102,4,34,54,3,5,92,20,68,175,74,6,78,18,5,1358,52,7,124,679,100,144,49,34,194,11,22,9,4,7,2,16,13,21,0
2,21,6,3,48,26,12,138,158,2,15,1,30,24,2,4,2,31,8,7,1,19,1235,14,0,19,0,17,0,64,179,69,264,1,63,71,3,29,25,3,2,57,5,46,56,37,3,45,8,3,1402,58,7,133,704,102,149,52,38,209,8,19,9,2,4,3,10,8,21,0
4,8,11,2,38,27,10,69,288,3,20,2,78,47,12,9,4,151,15,18,3,44,2573,48,2,37,2,31,1,70,123,391,197,7,38,97,2,26,100,1,3,67,17,38,228,29,4,70,12,4,478,12,2,35,232,37,50,14,8,50,19,26,8,9,21,3,60,43,18,0
4,12,11,3,46,33,14,102,283,4,24,2,70,46,9,9,4,124,16,17,3,45,2705,45,2,40,2,33,1,87,171,287,271,6,56,110,3,34,84,2,3,76,13,47,173,33,4,73,12,4,772,22,4,59,377,59,81,24,14,88,20,31,11,9,18,4,50,37,25,0
1,27,2,2,39,12,6,124,52,1,5,0,7,7,0,1,1,3,2,1,0,3,242,2,0,4,0,4,0,24,108,7,142,0,39,24,2,14,3,3,1,26,1,31,10,36,1,16,4,1,1895,136,9,240,988,130,202,93,86,419,1,5,3,0,0,1,0,0,9,0
5,3,16,1,43,20,4,25,533,1,12,7,182,83,39,10,14,310,13,27,3,39,2123,57,4,29,2,22,1,36,48,1775,72,19,10,79,1,13,223,0,4,71,138,31,1245,48,7,92,25,4,137,3,1,9,65,11,14,4,2,12,14,13,3,8,28,1,75,53,6,0
5,5,16,1,64,24,4,38,567,1,12,8,170,85,24,8,16,201,11,24,2,31,1784,40,2,25,1,20,1,38,62,1245,89,13,13,82,2,15,165,0,6,85,145,43,1080,79,9,99,30,5,241,6,1,18,117,18,25,7,4,26,11,12,3,6,17,0,38,30,7,0
5,3,14,1,32,21,5,31,400,2,15,4,134,65,33,11,8,304,15,25,3,48,2643,68,4,37,2,28,2,47,63,1164,102,16,16,86,1,16,194,0,3,63,55,29,658,29,5,80,17,4,170,3,1,11,81,13,18,4,2,15,20,19,4,12,36,1,106,70,10,0
7,21,19,3,107,47,14,141,556,3,26,6,131,84,12,10,11,141,18,24,2,45,2748,43,2,41,2,34,1,94,203,521,296,8,55,144,4,40,116,2,7,131,50,86,442,104,9,124,30,8,1158,38,6,97,572,86,122,39,25,148,18,28,10,7,15,2,34,28,24,0
3,8,8,3,25,25,12,76,184,3,22,1,48,31,8,9,2,120,15,14,3,45,2670,47,2,39,2,32,1,79,142,210,240,5,52,91,2,28,71,2,2,52,5,31,101,15,2,52,7,3,534,13,3,38,259,41,56,15,9,55,22,32,10,10,21,5,68,45,24,0
3,4,6,7,9,23,19,67,110,6,37,0,33,21,13,15,0,226,23,15,6,93,5326,111,6,76,4,61,3,125,174,176,349,6,89,106,2,37,92,3,0,35,1,18,43,3,1,39,2,2,379,6,2,22,179,31,40,9,4,29,58,71,21,36,71,16,347,179,44,2
6,7,17,2,52,33,9,63,483,3,23,5,143,77,26,13,9,273,19,28,4,58,3290,71,4,46,3,37,2,74,116,935,183,14,31,121,3,27,184,1,5,91,49,47,573,45,7,104,21,5,395,9,2,27,190,31,42,11,6,39,24,28,7,13,33,2,93,65,17,0
5,23,15,1,157,34,7,109,550,2,11,9,114,75,5,4,18,54,8,14,1,17,1052,14,1,16,1,14,0,45,120,373,152,4,25,85,3,23,61,1,10,118,114,88,542,229,11,103,40,6,1081,50,5,108,547,78,115,43,32,174,5,10,4,2,4,1,6,6,10,0
3,86,11,74,11,1,71,42,9,75,16,4,1,2,0,1,3,18,3,1,24,9,139,0,0,3,355,25,3,24,23,4,42,8,230,8,22,33,0,62,6,1,3,2,0,1,34,1,0,45,998,426,97,24,23,656,607,37,523,170,5,4,62,0,0,1857,3,362,27,21
14,44,67,33,34,1,47,22,89,76,24,77,22,21,20,6,67,297,11,15,106,32,424,1,5,7,1280,62,14,29,16,238,27,156,82,21,24,35,9,16,33,5,282,4,14,5,243,11,1,136,326,86,34,6,7,226,197,9,109,39,15,6,41,1,1,727,25,2774,17,35
4,3,17,8,3,0,10,2,19,22,8,12,7,5,21,3,10,305,5,6,74,19,234,1,6,4,795,29,11,8,3,159,5,113,15,6,4,7,6,2,4,1,46,0,5,0,39,2,0,25,21,3,2,0,0,16,13,0,4,2,11,3,12,1,3,317,63,4857,4,29
15,95,81,26,85,2,42,33,128,58,18,163,26,28,10,4,145,146,8,12,54,18,247,0,2,5,703,39,7,23,17,201,26,104,73,19,30,35,6,17,70,8,765,8,21,20,421,14,4,181,626,247,62,14,14,416,381,22,304,101,7,4,30,0,0,347,5,799,13,13
13,49,63,30,38,1,44,22,85,67,21,79,20,20,15,4,68,226,9,13,84,26,347,1,4,6,1031,51,11,26,15,196,25,125,77,19,23,33,7,15,35,5,291,4,13,6,243,10,2,132,359,104,37,7,8,246,217,11,131,46,11,5,37,0,1,601,17,1926,15,27
8,14,41,16,14,1,22,8,54,41,14,45,16,14,21,4,39,295,7,11,84,24,304,1,5,5,963,41,11,16,7,233,13,143,35,12,11,17,8,6,16,3,194,2,11,2,132,6,1,71,103,22,11,2,2,74,63,3,28,11,11,4,21,1,2,403,31,3009,8,27
4,1,23,2,3,0,4,1,35,10,5,32,16,9,58,3,29,569,4,9,70,16,186,2,7,3,687,21,10,4,1,641,2,259,4,5,2,4,13,1,6,1,330,0,23,1,64,3,1,24,7,1,1,0,0,5,4,0,1,0,8,1,4,1,4,79,69,5432,2,15
11,41,52,38,25,1,49,21,63,78,24,47,15,15,14,5,40,239,10,11,98,30,401,1,5,7,1199,59,13,29,16,151,28,115,93,18,22,34,7,18,23,4,135,4,8,3,170,8,1,111,323,85,34,6,7,225,196,9,106,38,15,6,45,1,2,911,25,2674,18,38
19,102,100,32,95,2,51,37,158,72,23,193,33,34,15,4,172,209,10,16,75,24,330,1,3,6,951,51,9,29,20,277,31,143,87,24,35,42,8,19,81,10,921,9,27,21,501,17,4,217,674,249,67,15,15,450,409,23,308,103,9,4,38,0,1,450,9,1201,15,18
6,71,26,52,20,1,60,33,27,76,19,17,5,6,2,2,14,61,6,4,45,15,222,0,1,4,608,37,6,27,20,27,36,29,148,12,24,35,2,35,13,3,26,3,1,2,87,4,0,77,660,237,66,14,15,443,400,22,293,99,8,5,52,0,0,1181,7,818,22,25
5,125,22,59,27,1,67,49,24,74,17,16,3,5,1,1,13,29,4,3,28,10,156,0,0,3,402,28,3,26,25,13,42,15,187,11,29,38,1,51,15,3,20,4,1,3,86,4,0,80,1205,564,115,31,28,783,733,46,689,220,4,4,53,0,0,1097,2,351,22,15
9,7,57,4,21,1,8,3,105,17,7,151,36,24,47,4,139,428,5,14,62,16,197,1,5,3,663,24,9,7,3,873,5,280,9,9,6,8,15,1,30,3,1881,2,64,5,251,8,3,72,38,8,4,1,1,27,23,1,10,4,6,2,7,1,2,75,21,2192,3,10
6,8,28,13,7,1,18,5,34,35,12,23,10,9,21,4,20,301,6,8,85,23,290,1,6,5,946,38,12,13,5,182,10,127,28,9,7,13,7,4,8,2,87,1,7,1,75,4,0,46,58,10,6,1,1,42,35,1,13,5,12,4,19,1,2,433,46,3969,7,31
5,189,22,38,50,1,50,56,29,48,11,27,3,6,0,0,23,14,2,2,13,5,84,0,0,1,208,16,1,17,21,10,32,9,135,9,29,31,0,42,25,3,44,5,1,8,120,4,0,86,1640,1051,149,50,40,1029,999,74,1261,375,2,2,33,0,0,468,0,108,14,5
3,5,14,16,3,0,18,4,14,36,12,6,4,4,12,3,5,221,5,5,81,22,277,1,5,5,902,36,11,13,4,73,10,73,33,7,5,11,4,5,3,1,15,1,2,0,30,2,0,26,43,6,5,1,1,32,26,1,9,3,14,4,22,2,3,744,63,4798,8,45
5,9,26,12,8,0,16,5,33,31,10,24,10,8,15,3,21,225,5,7,66,18,233,1,4,4,747,31,9,12,5,151,9,101,26,8,7,12,6,4,9,2,94,1,6,1,77,4,0,45,65,13,7,1,1,46,39,1,16,6,9,3,16,1,2,346,29,2646,6,23
11,25,64,12,37,1,20,11,105,34,12,130,28,24,22,4,117,259,7,13,63,18,238,1,3,4,739,33,8,14,7,381,11,167,28,14,13,18,9,5,40,5,892,4,30,8,287,10,3,109,152,41,16,3,3,105,92,4,52,19,7,3,16,0,1,196,13,1533,6,13
11,29,65,9,49,1,16,11,118,26,10,176,29,26,17,3,161,190,5,12,44,13,173,1,2,3,530,25,6,11,6,371,10,141,22,12,13,15,8,4,51,5,1457,4,38,13,345,10,4,112,165,52,17,3,4,112,100,5,65,22,5,2,12,0,1,119,7,868,5,8
6,156,31,36,55,1,49,49,42,52,13,42,6,9,1,1,36,27,3,3,20,7,116,0,0,2,297,21,2,19,20,23,31,18,120,11,29,32,1,34,32,4,87,6,2,10,162,5,1,104,1276,709,119,36,30,814,777,53,858,263,3,2,33,0,0,464,1,195,14,7
8,41,38,34,21,1,44,20,46,65,19,34,10,11,8,3,29,147,7,8,69,21,294,0,3,5,859,44,9,24,14,88,25,71,87,14,20,29,4,18,18,3,85,3,5,3,130,6,0,89,334,95,35,6,7,230,203,10,120,43,10,5,39,0,1,793,15,1660,16,28
2,3,7,12,1,0,12,3,6,23,7,2,2,2,4,2,2,90,3,2,41,12,147,1,2,3,467,20,6,8,3,23,6,28,25,3,3,7,2,4,1,0,4,0,0,0,13,1,0,13,31,5,3,0,1,23,19,1,6,3,8,3,15,1,1,569,30,2277,6,27
3,2,13,4,2,0,6,1,16,14,5,10,6,4,21,3,9,277,3,5,57,14,169,1,5,3,591,20,8,5,1,166,3,105,8,4,2,5,6,1,3,1,50,0,5,0,31,2,0,18,11,1,1,0,0,8,7,0,2,1,8,2,7,1,3,175,54,4079,3,20
7,12,31,23,8,1,29,8,35,53,17,21,10,9,19,5,18,308,8,9,106,30,378,2,6,7,1205,51,14,19,8,149,16,122,50,12,11,19,7,8,9,2,60,1,5,1,79,5,0,57,98,18,11,1,2,70,59,2,23,9,16,5,31,1,3,785,54,4713,12,46
7,86,29,50,26,1,60,37,32,73,18,22,5,7,2,2,19,56,5,5,41,14,206,0,1,3,557,34,5,26,21,28,36,29,146,13,26,36,1,36,17,3,37,3,1,3,106,5,0,87,779,303,77,18,18,517,473,27,375,124,7,5,49,0,0,1003,5,652,21,20
3,7,10,38,1,0,34,6,7,61,17,2,2,2,6,3,1,155,6,4,92,27,344,1,5,6,1074,47,12,20,7,24,18,40,80,7,7,17,2,13,1,1,2,0,0,0,15,1,0,22,74,11,8,1,1,55,45,1,15,6,20,7,46,2,3,2310,81,5738,17,88
3,4,13,10,3,0,13,3,14,24,8,8,4,4,10,2,7,158,4,4,53,15,184,1,3,3,594,24,7,9,3,70,7,59,22,5,4,8,3,3,3,1,22,0,2,0,31,2,0,24,37,6,4,0,1,27,22,1,8,3,8,3,14,1,2,388,32,2664,5,24
6,4,39,3,12,0,6,2,69,12,5,91,25,16,40,3,83,371,4,10,51,13,158,1,4,3,545,19,7,5,2,676,3,226,6,6,4,6,12,1,18,2,1099,1,43,3,157,6,2,47,22,4,2,0,0,16,13,0,5,2,5,1,5,1,2,61,22,2147,2,9
11,70,53,45,36,1,59,32,65,84,24,52,14,15,9,4,45,156,9,10,76,24,340,1,2,6,973,53,10,31,20,104,34,81,119,19,29,40,5,26,29,5,135,5,6,5,195,8,1,128,559,179,57,11,12,379,339,17,224,77,11,6,50,0,1,919,13,1559,20,30
10,93,45,67,32,2,80,43,50,106,28,34,9,12,6,4,28,118,9,8,75,24,354,0,2,6,986,57,9,38,27,59,47,57,184,20,34,50,3,42,24,5,61,5,3,3,154,7,1,124,821,280,83,17,18,554,498,27,347,119,12,7,70,0,0,1478,12,1438,28,36
7,18,32,22,12,1,29,11,38,49,16,27,10,10,13,4,23,210,7,8,77,23,298,1,4,5,917,42,10,18,9,122,16,94,52,11,12,20,5,9,12,2,80,2,5,1,97,5,1,64,142,32,15,2,3,101,86,4,40,15,12,4,28,1,1,621,27,2626,11,31
7,25,32,29,13,1,37,14,37,58,18,24,9,9,10,4,20,170,7,8,74,23,300,1,3,5,902,44,10,21,11,90,21,76,71,13,15,24,4,13,12,3,60,2,4,1,96,5,0,69,209,51,22,4,4,146,127,6,65,24,11,5,35,1,1,794,22,2227,14,33
5,164,23,53,38,1,64,57,26,65,14,21,3,6,1,1,17,21,3,3,21,8,123,0,0,2,311,23,2,23,25,11,40,13,177,11,31,37,0,51,20,3,28,4,1,5,103,4,0,87,1527,834,142,43,36,976,929,63,1009,311,3,3,46,0,0,818,1,211,20,10
8,7,43,7,13,1,12,4,64,25,10,65,21,16,35,4,58,392,6,12,76,20,250,1,5,4,832,32,11,10,4,451,7,207,16,9,7,11,11,2,17,3,466,2,24,2,147,6,1,60,46,9,5,1,1,33,28,1,11,4,9,2,11,1,2,178,33,3162,4,18
12,18,64,13,26,1,21,9,98,38,14,106,29,24,34,5,94,394,8,15,89,25,316,1,5,6,1013,42,12,16,7,481,12,225,29,14,12,18,12,5,31,4,698,3,30,5,247,10,2,101,111,25,12,2,2,78,67,3,32,12,10,3,18,1,2,262,27,2855,7,21
8,9,42,12,11,1,18,6,56,37,13,46,18,14,33,5,40,427,8,12,100,27,335,2,7,6,1106,43,14,14,5,350,10,200,26,11,9,15,11,4,14,3,239,2,15,2,127,6,1,64,63,11,7,1,1,46,38,1,15,6,13,4,18,1,3,350,49,4472,7,30
11,45,56,32,31,1,44,21,73,68,21,63,17,18,14,5,54,218,9,11,85,26,349,1,4,6,1038,52,11,26,14,169,25,116,79,18,22,32,7,16,29,5,212,4,10,5,206,9,1,119,335,94,35,6,7,231,203,10,119,42,12,5,38,0,1,669,18,2049,15,29
7,23,32,37,11,1,44,14,33,72,21,19,9,9,11,5,16,218,9,8,99,29,390,1,5,7,1184,56,13,26,12,91,24,86,87,14,16,27,5,16,10,2,40,2,3,1,83,5,0,69,201,44,22,3,4,143,122,5,56,21,16,7,46,1,2,1204,38,3505,17,50
3,6,11,26,2,0,25,5,9,46,13,3,2,2,7,3,2,150,5,4,77,22,281,1,4,5,885,39,10,15,6,32,14,43,55,6,6,14,2,9,2,1,4,0,0,0,19,1,0,22,61,10,7,1,1,45,37,1,13,5,15,5,32,2,2,1370,60,4431,12,60
6,10,29,12,10,1,17,6,37,31,11,29,11,9,15,3,25,216,5,7,63,18,226,1,4,4,719,30,9,12,5,160,9,102,27,9,8,13,6,4,11,2,120,1,7,1,89,4,1,50,73,15,8,1,2,52,44,2,19,7,9,3,16,1,2,317,24,2330,6,21
13,69,66,22,62,1,35,25,104,49,16,126,22,23,10,3,112,139,7,11,51,16,223,0,2,4,642,34,6,20,13,181,21,95,60,16,24,28,6,13,53,6,589,6,17,14,329,11,3,145,454,167,45,10,10,303,275,15,207,69,6,3,26,0,0,310,6,815,11,12
82,45,5,740,4,106,20,215,46,8,75,44,1,20,4,1,4,5,2,0,2,17,0,110,3,0,21,294,16,46,48,4,237,8,269,54,49,62,1,17,14,35,0,108,3,1709,25,1,21,49,33,167,27,100,171,613,308,0,179,424,20,145,188,148,85,347,0,1,168,4
75,10,6,143,3,58,5,48,73,3,33,111,3,31,15,2,12,12,2,0,3,14,0,125,5,0,17,177,15,17,12,25,58,22,44,34,17,22,3,2,17,29,5,62,24,2000,34,1,34,36,5,20,5,14,27,102,50,0,22,55,13,56,47,126,117,59,0,2,40,2
120,6,10,237,2,77,8,41,99,5,69,111,5,47,69,5,11,52,5,1,10,43,2,524,24,1,54,461,56,32,15,74,83,76,62,60,20,31,9,2,14,34,4,55,41,986,37,2,33,45,3,8,3,7,16,67,31,0,8,24,48,142,89,642,714,158,7,17,72,10
37,8,3,51,3,30,2,29,45,1,12,93,1,17,4,0,10,3,1,0,1,4,0,31,1,0,5,55,4,7,6,10,25,8,18,15,9,9,1,1,14,17,5,43,16,2502,24,1,27,20,4,20,3,12,20,72,36,0,21,50,3,17,16,25,22,14,0,0,14,0
98,15,8,183,5,78,7,68,98,4,42,158,3,41,17,2,17,13,2,0,3,16,1,142,6,0,20,214,17,22,17,30,76,27,58,44,24,28,3,3,24,39,7,88,32,3150,48,2,49,49,8,31,7,21,40,150,74,0,34,85,15,68,59,138,125,69,1,2,51,2
137,12,12,228,5,96,8,64,133,5,61,194,5,58,43,3,20,31,4,1,6,30,1,307,13,0,37,358,35,31,19,63,92,56,66,62,26,35,7,3,26,47,9,92,53,2674,58,3,57,60,6,20,6,15,32,124,59,0,22,58,29,108,80,319,325,107,2,7,67,5
152,4,15,119,3,75,5,25,178,4,55,274,10,81,159,6,29,92,5,2,11,44,2,635,32,1,56,420,63,24,10,231,50,156,29,60,15,23,18,1,23,42,23,59,152,1795,64,3,65,52,2,4,2,3,9,37,16,0,4,12,43,100,51,636,909,67,8,21,41,7
113,16,9,273,5,92,9,82,98,5,58,134,3,42,22,2,14,18,3,0,5,23,1,208,8,0,28,303,25,30,22,31,106,32,85,55,28,37,4,4,22,42,5,92,27,2459,46,2,44,54,9,33,8,23,46,176,86,0,37,93,23,102,88,225,199,123,1,4,76,4
30,6,3,42,2,24,2,22,36,1,10,73,1,14,4,0,8,3,1,0,1,3,0,28,1,0,4,48,4,5,5,9,20,7,14,12,7,8,1,1,11,14,4,33,13,1832,19,1,21,16,3,14,2,8,15,54,27,0,15,36,3,14,13,23,21,12,0,0,12,0
131,41,9,578,7,136,18,187,95,9,84,116,2,41,12,2,12,12,4,0,4,24,1,182,6,0,30,374,24,48,44,16,209,20,198,72,51,64,2,12,26,54,2,143,15,3288,49,2,44,72,26,115,21,72,130,475,236,0,124,301,26,151,164,212,149,247,0,2,144,5
70,35,5,356,5,82,11,143,52,5,44,67,1,21,4,1,7,4,1,0,1,10,0,68,2,0,12,176,10,27,29,6,132,8,132,39,34,39,1,9,17,33,1,99,6,2599,29,1,27,43,22,123,18,71,117,410,209,0,132,305,10,75,94,76,48,130,0,0,85,2
139,8,14,83,7,76,4,34,208,3,35,459,10,85,68,3,51,36,3,1,5,20,1,240,11,0,26,226,26,16,9,151,42,83,23,48,17,20,10,1,40,51,47,88,173,5272,91,3,106,58,3,10,3,7,16,61,29,0,11,28,17,52,33,191,247,29,1,5,28,2
108,8,9,211,3,74,7,47,94,5,57,117,4,43,43,3,12,32,4,1,7,30,1,332,14,1,37,347,37,27,15,53,78,52,59,52,20,29,6,3,16,33,5,61,36,1348,38,2,36,44,4,11,4,9,21,84,39,0,13,35,32,108,76,380,395,118,3,9,62,6
59,42,4,218,7,70,7,135,53,3,28,91,1,20,2,0,10,2,1,0,1,5,0,32,1,0,6,100,5,18,22,4,93,5,87,29,29,29,0,6,22,33,2,109,7,4807,34,1,34,40,25,173,19,89,131,439,230,1,182,400,5,40,56,30,18,57,0,0,52,1
141,10,10,477,2,106,14,74,94,10,107,87,4,45,58,6,8,51,7,1,12,58,2,638,28,1,72,661,71,52,27,52,151,67,128,80,31,51,8,5,14,39,2,71,26,920,36,2,30,55,6,15,5,12,31,128,59,0,17,48,69,236,166,884,850,353,8,21,135,16
132,11,11,248,4,93,8,62,120,5,65,159,5,53,45,4,16,33,4,1,7,32,1,343,15,0,41,386,39,32,19,60,95,57,71,62,26,36,7,3,22,43,6,82,45,2054,51,2,48,56,6,17,5,13,29,116,55,0,19,52,33,120,87,377,383,127,3,8,73,6
149,16,14,153,9,101,6,67,190,4,46,381,7,77,37,3,42,23,3,1,4,20,1,198,8,0,25,255,23,23,16,79,72,53,47,58,26,30,6,2,45,60,26,124,97,6506,91,4,101,71,7,28,6,19,37,140,68,0,31,77,17,69,53,168,176,50,1,3,46,2
107,13,11,90,8,72,4,49,155,2,28,361,6,60,23,2,40,14,2,1,2,12,0,108,4,0,14,149,13,14,11,58,46,34,29,39,19,20,4,1,41,47,29,101,86,7036,78,3,92,54,6,25,5,16,30,109,54,0,27,66,9,38,31,83,87,25,0,2,27,1
67,35,5,199,8,73,7,117,65,3,29,114,2,25,3,1,12,3,1,0,1,7,0,43,1,0,8,114,6,18,21,7,87,7,76,32,28,28,1,5,25,35,3,109,11,4983,39,1,41,43,20,125,15,67,103,353,183,0,132,296,6,43,54,39,26,54,0,0,49,1
121,21,9,329,5,105,11,103,103,6,64,139,3,44,19,2,14,16,3,0,4,23,1,203,8,0,29,323,25,35,26,28,126,30,105,60,34,43,3,5,24,47,4,108,25,2869,50,2,47,60,12,47,10,32,62,232,113,0,51,129,23,113,103,221,185,143,1,3,89,4
130,11,9,583,2,106,16,85,77,10,113,65,3,37,43,5,6,42,6,1,12,56,2,591,25,1,70,671,68,56,31,35,176,52,160,79,33,56,7,7,12,36,1,69,16,764,30,1,24,52,7,19,7,16,37,153,71,0,21,59,71,259,195,870,774,453,7,19,159,17
162,6,14,261,3,97,9,46,142,7,85,167,7,67,113,7,17,81,7,2,14,57,2,743,35,1,72,596,78,38,17,127,94,119,66,76,24,38,14,2,19,44,8,69,70,1331,52,3,48,58,3,7,3,6,17,71,32,0,8,24,63,173,102,882,1048,174,10,25,81,12
126,11,10,321,3,94,10,67,99,7,76,113,4,45,42,4,11,34,5,0,8,37,1,395,17,0,47,447,45,37,21,48,113,52,90,65,27,40,7,4,17,39,4,75,31,1417,41,2,36,53,6,17,5,13,31,124,58,0,19,52,41,150,111,479,463,189,4,11,92,8
88,30,6,350,5,91,11,128,68,5,52,91,1,29,7,1,9,6,2,0,2,14,0,105,3,0,17,225,14,30,28,10,132,13,122,47,34,41,1,7,20,38,2,105,11,2783,37,1,34,50,18,88,15,54,94,338,169,0,94,226,14,89,99,116,81,136,0,1,88,2
118,11,7,856,1,106,21,98,56,14,138,37,2,28,36,6,3,39,7,0,14,66,3,674,28,1,82,801,78,70,38,23,228,43,233,82,36,66,5,10,8,31,0,60,9,442,21,1,15,46,9,20,8,17,43,176,81,0,22,65,92,350,276,1149,934,804,10,25,222,27
169,13,13,450,4,124,14,85,127,9,107,137,6,59,64,6,13,53,7,1,12,56,2,608,26,1,70,653,69,52,29,67,154,77,124,89,35,55,9,5,20,50,4,93,39,1581,51,2,45,69,7,20,7,16,37,152,70,0,22,61,63,220,157,765,752,286,6,18,129,13
128,6,13,80,5,69,4,29,183,3,35,377,9,76,73,3,42,40,3,1,5,21,1,264,12,0,27,232,28,16,8,151,39,85,22,46,15,18,10,1,33,44,38,74,154,3867,77,3,87,52,2,7,2,6,13,50,23,0,8,22,18,54,32,220,290,31,2,6,27,2
91,19,7,239,5,81,8,85,81,4,46,118,3,34,12,1,12,10,2,0,3,15,0,127,4,0,19,219,16,25,20,19,95,20,79,45,27,33,3,4,21,37,4,90,20,2740,41,1,39,47,11,45,9,29,54,201,99,0,49,120,15,77,73,132,108,94,0,2,64,3
95,25,7,349,5,93,11,116,74,5,56,95,2,31,10,1,9,9,2,0,3,18,0,135,4,0,21,257,18,32,27,14,130,17,117,50,33,42,2,6,20,39,2,99,14,2481,38,1,35,51,15,66,13,42,77,284,141,0,71,175,18,99,102,151,113,146,0,2,90,3
162,18,13,387,5,126,13,101,137,8,87,175,5,61,40,4,18,32,5,1,8,39,2,374,15,1,48,485,44,44,29,53,145,55,115,81,37,52,7,5,27,56,6,115,41,2711,61,3,57,73,10,34,9,24,52,202,96,0,37,97,40,162,129,422,391,194,2,9,109,7
142,20,11,399,5,118,13,106,114,7,81,141,4,51,29,3,14,24,5,1,6,33,1,300,11,1,40,429,37,43,29,37,147,41,122,72,37,50,5,6,24,51,4,109,29,2476,52,2,48,66,11,40,10,28,58,223,107,0,44,113,34,151,128,345,299,196,2,6,109,6
63,38,4,286,6,74,9,139,50,4,35,72,1,20,2,0,7,2,1,0,1,8,0,47,1,0,9,133,7,22,26,4,112,6,110,33,31,33,0,7,19,32,1,101,6,3307,30,1,29,40,24,146,19,79,124,426,220,0,155,349,7,56,74,49,30,90,0,0,68,1
159,10,15,165,6,97,6,50,185,4,57,311,8,80,72,4,34,46,4,1,7,32,1,370,16,1,40,361,41,27,15,122,72,88,46,65,23,31,10,2,33,54,21,95,108,3502,78,3,81,66,4,13,4,10,22,89,42,0,14,39,30,95,63,350,411,73,3,9,52,4
80,7,7,87,4,52,3,31,94,2,27,168,4,39,26,2,18,17,2,0,3,13,0,143,6,0,17,162,16,13,8,48,39,34,26,32,13,16,4,1,19,29,11,56,49,2342,42,2,45,35,3,10,3,7,15,60,29,0,11,29,12,44,32,130,143,34,1,3,27,2
184,12,16,264,6,119,10,68,183,6,81,262,8,81,78,5,28,54,6,1,10,44,2,498,22,1,55,501,55,38,21,112,106,94,73,81,30,42,12,3,32,59,13,106,86,2968,75,3,74,75,6,17,5,13,30,120,56,0,19,51,44,144,97,522,575,133,4,13,81,7
117,18,10,240,6,94,8,83,112,5,53,170,4,47,21,2,18,16,3,0,4,21,1,184,7,0,25,275,22,28,21,34,98,32,76,54,29,35,4,4,26,46,6,102,34,3301,54,2,53,58,10,37,8,25,48,183,89,0,40,101,19,89,78,186,167,97,1,3,67,3
124,15,9,412,3,103,13,91,90,8,82,98,3,41,28,3,10,25,4,1,7,34,1,325,13,1,42,441,39,42,27,31,142,38,123,67,33,48,5,5,18,41,2,86,21,1563,39,2,34,56,9,30,8,22,48,186,89,0,33,88,38,160,133,404,350,232,2,8,112,8
120,11,8,655,1,101,18,87,65,11,117,50,2,32,38,5,4,39,6,0,12,57,2,592,25,1,71,689,69,59,33,28,188,46,180,76,33,57,6,8,9,33,0,63,12,591,25,1,19,48,7,19,7,16,38,157,72,0,21,59,74,280,216,924,790,548,8,20,175,20
161,14,13,283,5,114,10,76,152,6,75,214,6,67,51,4,22,38,5,1,8,36,1,378,16,0,45,438,44,37,22,73,111,66,82,74,31,42,8,4,29,54,9,105,58,2895,66,3,64,70,7,23,6,17,37,146,69,0,25,67,36,134,99,402,408,136,3,9,83,6
95,19,9,135,8,76,5,70,113,3,32,227,4,45,13,1,25,9,2,0,2,11,0,89,3,0,13,153,11,17,15,28,63,21,46,39,23,25,3,3,33,43,12,105,40,5685,60,2,66,51,9,44,8,27,47,172,86,0,47,114,9,46,43,75,67,40,0,1,38,1
5,149,13,269,1,50,2,3,17,22,3,4,2,2,7,1,13,0,42,19,50,4,52,1,45,0,24,5,3,35,20,22,30,37,21,21,59,201,21,36,1,5,6,4,7,102,18,18,21,147,685,12,76,181,36,4018,247,15,298,231,61,1,498,0,62,6,17,50,150,22
14,120,43,216,3,89,1,3,72,28,5,27,16,8,68,3,79,1,96,75,144,11,124,6,189,1,63,10,10,47,20,250,29,250,14,44,74,253,126,20,3,12,92,7,81,299,66,55,89,327,433,5,51,98,22,2627,156,8,144,118,139,1,499,2,268,5,75,206,144,38
11,47,35,151,2,61,1,1,56,23,4,19,15,7,117,3,54,2,97,79,186,14,140,9,307,0,76,11,14,38,12,356,19,353,9,36,44,175,169,11,2,8,70,4,83,123,44,43,57,223,165,1,20,31,8,1039,59,2,40,36,178,1,387,4,506,4,178,417,108,51
9,105,27,120,3,58,1,2,49,15,2,22,10,6,29,1,65,0,49,41,63,5,58,2,75,0,29,5,4,26,13,131,18,120,9,26,50,154,61,13,3,9,81,5,55,315,49,36,71,223,364,6,41,91,19,2159,131,7,144,114,59,0,266,0,95,2,22,69,79,15
9,91,29,149,3,62,1,2,50,19,3,20,11,6,42,1,57,0,64,50,92,7,81,4,117,0,41,7,6,33,14,161,21,160,10,30,53,176,80,15,3,8,65,5,54,228,46,38,64,230,327,4,38,76,17,1975,118,6,113,92,89,1,340,1,162,3,44,124,99,24
11,73,36,155,2,68,1,1,62,22,4,24,15,8,78,2,68,1,84,70,138,10,112,6,200,0,59,9,9,37,14,280,21,266,10,35,53,188,130,13,3,9,88,5,83,208,53,46,72,256,255,3,30,54,13,1569,92,4,76,64,130,1,376,2,298,3,89,233,107,35
15,34,52,100,2,65,1,1,95,19,4,40,29,12,264,4,116,4,111,122,234,16,161,13,459,1,92,12,18,34,9,975,14,717,5,40,39,151,323,6,3,10,248,4,247,192,71,61,101,270,106,1,13,19,5,673,38,1,23,21,195,1,286,4,754,2,257,601,78,47
7,68,22,132,2,48,1,2,35,16,3,13,8,4,33,1,36,0,53,38,79,6,69,3,101,0,34,6,5,27,11,113,17,122,9,23,42,144,62,13,2,6,37,3,34,139,32,28,42,171,253,3,30,57,13,1533,91,5,84,69,79,1,299,1,145,3,42,114,87,23
10,109,31,132,3,63,1,2,55,17,3,25,11,6,35,1,72,0,56,47,74,6,67,3,90,0,33,5,5,29,14,156,19,143,9,29,54,169,72,14,3,9,91,5,63,329,55,40,78,244,375,6,43,92,19,2235,135,7,144,115,69,1,295,1,116,2,28,84,87,17
7,129,20,222,2,59,1,2,30,23,3,9,5,3,18,1,28,0,55,32,71,6,69,2,75,0,33,6,5,36,18,59,28,78,17,27,61,204,42,25,2,7,20,5,18,158,30,27,38,195,528,8,60,132,28,3139,190,10,207,164,78,1,453,1,104,5,28,81,134,25
6,157,16,221,2,55,1,3,25,20,3,8,4,3,10,1,23,0,43,24,50,4,52,1,47,0,24,4,3,33,19,35,28,49,17,22,61,195,27,29,1,6,14,4,12,166,26,22,33,176,663,12,74,178,35,3876,239,14,296,228,57,1,424,0,62,4,15,47,128,18
11,43,39,70,3,52,1,1,78,13,3,39,21,9,114,2,115,1,65,75,112,8,85,5,186,0,46,7,8,23,8,524,11,358,4,28,34,115,166,5,3,9,251,4,182,275,66,48,99,228,128,1,15,26,6,791,46,2,36,31,90,1,188,2,267,1,74,198,53,20
12,64,37,168,2,68,1,1,59,24,4,21,15,7,93,3,60,1,94,75,164,12,131,7,250,0,69,10,12,40,14,303,22,302,10,37,52,195,147,13,2,9,75,4,79,164,49,45,65,249,228,2,27,46,11,1419,82,3,63,54,158,1,414,2,391,4,127,315,116,45
4,154,13,148,2,43,1,3,21,13,2,8,3,2,6,0,23,0,28,16,29,2,31,1,25,0,14,3,2,22,14,25,20,31,12,17,49,143,17,22,2,5,15,4,11,198,24,18,32,145,622,13,67,181,33,3579,225,15,320,238,32,0,276,0,30,2,6,22,85,9
11,62,31,217,1,66,1,2,46,28,5,14,11,6,82,3,38,1,101,68,184,14,147,8,276,1,77,12,13,46,16,224,25,265,14,37,54,214,131,16,2,8,37,3,50,106,37,39,46,225,240,2,29,47,12,1498,86,3,62,54,192,2,521,3,457,6,163,385,146,60
13,78,40,184,3,76,1,2,66,26,4,24,16,8,91,3,69,1,99,79,167,13,134,7,245,1,70,11,11,44,16,311,24,307,11,40,60,216,150,15,3,10,86,5,86,204,56,50,75,281,278,3,33,58,14,1716,100,4,80,68,160,2,448,3,372,4,116,296,127,44
12,86,42,126,4,72,1,2,77,19,3,35,18,9,75,2,103,1,75,71,114,9,95,5,159,0,49,8,8,33,13,327,19,267,8,35,54,177,130,11,4,11,162,6,119,347,70,53,102,287,281,3,33,63,14,1705,101,5,92,76,100,1,306,1,219,2,57,162,89,24
11,81,37,99,4,62,1,1,72,15,3,36,16,8,59,2,105,1,60,60,86,7,73,4,117,0,37,6,6,26,11,283,15,218,7,29,47,147,106,9,4,10,177,6,115,379,67,47,101,257,259,4,30,60,13,1560,93,5,91,74,74,1,239,1,154,1,38,111,70,17
5,135,15,138,2,45,1,2,25,14,2,10,4,3,9,0,29,0,32,20,35,3,36,1,33,0,17,3,2,23,14,37,19,43,11,18,48,143,23,19,2,6,23,4,16,212,28,21,38,157,525,11,57,146,28,3046,190,12,250,190,37,0,271,0,40,2,9,29,82,10
9,106,29,197,2,67,1,2,46,23,4,16,9,5,38,2,46,0,70,49,102,8,91,4,124,0,45,8,7,38,17,131,26,147,14,32,61,209,75,20,2,8,44,5,41,198,42,37,56,237,403,5,47,94,21,2434,145,7,140,114,104,1,435,1,176,4,49,137,127,30
12,86,35,310,2,82,2,2,49,38,6,13,12,6,79,3,38,1,121,76,214,16,177,9,305,1,92,14,15,60,22,206,35,267,19,45,70,283,134,25,2,8,32,5,44,116,40,44,49,268,349,3,42,70,17,2170,125,5,94,82,234,2,722,4,505,9,182,430,203,78
13,45,41,148,2,66,1,1,68,24,4,24,19,9,158,4,68,2,110,95,218,16,160,11,380,1,88,12,16,40,12,498,19,463,8,39,46,182,217,10,2,9,100,4,116,141,52,50,69,249,154,1,19,28,8,978,55,2,36,32,202,1,391,4,631,4,224,519,108,56
12,73,34,198,2,70,1,2,53,26,4,18,13,7,78,3,51,1,95,69,162,12,132,7,235,1,69,10,12,44,16,240,25,260,13,38,57,213,129,16,2,9,55,4,61,152,45,43,58,248,272,3,32,56,14,1683,97,4,77,66,163,2,474,3,367,5,120,299,134,48
7,135,20,209,2,59,1,3,31,21,3,10,5,3,16,1,30,0,51,31,65,5,63,2,67,0,30,5,4,34,18,57,26,73,16,26,60,197,39,25,2,7,22,4,20,177,31,27,40,195,545,9,61,138,28,3222,196,11,222,174,71,1,422,1,90,4,24,69,126,21
9,73,24,316,1,65,2,2,32,35,6,7,7,4,52,3,20,1,101,54,180,14,151,7,246,1,77,12,13,54,20,117,34,178,20,37,60,252,92,26,1,6,13,3,23,68,25,30,29,199,318,3,39,63,15,1978,114,5,85,73,211,2,713,4,421,11,162,371,200,77
15,89,45,266,2,92,1,2,70,36,6,22,17,9,113,4,64,1,131,95,232,17,186,10,344,1,98,14,17,59,21,336,33,369,17,51,74,284,182,21,3,12,69,6,82,183,58,57,74,324,336,3,40,68,17,2090,121,5,91,79,234,2,645,4,550,7,186,453,181,70
14,50,50,91,3,67,1,1,99,17,3,48,27,12,164,3,140,2,88,100,158,11,117,8,272,1,64,9,12,30,10,726,14,502,5,36,43,148,231,7,4,11,306,5,236,311,81,61,121,286,149,1,18,30,7,927,53,2,40,34,128,1,248,2,400,2,115,300,70,29
12,148,36,245,3,85,1,3,57,29,4,21,11,7,41,2,60,0,83,58,115,9,104,4,135,0,52,9,8,47,22,149,32,166,17,40,78,262,85,26,3,10,57,6,50,280,55,46,73,301,561,8,64,134,29,3362,202,10,206,166,117,1,531,1,186,5,50,143,156,34
8,127,23,218,2,64,1,2,36,23,3,12,6,4,23,1,35,0,61,37,80,6,76,3,89,0,37,6,5,37,18,78,28,97,16,29,63,211,51,24,2,7,27,5,25,180,35,31,45,214,505,7,58,123,27,3012,182,10,192,153,86,1,454,1,123,5,33,96,134,27
13,100,39,224,3,82,1,2,62,29,5,22,14,8,71,3,62,1,99,73,156,12,132,6,213,1,68,11,11,48,19,235,29,251,15,42,68,245,126,20,3,10,66,6,67,213,54,49,71,292,370,4,44,80,18,2268,133,6,114,96,156,1,520,2,317,5,96,252,149,45
11,106,34,228,3,77,1,2,52,28,4,18,11,6,53,2,51,1,88,61,134,10,116,5,172,0,58,10,9,46,19,172,29,195,15,38,67,239,99,22,3,10,50,5,50,195,48,43,62,267,404,5,47,90,20,2454,145,7,131,109,137,1,515,2,253,5,76,201,149,41
6,192,18,228,3,60,1,4,27,21,3,9,4,3,9,1,27,0,43,24,47,4,49,1,42,0,22,5,3,34,21,35,29,47,18,24,68,208,26,32,2,7,17,5,14,217,30,25,39,195,802,16,88,224,43,4649,289,18,384,291,53,1,430,0,53,4,12,39,131,16
11,48,36,99,2,56,1,1,65,16,3,28,17,8,100,2,80,1,74,72,129,10,99,6,207,0,53,8,9,28,10,393,14,320,6,30,39,139,151,8,3,9,136,4,119,202,54,44,77,224,156,2,19,32,8,965,56,2,43,37,113,1,257,2,310,2,93,239,73,28
11,61,35,108,2,59,1,1,64,16,3,28,16,8,78,2,81,1,70,65,113,9,91,5,168,0,48,7,8,29,11,317,16,264,7,30,44,148,127,9,3,9,128,4,104,238,56,44,80,234,200,2,24,42,10,1223,72,3,60,51,100,1,269,1,242,2,68,184,77,25
14,67,44,158,2,75,1,1,75,24,4,29,19,9,118,3,83,1,102,89,178,13,139,8,278,0,74,11,13,41,14,418,22,378,10,41,55,200,182,12,3,11,121,5,117,218,62,54,85,287,228,2,27,46,11,1417,82,3,62,54,164,1,399,3,427,3,134,337,112,44
12,121,39,210,3,83,1,2,64,26,4,24,14,7,55,2,70,1,87,66,127,10,111,5,161,0,56,9,9,45,19,206,28,211,14,40,71,240,106,20,3,11,78,6,67,281,59,50,80,302,439,6,51,101,22,2654,158,8,150,123,124,1,476,1,227,4,63,174,138,34
10,91,30,227,2,70,1,2,45,28,4,14,10,6,51,2,40,1,86,57,136,10,116,6,179,1,59,10,9,45,18,155,28,185,15,35,61,226,94,20,2,8,37,4,41,149,40,38,50,237,354,4,42,76,18,2163,127,6,109,92,143,1,514,2,272,6,86,220,147,44
9,65,24,252,1,60,2,2,33,29,5,9,7,4,53,2,24,1,90,52,159,12,133,7,223,1,69,11,11,46,17,130,28,180,16,33,53,217,91,21,1,6,18,3,27,75,27,30,32,190,272,2,33,55,13,1690,97,4,73,63,179,2,577,3,373,8,137,322,162,62
16,99,49,217,3,93,1,2,82,30,5,31,20,10,106,3,89,1,116,95,193,14,156,9,279,1,82,12,13,51,19,375,29,363,14,49,72,260,178,18,3,12,113,7,108,270,71,62,96,346,348,4,41,74,18,2141,125,6,102,87,183,1,526,3,419,5,127,329,150,50
9,103,29,126,3,60,1,2,52,16,3,23,11,6,33,1,67,0,53,44,71,6,64,2,85,0,32,5,4,28,13,146,18,134,9,27,52,160,68,13,3,9,84,5,59,308,51,38,73,231,357,6,41,88,19,2128,129,7,137,109,66,0,282,1,110,2,27,80,83,17
1,96,0,4,2,44,137,45,2,64,24,2,48,0,0,6,3,0,34,2,16,28,62,2,15,11,0,7,1,1,28,0,201,0,532,16,27,27,1,1421,23,0,0,12,0,4,27,2,0,113,418,1149,51,1259,3,1181,195,17,49,495,9,2,21,37,0,78,3,6,67,0
10,31,13,1,10,127,103,18,64,92,63,98,2216,1,121,86,200,22,225,75,222,262,478,48,542,71,4,36,22,1,19,25,136,115,165,78,32,36,102,257,216,4,98,32,201,32,394,39,4,544,76,89,10,146,0,240,35,1,4,49,70,7,17,568,25,38,222,260,49,2
5,3,7,0,2,37,20,2,37,26,22,59,1914,1,289,64,122,40,120,59,186,183,301,54,757,41,3,19,20,0,3,57,25,185,23,30,6,8,144,26,71,1,123,7,315,7,172,18,2,180,5,4,1,8,0,19,3,0,0,2,50,3,4,619,44,9,502,473,10,2
6,38,8,1,10,92,77,18,40,60,37,66,1156,0,38,39,135,7,118,37,94,120,228,18,187,35,2,18,9,1,16,9,106,43,138,48,27,26,40,247,175,3,57,27,93,34,278,24,3,389,94,144,12,208,1,287,44,3,6,73,30,4,12,203,7,23,56,75,35,1
10,42,14,2,12,148,124,23,68,107,70,106,2255,0,107,87,214,20,240,76,223,270,498,46,511,74,3,38,21,2,23,23,166,107,209,87,40,42,97,339,250,4,98,38,191,39,439,42,4,624,106,133,14,210,0,329,49,3,5,71,72,8,21,550,23,44,195,236,59,2
5,7,7,0,4,51,33,5,38,34,27,63,1577,0,132,52,129,21,117,49,140,152,264,35,432,38,2,18,14,1,6,28,42,105,44,36,11,13,87,60,101,2,95,12,201,13,208,20,2,239,16,15,2,27,0,52,7,0,0,9,40,3,6,390,22,12,210,227,16,1
2,0,4,0,1,9,2,0,27,4,5,63,2015,0,590,33,136,53,44,42,94,78,117,37,624,15,1,6,11,0,0,159,3,270,2,9,1,1,180,2,34,1,414,2,864,3,103,9,1,60,0,0,0,0,0,1,0,0,0,0,19,1,1,326,39,1,470,403,1,0
8,34,10,2,8,118,110,20,47,94,60,67,1562,0,79,71,134,15,200,58,188,229,423,39,425,64,3,33,17,2,20,14,147,78,194,70,33,36,71,314,171,3,53,28,117,24,302,31,3,473,89,109,12,175,0,277,41,2,5,58,63,7,19,489,19,45,176,207,54,2
9,48,12,2,14,133,107,24,62,86,56,104,1885,0,69,62,213,13,183,59,152,190,358,30,320,55,2,28,14,2,21,16,146,75,185,72,37,37,69,318,258,5,97,38,162,47,422,37,5,572,118,170,16,252,1,361,55,3,7,88,48,5,17,337,13,33,102,132,49,1
3,79,3,3,6,90,157,40,14,96,46,15,329,0,7,25,30,1,98,16,64,93,191,9,90,31,0,17,5,1,31,0,220,10,416,42,39,40,11,885,82,1,4,24,10,14,115,12,0,292,268,516,34,667,2,789,125,9,22,245,28,5,25,151,3,73,29,39,75,1
1,105,1,4,4,63,143,47,6,73,30,6,120,0,1,11,12,0,52,6,27,43,93,3,29,15,0,9,2,1,30,0,209,2,470,26,34,32,3,1174,49,1,0,19,2,10,60,6,0,186,397,1013,49,1151,4,1135,186,16,44,446,12,4,21,56,0,65,7,11,67,0
2,1,4,0,1,13,4,0,26,6,6,66,1515,0,211,23,142,22,39,31,60,56,90,19,284,12,1,5,7,0,1,65,5,126,4,10,2,2,91,4,51,1,304,3,488,6,123,10,2,79,1,1,0,2,0,4,1,0,0,0,13,1,1,166,15,1,143,146,2,0
6,6,8,0,3,53,33,4,41,37,29,65,1830,0,191,65,133,30,138,59,181,190,325,47,610,46,3,22,18,1,5,39,42,141,43,39,11,13,115,55,97,2,102,11,242,11,212,22,2,245,13,11,2,21,0,43,6,0,0,6,51,4,6,547,33,14,340,347,17,2
1,85,1,2,3,36,80,33,3,37,15,4,57,0,0,4,7,0,23,3,10,17,38,1,9,7,0,4,1,1,18,0,120,1,279,13,21,18,1,769,32,1,0,13,1,8,35,3,0,106,321,997,38,1034,3,897,151,14,43,415,5,2,11,18,0,30,2,3,36,0
4,5,5,0,2,40,34,4,22,36,26,28,928,0,96,47,57,17,108,36,138,150,261,34,426,37,2,18,14,1,5,16,43,74,50,30,9,12,63,66,53,1,30,8,88,5,116,14,1,169,14,11,2,22,0,44,6,0,0,7,44,4,7,452,23,18,264,262,18,2
7,10,10,1,5,73,48,7,52,51,40,83,2224,1,200,79,171,32,175,71,214,232,401,54,675,57,3,28,22,1,8,41,62,156,65,52,15,18,129,87,135,3,122,16,275,16,283,29,3,336,22,19,3,36,0,72,10,0,1,12,62,5,9,621,35,19,348,367,24,2
8,12,12,0,8,79,42,7,70,43,34,136,2822,1,195,70,284,28,156,75,175,191,334,43,530,48,3,23,17,1,8,51,55,160,54,51,16,17,132,75,201,3,255,20,431,30,396,34,5,391,25,25,3,44,0,79,12,0,1,14,47,4,7,434,25,12,214,247,20,1
7,11,10,0,7,66,34,6,60,34,27,126,2365,1,142,52,266,20,120,59,127,140,247,30,369,36,2,18,13,1,6,40,44,121,43,42,14,14,100,62,188,3,246,18,375,31,356,29,5,336,23,25,3,42,0,73,10,0,1,14,33,3,5,294,17,9,133,161,15,1
1,80,1,2,5,53,94,33,7,50,22,9,144,0,1,9,18,0,41,6,21,33,72,2,24,12,0,7,1,1,21,0,137,3,274,21,26,23,3,672,57,1,2,18,4,13,69,7,0,173,271,695,33,788,2,774,127,11,30,306,9,2,13,41,0,33,5,9,42,0
10,61,12,2,12,163,175,35,53,138,83,71,1615,0,67,82,143,14,247,64,214,270,513,41,430,78,4,41,19,2,32,12,236,72,339,91,50,54,68,585,215,5,44,41,100,32,361,37,2,627,170,234,23,355,0,523,79,4,10,122,76,10,30,538,18,72,166,203,84,2
5,13,7,1,3,72,76,10,28,72,48,32,1049,0,88,66,63,18,170,46,196,224,403,44,518,59,3,30,19,1,12,13,97,76,129,49,18,24,67,186,77,2,24,14,73,8,156,19,1,275,37,35,5,64,0,120,17,1,1,20,68,6,15,630,28,44,307,314,40,3
4,1,7,0,2,28,13,1,38,18,17,66,2173,1,405,62,138,50,105,61,180,168,270,57,840,36,3,16,19,0,2,86,16,234,13,25,4,6,175,14,64,1,184,5,458,6,166,17,2,149,3,2,0,4,0,10,1,0,0,1,45,2,3,613,50,6,591,538,7,1
6,10,8,1,4,66,52,7,38,53,38,54,1539,0,134,67,109,23,156,55,187,207,363,45,550,52,3,26,19,1,9,25,66,108,76,46,15,18,92,104,101,2,62,14,155,12,209,22,2,285,25,22,3,41,0,79,11,0,1,13,58,5,10,560,29,23,296,310,26,2
4,107,4,4,7,113,192,53,17,116,55,20,402,0,7,28,38,1,116,18,73,107,219,10,99,36,0,20,5,1,38,0,272,11,515,52,49,49,12,1121,107,2,5,32,12,20,148,15,0,367,360,727,46,920,2,1056,168,12,31,341,31,6,30,164,2,84,30,41,91,0
6,23,6,3,3,92,131,18,23,114,68,23,819,0,60,73,44,14,205,43,220,266,492,46,509,73,3,38,21,2,21,7,170,57,261,61,28,37,53,403,73,2,10,17,39,7,141,19,1,317,73,75,10,130,0,231,33,1,3,43,88,10,26,741,27,92,313,321,72,4
5,7,7,1,3,56,42,5,34,45,33,47,1423,0,138,62,96,24,141,51,177,193,335,44,551,48,3,23,18,1,7,25,54,108,60,40,12,15,91,80,84,2,57,11,149,9,180,20,2,242,18,15,2,29,0,59,8,0,0,9,55,4,8,552,29,20,316,322,22,2
3,1,6,0,2,17,5,1,38,7,8,94,2309,1,374,36,203,37,57,47,94,86,136,31,478,18,1,8,10,0,1,112,6,212,4,15,2,3,151,4,67,1,469,4,793,8,171,14,2,107,1,1,0,2,0,4,1,0,0,0,20,1,1,272,26,1,261,258,2,0
6,51,8,2,8,112,125,27,33,93,54,44,939,0,33,47,89,7,152,37,122,159,305,22,226,47,2,25,11,2,24,6,171,38,254,59,36,38,36,462,146,3,25,30,53,24,234,24,2,420,144,216,19,314,1,437,67,3,9,111,44,6,20,291,9,49,80,101,59,1
5,91,7,4,9,135,199,48,26,131,68,31,670,0,17,43,61,4,159,30,114,158,315,18,176,50,1,27,9,1,39,1,276,24,477,67,52,54,24,955,138,3,10,35,26,24,205,22,1,459,290,507,38,686,1,865,135,9,21,248,46,8,33,269,7,88,59,78,95,1
7,21,10,1,6,97,82,13,48,76,52,68,1739,1,114,75,138,21,193,63,204,237,427,45,527,63,3,32,20,1,14,21,107,102,131,62,24,28,90,196,148,3,67,22,153,20,283,29,3,408,51,55,7,94,0,163,24,1,2,30,65,6,14,564,25,34,245,273,41,2
7,31,9,1,7,108,108,19,40,92,58,54,1337,0,70,67,108,14,189,52,180,219,406,37,405,61,3,31,17,1,19,12,144,69,195,65,31,34,63,314,144,3,40,25,93,20,258,28,2,426,84,102,11,164,0,264,39,1,4,55,62,7,19,482,19,47,175,203,54,2
1,84,1,2,3,42,96,36,4,47,18,4,68,0,0,6,7,0,29,3,14,23,51,1,13,9,0,5,1,1,21,0,142,1,330,16,23,21,1,872,33,1,0,13,1,7,39,4,0,121,325,922,39,997,3,915,152,13,40,394,7,2,14,28,0,40,2,4,44,0
4,2,6,0,2,26,11,1,35,14,13,71,1818,1,228,41,150,28,76,46,110,108,178,32,451,24,2,11,12,0,2,58,14,149,12,21,4,5,113,13,73,1,204,6,395,9,171,15,2,143,4,3,1,5,0,12,2,0,0,2,27,1,2,318,24,4,241,245,6,1
6,6,10,0,5,54,27,4,55,30,25,106,2473,1,225,61,223,31,127,65,159,166,283,42,549,40,3,19,16,1,5,56,34,167,32,38,10,11,133,41,137,2,231,13,426,18,292,26,4,274,12,10,2,20,0,40,6,0,0,6,41,3,5,428,27,9,255,277,13,1
7,5,10,0,4,54,28,3,54,33,28,96,2608,1,301,74,200,42,147,74,204,207,347,57,758,48,3,22,21,1,5,67,35,208,32,41,10,12,164,39,120,2,205,11,440,14,271,26,3,268,10,8,1,15,0,33,4,0,0,4,54,3,5,605,40,10,416,422,14,2
6,25,8,1,7,84,74,14,37,63,41,55,1211,0,59,50,111,11,138,43,129,156,289,27,292,44,2,23,12,1,14,12,99,58,127,49,23,25,53,206,135,3,48,21,97,21,237,23,2,349,62,78,8,123,0,194,29,2,3,42,42,5,12,323,13,28,114,137,36,1
5,19,6,1,4,72,76,12,26,65,41,33,881,0,51,49,65,11,135,36,134,162,298,28,309,45,2,23,13,1,13,8,100,50,136,44,20,24,45,216,88,2,23,16,59,11,162,18,1,279,53,61,7,101,0,167,25,1,3,34,47,5,14,378,15,36,146,164,38,2
7,24,9,3,4,112,134,18,36,123,77,38,1312,0,103,96,76,22,256,62,285,335,608,62,709,91,4,45,28,2,21,14,173,92,244,75,31,40,84,364,106,3,23,21,77,11,210,27,1,409,70,69,10,123,0,224,32,1,3,39,106,11,27,933,37,83,425,436,72,4
6,9,9,1,5,64,41,6,46,43,33,74,1897,1,161,65,152,26,146,60,175,190,330,43,539,47,3,23,18,1,7,34,53,127,56,44,13,16,106,76,121,2,109,14,235,15,249,25,3,293,20,18,3,34,0,65,9,0,1,11,50,4,8,494,27,16,267,286,20,1
6,33,8,1,9,90,73,17,41,59,38,69,1255,0,46,42,141,8,124,39,103,129,242,20,215,37,2,19,9,1,15,10,100,49,127,49,25,25,46,220,173,3,64,26,107,32,282,25,3,386,81,117,11,173,1,248,38,2,5,60,33,4,11,228,9,22,69,89,33,1
