"Feature_1","Feature_2","Feature_3","Feature_4","Feature_5","Feature_6","Feature_7","Feature_8","Feature_9","Feature_10","Feature_11","Feature_12","Feature_13","Feature_14","Feature_15","Feature_16","Feature_17","Feature_18","Feature_19","Feature_20","Feature_21","Feature_22","Feature_23","Feature_24","Feature_25","Feature_26","Feature_27","Feature_28","Feature_29","Feature_30","Feature_31","Feature_32","Feature_33","Feature_34","Feature_35","Feature_36","Feature_37","Feature_38","Feature_39","Feature_40","Feature_41","Feature_42","Feature_43","Feature_44","Feature_45","Feature_46","Feature_47","Feature_48","Feature_49","Feature_50","Feature_51","Feature_52","Feature_53","Feature_54","Feature_55","Feature_56","Feature_57","Feature_58","Feature_59","Feature_60","Feature_61","Feature_62","Feature_63","Feature_64","Feature_65","Feature_66","Feature_67","Feature_68","Feature_69","Feature_70","Feature_71","Feature_72","Feature_73","Feature_74","Feature_75","Feature_76","Feature_77","Feature_78","Feature_79","Feature_80","Feature_81","Feature_82","Feature_83","Feature_84","Feature_85","Feature_86","Feature_87","Feature_88","Feature_89","Feature_90","Feature_91","Feature_92","Feature_93","Feature_94","Feature_95","Feature_96","Feature_97","Feature_98","Feature_99","Feature_100","timepoint"
19,20,25,17,20,16,23,21,26,24,22,17,23,32,25,13,21,21,16,19,15,20,16,22,23,22,20,17,28,20,22,15,18,22,25,27,20,25,18,22,22,21,11,8,15,20,25,28,27,19,184,177,185,180,180,163,166,189,186,182,203,196,178,169,189,154,184,182,187,176,183,181,157,178,168,197,175,195,190,179,163,168,160,193,167,183,194,195,179,167,170,188,203,173,173,161,171,196,164,186,1
19,20,25,17,20,16,23,21,26,24,22,17,23,32,25,13,21,21,16,19,15,20,16,22,23,22,20,17,28,20,22,15,18,22,25,27,20,25,18,22,22,21,11,8,15,20,25,28,27,19,184,177,185,180,180,163,166,189,186,182,203,196,178,169,189,154,184,182,187,176,183,181,157,178,168,197,175,195,190,179,163,168,160,193,167,183,194,195,179,167,170,188,203,173,173,161,171,196,164,186,1
19,20,25,17,20,16,23,21,26,24,22,17,23,32,25,13,21,21,16,19,15,20,16,22,23,22,20,17,28,20,22,15,18,22,25,27,20,25,18,22,22,21,11,8,15,20,25,28,27,19,184,177,185,180,180,163,166,189,186,182,203,196,178,169,189,154,184,182,187,176,183,181,157,178,168,197,175,195,190,179,163,168,160,193,167,183,194,195,179,167,170,188,203,173,173,161,171,196,164,186,1
19,20,25,17,20,16,23,21,26,24,22,17,23,32,25,13,21,21,16,19,15,20,16,22,23,22,20,17,28,20,22,15,18,22,25,27,20,25,18,22,22,21,11,8,15,20,25,28,27,19,184,177,185,180,180,163,166,189,186,182,203,196,178,169,189,154,184,182,187,176,183,181,157,178,168,197,175,195,190,179,163,168,160,193,167,183,194,195,179,167,170,188,203,173,173,161,171,196,164,186,1
19,20,25,17,20,16,23,21,26,24,22,17,23,32,25,13,21,21,16,19,15,20,16,22,23,22,20,17,28,20,22,15,18,22,25,27,20,25,18,22,22,21,11,8,15,20,25,28,27,19,184,177,185,180,180,163,166,189,186,182,203,196,178,169,189,154,184,182,187,176,183,181,157,178,168,197,175,195,190,179,163,168,160,193,167,183,194,195,179,167,170,188,203,173,173,161,171,196,164,186,1
19,20,25,17,20,16,23,21,26,24,22,17,23,32,25,13,21,21,16,19,15,20,16,22,23,22,20,17,28,20,22,15,18,22,25,27,20,25,18,22,22,21,11,8,15,20,25,28,27,19,184,177,185,180,180,163,166,189,186,182,203,196,178,169,189,154,184,182,187,176,183,181,157,178,168,197,175,195,190,179,163,168,160,193,167,183,194,195,179,167,170,188,203,173,173,161,171,196,164,186,1
19,20,25,17,20,16,23,21,26,24,22,17,23,32,25,13,21,21,16,19,15,20,16,22,23,22,20,17,28,20,22,15,18,22,25,27,20,25,18,22,22,21,11,8,15,20,25,28,27,19,184,177,185,180,180,163,166,189,186,182,203,196,178,169,189,154,184,182,187,176,183,181,157,178,168,197,175,195,190,179,163,168,160,193,167,183,194,195,179,167,170,188,203,173,173,161,171,196,164,186,1
19,20,25,17,20,16,23,21,26,24,22,17,23,32,25,13,21,21,16,19,15,20,16,22,23,22,20,17,28,20,22,15,18,22,25,27,20,25,18,22,22,21,11,8,15,20,25,28,27,19,184,177,185,180,180,163,166,189,186,182,203,196,178,169,189,154,184,182,187,176,183,181,157,178,168,197,175,195,190,179,163,168,160,193,167,183,194,195,179,167,170,188,203,173,173,161,171,196,164,186,1
19,20,25,17,20,16,23,21,26,24,22,17,23,32,25,13,21,21,16,19,15,20,16,22,23,22,20,17,28,20,22,15,18,22,25,27,20,25,18,22,22,21,11,8,15,20,25,28,27,19,184,177,185,180,180,163,166,189,186,182,203,196,178,169,189,154,184,182,187,176,183,181,157,178,168,197,175,195,190,179,163,168,160,193,167,183,194,195,179,167,170,188,203,173,173,161,171,196,164,186,1
19,20,25,17,20,16,23,21,26,24,22,17,23,32,25,13,21,21,16,19,15,20,16,22,23,22,20,17,28,20,22,15,18,22,25,27,20,25,18,22,22,21,11,8,15,20,25,28,27,19,184,177,185,180,180,163,166,189,186,182,203,196,178,169,189,154,184,182,187,176,183,181,157,178,168,197,175,195,190,179,163,168,160,193,167,183,194,195,179,167,170,188,203,173,173,161,171,196,164,186,1
187,198,173,194,162,196,179,179,191,199,149,170,157,202,198,181,212,164,178,183,172,184,173,176,187,181,177,166,183,160,182,182,190,204,170,192,146,175,183,166,165,198,185,201,174,170,186,174,204,166,17,17,22,21,21,22,8,23,13,19,20,21,16,19,19,13,22,21,26,19,16,16,19,23,26,21,27,13,17,26,25,18,12,17,18,34,13,23,16,13,18,24,18,17,16,24,21,30,12,24,1
187,198,173,194,162,196,179,179,191,199,149,170,157,202,198,181,212,164,178,183,172,184,173,176,187,181,177,166,183,160,182,182,190,204,170,192,146,175,183,166,165,198,185,201,174,170,186,174,204,166,17,17,22,21,21,22,8,23,13,19,20,21,16,19,19,13,22,21,26,19,16,16,19,23,26,21,27,13,17,26,25,18,12,17,18,34,13,23,16,13,18,24,18,17,16,24,21,30,12,24,1
187,198,173,194,162,196,179,179,191,199,149,170,157,202,198,181,212,164,178,183,172,184,173,176,187,181,177,166,183,160,182,182,190,204,170,192,146,175,183,166,165,198,185,201,174,170,186,174,204,166,17,17,22,21,21,22,8,23,13,19,20,21,16,19,19,13,22,21,26,19,16,16,19,23,26,21,27,13,17,26,25,18,12,17,18,34,13,23,16,13,18,24,18,17,16,24,21,30,12,24,1
187,198,173,194,162,196,179,179,191,199,149,170,157,202,198,181,212,164,178,183,172,184,173,176,187,181,177,166,183,160,182,182,190,204,170,192,146,175,183,166,165,198,185,201,174,170,186,174,204,166,17,17,22,21,21,22,8,23,13,19,20,21,16,19,19,13,22,21,26,19,16,16,19,23,26,21,27,13,17,26,25,18,12,17,18,34,13,23,16,13,18,24,18,17,16,24,21,30,12,24,1
187,198,173,194,162,196,179,179,191,199,149,170,157,202,198,181,212,164,178,183,172,184,173,176,187,181,177,166,183,160,182,182,190,204,170,192,146,175,183,166,165,198,185,201,174,170,186,174,204,166,17,17,22,21,21,22,8,23,13,19,20,21,16,19,19,13,22,21,26,19,16,16,19,23,26,21,27,13,17,26,25,18,12,17,18,34,13,23,16,13,18,24,18,17,16,24,21,30,12,24,1
187,198,173,194,162,196,179,179,191,199,149,170,157,202,198,181,212,164,178,183,172,184,173,176,187,181,177,166,183,160,182,182,190,204,170,192,146,175,183,166,165,198,185,201,174,170,186,174,204,166,17,17,22,21,21,22,8,23,13,19,20,21,16,19,19,13,22,21,26,19,16,16,19,23,26,21,27,13,17,26,25,18,12,17,18,34,13,23,16,13,18,24,18,17,16,24,21,30,12,24,1
187,198,173,194,162,196,179,179,191,199,149,170,157,202,198,181,212,164,178,183,172,184,173,176,187,181,177,166,183,160,182,182,190,204,170,192,146,175,183,166,165,198,185,201,174,170,186,174,204,166,17,17,22,21,21,22,8,23,13,19,20,21,16,19,19,13,22,21,26,19,16,16,19,23,26,21,27,13,17,26,25,18,12,17,18,34,13,23,16,13,18,24,18,17,16,24,21,30,12,24,1
187,198,173,194,162,196,179,179,191,199,149,170,157,202,198,181,212,164,178,183,172,184,173,176,187,181,177,166,183,160,182,182,190,204,170,192,146,175,183,166,165,198,185,201,174,170,186,174,204,166,17,17,22,21,21,22,8,23,13,19,20,21,16,19,19,13,22,21,26,19,16,16,19,23,26,21,27,13,17,26,25,18,12,17,18,34,13,23,16,13,18,24,18,17,16,24,21,30,12,24,1
187,198,173,194,162,196,179,179,191,199,149,170,157,202,198,181,212,164,178,183,172,184,173,176,187,181,177,166,183,160,182,182,190,204,170,192,146,175,183,166,165,198,185,201,174,170,186,174,204,166,17,17,22,21,21,22,8,23,13,19,20,21,16,19,19,13,22,21,26,19,16,16,19,23,26,21,27,13,17,26,25,18,12,17,18,34,13,23,16,13,18,24,18,17,16,24,21,30,12,24,1
187,198,173,194,162,196,179,179,191,199,149,170,157,202,198,181,212,164,178,183,172,184,173,176,187,181,177,166,183,160,182,182,190,204,170,192,146,175,183,166,165,198,185,201,174,170,186,174,204,166,17,17,22,21,21,22,8,23,13,19,20,21,16,19,19,13,22,21,26,19,16,16,19,23,26,21,27,13,17,26,25,18,12,17,18,34,13,23,16,13,18,24,18,17,16,24,21,30,12,24,1
39,42,36,44,50,39,55,38,42,35,35,38,45,37,48,37,40,52,45,40,43,19,35,53,46,36,41,46,40,37,41,35,40,45,40,34,38,50,45,45,28,44,41,49,50,30,32,36,35,41,145,140,176,169,163,187,160,169,148,163,155,156,157,160,168,152,168,153,147,153,155,154,177,159,157,187,149,172,129,152,142,176,145,162,160,174,179,151,144,159,169,165,176,144,149,151,166,155,159,162,2
39,42,36,44,50,39,55,38,42,35,35,38,45,37,48,37,40,52,45,40,43,19,35,53,46,36,41,46,40,37,41,35,40,45,40,34,38,50,45,45,28,44,41,49,50,30,32,36,35,41,145,140,176,169,163,187,160,169,148,163,155,156,157,160,168,152,168,153,147,153,155,154,177,159,157,187,149,172,129,152,142,176,145,162,160,174,179,151,144,159,169,165,176,144,149,151,166,155,159,162,2
39,42,36,44,50,39,55,38,42,35,35,38,45,37,48,37,40,52,45,40,43,19,35,53,46,36,41,46,40,37,41,35,40,45,40,34,38,50,45,45,28,44,41,49,50,30,32,36,35,41,145,140,176,169,163,187,160,169,148,163,155,156,157,160,168,152,168,153,147,153,155,154,177,159,157,187,149,172,129,152,142,176,145,162,160,174,179,151,144,159,169,165,176,144,149,151,166,155,159,162,2
39,42,36,44,50,39,55,38,42,35,35,38,45,37,48,37,40,52,45,40,43,19,35,53,46,36,41,46,40,37,41,35,40,45,40,34,38,50,45,45,28,44,41,49,50,30,32,36,35,41,145,140,176,169,163,187,160,169,148,163,155,156,157,160,168,152,168,153,147,153,155,154,177,159,157,187,149,172,129,152,142,176,145,162,160,174,179,151,144,159,169,165,176,144,149,151,166,155,159,162,2
39,42,36,44,50,39,55,38,42,35,35,38,45,37,48,37,40,52,45,40,43,19,35,53,46,36,41,46,40,37,41,35,40,45,40,34,38,50,45,45,28,44,41,49,50,30,32,36,35,41,145,140,176,169,163,187,160,169,148,163,155,156,157,160,168,152,168,153,147,153,155,154,177,159,157,187,149,172,129,152,142,176,145,162,160,174,179,151,144,159,169,165,176,144,149,151,166,155,159,162,2
39,42,36,44,50,39,55,38,42,35,35,38,45,37,48,37,40,52,45,40,43,19,35,53,46,36,41,46,40,37,41,35,40,45,40,34,38,50,45,45,28,44,41,49,50,30,32,36,35,41,145,140,176,169,163,187,160,169,148,163,155,156,157,160,168,152,168,153,147,153,155,154,177,159,157,187,149,172,129,152,142,176,145,162,160,174,179,151,144,159,169,165,176,144,149,151,166,155,159,162,2
39,42,36,44,50,39,55,38,42,35,35,38,45,37,48,37,40,52,45,40,43,19,35,53,46,36,41,46,40,37,41,35,40,45,40,34,38,50,45,45,28,44,41,49,50,30,32,36,35,41,145,140,176,169,163,187,160,169,148,163,155,156,157,160,168,152,168,153,147,153,155,154,177,159,157,187,149,172,129,152,142,176,145,162,160,174,179,151,144,159,169,165,176,144,149,151,166,155,159,162,2
39,42,36,44,50,39,55,38,42,35,35,38,45,37,48,37,40,52,45,40,43,19,35,53,46,36,41,46,40,37,41,35,40,45,40,34,38,50,45,45,28,44,41,49,50,30,32,36,35,41,145,140,176,169,163,187,160,169,148,163,155,156,157,160,168,152,168,153,147,153,155,154,177,159,157,187,149,172,129,152,142,176,145,162,160,174,179,151,144,159,169,165,176,144,149,151,166,155,159,162,2
39,42,36,44,50,39,55,38,42,35,35,38,45,37,48,37,40,52,45,40,43,19,35,53,46,36,41,46,40,37,41,35,40,45,40,34,38,50,45,45,28,44,41,49,50,30,32,36,35,41,145,140,176,169,163,187,160,169,148,163,155,156,157,160,168,152,168,153,147,153,155,154,177,159,157,187,149,172,129,152,142,176,145,162,160,174,179,151,144,159,169,165,176,144,149,151,166,155,159,162,2
39,42,36,44,50,39,55,38,42,35,35,38,45,37,48,37,40,52,45,40,43,19,35,53,46,36,41,46,40,37,41,35,40,45,40,34,38,50,45,45,28,44,41,49,50,30,32,36,35,41,145,140,176,169,163,187,160,169,148,163,155,156,157,160,168,152,168,153,147,153,155,154,177,159,157,187,149,172,129,152,142,176,145,162,160,174,179,151,144,159,169,165,176,144,149,151,166,155,159,162,2
161,182,150,167,177,150,169,153,159,178,162,148,146,143,165,166,179,160,184,163,151,158,161,147,166,149,163,174,151,168,157,135,166,144,163,160,175,170,172,154,152,128,160,167,148,149,170,170,179,165,26,41,44,32,38,30,49,28,40,42,53,38,46,32,31,50,35,49,55,38,51,32,35,29,46,34,43,43,31,32,41,35,32,43,45,32,42,47,40,43,43,29,52,36,29,42,35,40,51,36,2
161,182,150,167,177,150,169,153,159,178,162,148,146,143,165,166,179,160,184,163,151,158,161,147,166,149,163,174,151,168,157,135,166,144,163,160,175,170,172,154,152,128,160,167,148,149,170,170,179,165,26,41,44,32,38,30,49,28,40,42,53,38,46,32,31,50,35,49,55,38,51,32,35,29,46,34,43,43,31,32,41,35,32,43,45,32,42,47,40,43,43,29,52,36,29,42,35,40,51,36,2
161,182,150,167,177,150,169,153,159,178,162,148,146,143,165,166,179,160,184,163,151,158,161,147,166,149,163,174,151,168,157,135,166,144,163,160,175,170,172,154,152,128,160,167,148,149,170,170,179,165,26,41,44,32,38,30,49,28,40,42,53,38,46,32,31,50,35,49,55,38,51,32,35,29,46,34,43,43,31,32,41,35,32,43,45,32,42,47,40,43,43,29,52,36,29,42,35,40,51,36,2
163,140,148,162,159,169,164,167,159,157,140,160,149,180,172,152,153,184,155,166,156,141,162,161,169,164,152,156,139,162,154,156,158,143,179,174,179,157,144,186,168,144,165,173,158,142,162,182,164,170,35,43,44,35,41,35,36,38,33,43,41,35,36,42,39,37,37,39,38,46,52,36,39,40,44,33,46,34,38,41,38,43,32,54,39,39,41,42,28,44,44,46,38,37,44,40,34,34,45,43,2
168,154,158,157,165,155,169,180,147,162,175,157,159,159,146,145,163,176,164,146,143,171,157,142,163,158,150,180,161,168,153,128,149,125,143,196,163,166,151,122,161,149,171,177,157,152,165,157,162,173,42,47,37,33,47,44,52,45,38,47,31,36,41,41,38,32,48,46,44,35,39,50,46,47,47,35,47,52,37,41,25,39,53,42,43,37,46,34,48,44,46,38,37,39,38,44,50,39,35,40,2
151,157,158,155,163,176,165,190,155,156,154,123,169,173,153,158,177,161,160,149,170,159,176,157,156,158,143,155,156,153,176,155,184,136,177,164,155,182,162,164,184,166,157,170,181,153,160,156,150,160,38,31,31,39,32,41,48,48,38,42,24,28,41,47,49,40,39,31,45,38,37,40,29,36,54,40,37,45,37,42,37,41,35,42,32,33,36,47,36,46,43,33,25,39,32,47,40,39,37,35,2
156,181,168,138,153,169,168,177,157,172,165,143,153,164,162,143,162,158,182,158,167,144,177,149,167,172,152,175,151,168,158,161,165,175,163,150,165,140,156,142,160,158,147,164,163,166,180,161,168,144,41,40,34,45,25,29,25,45,34,34,40,33,44,46,46,46,50,30,38,38,42,48,41,48,34,25,41,53,38,38,42,50,30,41,40,44,37,41,31,45,36,37,45,43,33,33,30,51,41,42,2
182,133,182,170,172,155,161,157,149,146,142,161,143,155,158,141,151,150,158,159,148,167,185,172,171,178,156,149,153,160,169,152,155,153,168,154,162,143,154,166,154,148,165,168,166,177,174,164,167,167,39,33,43,52,40,29,35,46,40,34,33,46,40,44,32,39,34,44,38,33,35,31,44,36,46,44,38,40,46,53,35,37,34,37,49,39,40,49,47,38,41,48,41,36,42,43,46,42,40,39,2
187,142,154,129,141,149,168,176,172,176,152,168,153,161,155,153,166,174,163,149,167,184,150,169,163,153,157,173,164,154,149,154,169,176,163,161,137,177,155,154,182,144,172,173,153,163,140,143,160,173,42,42,44,35,21,32,42,43,42,40,42,32,53,34,50,39,40,33,41,38,36,25,34,42,45,46,39,45,38,34,39,45,36,40,44,38,43,42,31,31,59,47,40,42,42,44,40,35,35,38,2
149,165,161,159,157,134,171,174,157,164,172,172,170,159,155,153,160,141,181,160,158,154,150,154,167,159,140,150,154,161,185,165,158,167,163,178,150,167,151,154,160,165,176,158,148,162,162,152,170,172,45,45,43,36,51,33,36,42,38,53,35,42,35,42,39,48,27,39,35,27,44,33,34,45,41,43,44,42,35,51,41,23,27,43,37,35,35,39,48,43,32,40,47,37,49,29,47,35,43,43,2
67,62,60,69,62,47,64,57,71,57,58,64,50,51,63,66,62,59,52,62,68,62,59,58,64,65,61,53,59,55,51,67,67,51,62,67,57,66,51,50,56,67,64,58,74,69,44,60,52,62,150,128,130,124,140,143,146,152,145,143,160,131,136,148,116,132,153,168,137,126,142,139,123,132,139,152,126,150,134,118,135,146,157,135,155,150,138,132,137,149,120,150,151,125,153,135,154,133,130,150,3
60,75,57,65,57,68,68,50,60,56,60,58,64,57,51,56,73,56,64,70,53,55,58,67,63,63,62,57,61,72,77,55,62,59,79,53,63,56,54,67,70,60,68,54,68,65,55,62,46,59,130,127,146,128,133,110,162,141,136,135,152,137,148,130,137,155,133,142,137,136,139,144,123,159,152,111,125,163,143,149,135,130,143,131,137,134,142,144,147,130,141,142,121,139,154,151,136,151,140,121,3
53,70,64,45,54,61,61,56,62,58,73,56,50,59,75,48,57,50,55,52,50,49,70,62,68,64,70,49,56,66,65,58,60,62,72,60,58,54,70,59,64,48,56,53,48,69,61,53,57,59,145,126,146,141,134,133,135,132,134,143,125,146,141,134,136,174,143,135,166,138,116,144,153,123,142,141,148,150,149,145,157,141,132,135,135,165,136,114,146,149,145,152,138,125,135,138,150,138,163,139,3
70,61,79,46,64,57,44,59,48,47,68,59,56,54,48,74,56,60,70,63,56,49,61,72,59,58,58,55,59,47,44,57,57,53,60,56,68,48,60,49,71,51,56,61,67,54,55,51,71,66,140,167,140,120,132,155,168,127,150,121,153,145,136,118,133,136,133,140,143,140,144,148,141,141,154,165,153,131,164,129,112,160,133,133,155,156,132,133,146,147,145,121,147,147,147,158,135,140,150,124,3
62,69,55,57,60,54,54,65,52,72,55,68,67,77,73,48,61,62,61,58,67,57,58,58,67,59,64,64,59,78,62,52,51,54,61,62,64,53,55,44,57,55,58,50,66,53,64,54,62,43,163,149,147,122,142,126,162,148,153,130,129,151,151,129,145,118,134,122,140,146,156,134,160,154,146,151,126,115,135,137,130,127,145,138,143,145,131,123,140,176,129,133,130,127,164,116,142,154,146,159,3
55,52,60,67,56,60,64,57,55,58,42,56,56,54,58,47,52,57,63,44,62,57,61,51,55,68,73,59,74,79,73,60,66,76,54,54,61,59,68,62,61,62,59,68,65,59,69,58,46,52,133,143,139,121,126,130,150,143,145,140,163,145,152,124,133,142,165,140,143,142,136,147,147,135,147,133,137,144,131,170,163,161,137,139,137,141,146,115,146,132,118,109,143,131,146,140,146,140,139,141,3
61,62,51,63,67,75,52,63,51,59,64,58,61,47,59,59,70,56,63,64,64,56,62,64,70,68,65,62,68,46,58,55,62,49,45,51,58,62,55,75,58,82,55,62,76,73,70,62,66,47,145,149,143,134,137,150,132,147,139,125,134,152,133,143,126,150,131,127,130,150,143,142,145,147,150,120,138,136,136,138,126,129,132,142,145,148,140,144,124,170,122,159,136,135,130,135,136,137,154,133,3
61,65,54,56,67,59,51,63,69,55,67,52,51,66,48,52,60,56,65,57,58,71,48,57,76,72,58,54,48,69,58,59,65,55,50,54,68,52,52,62,62,62,57,58,54,61,62,58,53,59,149,141,155,148,133,145,136,148,128,128,154,136,148,146,141,125,149,142,148,129,147,146,167,123,157,121,150,145,143,131,138,128,138,139,138,150,164,140,129,155,130,143,134,149,124,129,132,147,118,170,3
65,65,61,61,55,59,67,71,67,66,49,57,52,71,56,51,69,59,60,63,60,52,56,58,49,53,69,58,55,63,73,45,62,57,48,80,65,55,54,60,63,56,59,57,62,52,72,61,41,52,140,128,140,122,148,151,149,146,129,138,145,133,140,137,131,129,135,138,136,150,154,147,152,139,136,142,166,135,139,155,147,130,128,142,136,141,144,141,124,150,143,147,126,140,138,138,167,152,142,123,3
63,57,50,56,55,60,50,65,66,75,65,52,50,71,69,47,62,65,58,51,72,72,67,49,55,52,65,46,64,70,61,71,68,57,78,61,67,72,44,56,53,62,68,58,59,61,71,62,83,48,154,150,144,114,132,127,137,125,143,121,153,145,135,136,128,120,156,154,143,129,141,158,135,163,138,149,133,146,143,157,143,143,142,131,137,140,135,131,132,136,138,143,139,123,133,129,139,127,145,146,3
137,136,118,133,130,129,142,146,128,131,148,150,140,145,149,147,169,134,126,123,138,154,143,156,153,136,150,133,137,125,153,142,140,151,137,132,134,157,153,114,150,143,142,150,123,150,148,134,152,143,51,53,60,59,42,55,51,66,69,64,66,57,49,67,58,47,60,63,58,58,67,58,53,58,67,58,60,53,62,57,49,64,54,71,78,71,70,60,60,60,69,47,52,47,45,59,71,68,64,61,3
138,137,127,114,149,146,159,135,146,141,132,153,133,135,139,130,149,143,122,145,136,131,127,155,148,153,126,145,105,128,151,151,139,138,147,138,171,131,144,159,153,143,132,148,143,126,132,160,153,149,46,67,55,52,60,48,64,66,65,63,76,60,54,68,61,51,45,60,61,51,49,53,64,57,46,61,53,49,61,72,52,65,48,60,57,68,64,78,67,62,56,60,68,74,63,63,42,65,52,63,3
138,143,132,122,130,158,140,167,141,143,125,155,134,136,155,150,136,167,127,148,138,131,156,152,117,156,156,139,147,129,151,141,136,152,132,157,134,135,135,148,135,143,124,114,147,125,136,162,128,129,66,56,65,49,61,66,79,68,51,67,70,52,52,43,58,69,65,56,61,64,50,53,63,64,50,65,50,53,63,41,58,53,72,54,70,42,54,61,54,66,52,59,77,59,57,63,51,60,69,67,3
140,161,136,143,129,136,166,148,127,129,150,149,143,147,168,130,117,130,130,142,159,157,141,127,126,151,145,158,118,146,155,125,166,170,113,136,152,147,155,138,136,153,148,149,138,131,144,127,126,119,51,57,57,58,58,61,60,58,52,51,59,70,53,61,54,54,45,61,66,57,74,60,56,59,51,49,61,55,65,54,68,64,69,61,62,51,59,51,67,56,58,71,74,62,52,51,60,49,63,48,3
157,136,138,152,121,135,129,144,149,126,144,149,138,146,149,166,166,130,114,117,142,131,131,136,158,142,128,141,138,135,138,154,153,139,160,131,157,164,128,145,149,123,135,136,160,148,141,152,138,142,57,63,72,66,56,65,43,66,40,72,54,62,52,60,51,54,60,55,61,64,64,60,53,55,63,66,76,57,58,53,61,53,60,58,52,55,56,73,61,49,55,69,49,55,42,57,56,61,67,52,3
170,126,128,134,134,150,145,148,141,134,137,137,168,130,114,161,139,141,131,146,129,131,145,130,140,137,145,145,133,160,135,119,120,147,150,124,141,152,137,130,126,143,136,135,165,147,133,156,138,139,54,54,84,65,67,59,63,61,59,47,58,58,85,69,55,53,52,53,48,70,58,60,48,46,66,61,70,66,67,58,66,63,71,73,63,47,63,64,61,52,61,53,73,58,44,60,67,63,53,49,3
136,142,150,131,159,130,131,140,136,147,121,128,147,137,139,126,124,139,145,137,137,152,153,138,142,142,137,160,155,149,149,131,154,124,113,168,144,141,141,144,130,164,146,139,134,141,149,139,133,134,63,52,59,60,56,57,44,62,59,57,55,70,61,62,59,53,57,60,79,66,55,59,62,63,54,63,58,63,60,63,69,66,63,53,64,51,65,50,52,53,66,56,70,61,59,50,67,62,53,51,3
147,139,134,144,146,138,127,151,139,147,131,136,130,153,144,144,152,145,143,158,168,146,139,137,153,111,136,143,140,140,140,145,143,143,150,137,125,147,148,130,135,115,141,120,154,149,144,146,126,116,60,67,58,53,60,55,58,48,64,68,65,63,62,71,78,50,52,56,65,58,60,60,68,47,60,64,65,74,48,61,49,56,59,44,63,41,61,59,47,73,68,73,56,58,68,56,74,61,59,42,3
126,154,135,129,135,132,117,168,149,135,127,159,148,156,158,146,158,142,147,133,142,156,152,127,109,163,135,166,124,143,142,123,131,156,149,138,121,147,129,135,147,121,140,141,129,132,115,138,131,140,67,61,59,64,51,59,61,47,71,63,72,66,49,54,60,64,64,70,75,77,62,60,55,61,59,66,52,62,73,65,69,50,63,67,40,59,63,50,67,44,68,52,63,68,63,44,65,58,52,50,3
138,119,138,124,139,159,140,134,142,114,144,129,135,136,146,135,160,144,154,132,139,151,148,129,146,123,139,154,120,135,146,152,139,119,141,137,154,130,137,153,130,172,154,141,145,138,139,140,142,150,55,64,58,63,40,57,67,51,50,58,59,63,69,57,55,49,63,71,67,67,60,68,53,55,57,64,70,61,63,47,68,54,62,58,56,67,47,66,68,61,57,75,53,49,51,58,77,63,58,66,3
91,67,80,73,85,72,85,89,81,76,70,89,73,82,71,87,77,85,81,78,79,71,75,86,107,78,83,76,65,76,92,80,85,90,75,83,71,87,92,57,73,75,95,61,84,85,80,82,98,75,107,126,113,133,149,96,141,118,121,106,114,98,118,113,131,128,112,126,125,120,114,120,139,121,90,112,111,116,125,124,119,120,115,101,125,128,107,130,120,125,124,132,134,113,125,122,125,110,120,130,4
87,75,72,91,91,80,80,80,80,91,79,72,94,80,89,80,82,86,84,77,98,102,75,78,76,79,85,67,95,88,89,90,73,70,70,86,76,80,68,77,80,87,93,69,66,71,76,77,74,88,128,126,112,121,136,107,119,110,113,118,119,116,130,129,108,121,115,112,111,119,122,131,112,107,113,117,116,113,117,127,117,125,141,121,121,125,125,119,111,108,146,124,95,110,111,135,108,119,110,131,4
84,80,79,86,90,80,72,81,77,87,88,91,71,104,79,77,72,90,91,93,74,95,74,81,79,64,78,81,91,86,57,65,69,79,77,87,82,65,66,78,87,78,82,72,79,93,68,82,86,88,112,136,112,124,146,124,102,141,135,126,140,121,109,113,111,128,130,102,122,120,110,131,108,101,113,108,117,121,119,132,127,131,112,107,114,123,121,137,138,117,144,119,120,110,108,109,123,104,109,98,4
90,78,86,91,85,81,80,68,74,81,94,94,77,76,69,77,72,115,79,80,80,84,52,90,84,87,70,77,81,75,74,79,69,95,85,67,89,77,91,72,88,83,79,75,78,71,84,78,72,65,110,108,117,128,93,134,117,139,119,122,150,124,125,123,113,119,109,120,124,127,136,109,124,94,104,129,124,130,128,117,103,114,119,132,118,112,109,112,112,115,112,117,132,119,145,117,130,123,129,116,4
84,88,81,76,89,76,90,85,83,78,64,80,87,73,57,86,76,82,74,89,74,75,70,84,74,78,69,81,67,85,76,97,74,82,72,101,83,78,70,63,93,74,87,74,75,96,73,88,70,84,136,128,115,113,105,121,129,119,121,123,122,131,130,104,128,118,112,115,124,134,119,123,126,117,112,122,103,128,126,140,109,115,126,127,95,136,120,113,137,105,127,136,109,105,127,137,127,132,108,100,4
102,76,84,74,78,73,104,91,81,66,79,70,70,89,88,74,68,95,77,85,78,53,96,71,89,77,63,78,81,75,78,90,100,87,89,89,73,72,80,84,75,95,70,74,95,85,81,67,72,79,118,126,112,121,103,132,108,124,110,109,107,100,122,131,121,126,120,135,154,109,130,111,111,125,119,117,118,129,113,126,127,133,116,105,130,103,120,110,126,108,135,138,122,115,126,119,112,119,118,111,4
84,88,95,89,70,82,79,85,87,72,72,76,79,68,70,93,86,74,94,99,81,84,87,73,81,81,62,81,76,73,90,83,69,76,81,80,75,75,94,99,78,66,70,83,70,71,81,85,79,76,123,120,131,114,110,120,115,144,118,131,100,117,136,131,107,128,110,111,124,119,116,123,130,130,119,126,110,117,132,126,127,110,132,120,115,119,132,92,104,136,112,121,114,115,125,132,113,117,103,121,4
87,81,73,98,74,78,71,101,89,88,72,85,73,77,76,76,87,69,82,82,74,79,88,97,61,68,73,69,75,83,77,72,71,69,74,94,83,76,75,70,74,77,71,81,85,81,91,83,75,72,102,116,127,116,115,120,123,117,103,121,139,109,122,125,134,124,97,115,107,119,106,149,140,113,123,129,114,124,123,126,103,126,125,124,134,125,144,110,126,121,135,109,135,132,123,115,139,118,117,104,4
80,87,73,87,89,75,89,89,89,93,68,85,81,73,77,76,104,70,84,61,79,84,66,77,77,74,77,77,93,85,89,87,83,68,84,83,56,60,94,76,70,80,82,90,68,78,84,82,76,72,120,123,125,118,106,114,125,122,126,117,95,109,105,154,116,112,118,112,115,100,120,119,137,122,113,131,136,112,105,137,106,152,121,86,108,116,118,132,110,132,114,122,133,125,139,116,122,138,137,128,4
90,85,76,88,69,96,84,76,87,65,73,81,77,89,62,73,82,72,88,88,83,83,85,80,94,94,81,92,70,86,82,79,69,82,87,78,74,66,71,74,70,96,72,86,82,71,82,84,79,96,107,113,130,108,122,114,124,110,114,108,115,116,135,123,124,112,117,111,110,124,134,105,112,135,116,118,111,137,119,144,140,138,109,116,111,109,129,135,116,105,121,123,113,131,111,121,114,112,122,127,4
117,141,129,120,96,113,121,129,120,143,130,124,126,122,114,112,110,119,107,106,130,135,110,122,114,124,121,94,109,130,137,112,133,124,94,124,127,128,127,125,126,116,94,110,118,139,112,108,111,120,103,93,94,97,91,93,76,87,79,78,80,84,87,104,78,72,64,82,84,79,68,82,77,78,71,70,80,84,80,74,95,62,80,65,84,88,65,87,84,87,75,84,82,82,72,73,82,70,65,76,4
141,119,134,122,125,100,113,113,122,111,121,129,136,124,112,118,125,137,119,121,95,124,125,131,128,103,129,117,129,109,118,111,116,128,111,125,120,126,128,123,99,96,118,129,119,118,112,122,111,123,75,88,75,87,94,78,80,77,73,79,84,89,84,70,63,81,92,76,62,71,87,78,76,82,95,88,64,94,90,78,96,85,74,69,84,93,72,87,79,91,86,65,82,66,91,84,78,68,76,79,4
127,130,114,124,120,114,125,102,121,104,116,128,138,105,143,115,106,136,137,119,121,135,128,131,124,121,101,131,125,125,125,113,126,115,105,127,134,117,122,105,115,122,100,118,132,122,120,115,109,142,73,75,85,103,87,79,82,79,101,92,72,90,75,88,63,80,65,79,80,76,69,63,75,67,92,88,60,83,79,90,80,91,83,80,55,75,76,80,92,86,64,75,69,84,68,79,81,90,81,71,4
101,103,129,101,94,113,142,115,122,119,117,111,106,103,105,117,133,124,113,127,104,124,124,110,134,117,130,107,126,115,108,134,134,107,139,151,122,101,123,125,128,118,120,124,133,140,112,127,105,113,64,91,90,92,78,86,78,92,107,78,84,79,69,72,70,78,80,74,83,83,81,70,65,91,72,83,63,90,85,92,82,86,84,90,93,74,66,82,78,73,81,85,74,91,82,86,79,87,86,71,4
122,120,117,118,126,129,123,124,115,126,121,111,125,127,106,114,115,117,109,112,128,110,137,113,106,120,114,118,125,123,107,114,125,120,127,128,118,114,124,114,119,110,105,127,111,109,125,141,110,127,58,88,75,87,71,87,82,79,75,87,86,89,78,91,73,74,98,82,78,84,70,69,77,93,88,68,78,80,90,66,76,75,84,74,89,86,84,99,85,66,81,66,92,99,81,79,97,79,78,83,4
116,111,135,132,140,101,117,113,125,116,123,122,119,129,113,110,110,108,113,119,112,134,118,126,104,115,97,131,129,121,113,123,136,134,125,128,94,113,115,117,117,120,133,109,128,107,109,116,143,120,87,96,93,87,81,93,72,87,85,70,78,72,79,67,72,74,92,94,66,86,81,59,88,73,78,92,78,65,86,66,68,91,68,84,77,94,105,86,79,89,87,90,68,76,82,92,55,75,103,75,4
118,102,112,121,116,145,112,107,95,109,130,120,115,124,128,113,113,123,126,116,133,115,101,141,110,123,123,112,128,120,125,113,116,117,141,110,113,123,126,137,122,150,117,128,126,109,126,117,110,100,86,72,90,69,102,83,79,85,78,91,60,91,77,88,70,78,86,66,80,85,79,93,81,83,76,72,82,74,81,77,88,79,97,66,91,72,79,67,74,91,81,76,106,67,70,77,88,77,75,88,4
143,127,123,116,119,119,113,114,137,135,117,119,137,111,134,132,139,114,106,113,130,100,112,105,108,109,124,122,104,119,106,123,119,111,143,125,105,140,115,127,130,127,126,128,110,128,127,92,99,112,74,72,91,89,71,81,72,60,75,104,90,83,96,83,77,84,67,77,77,87,72,79,82,80,96,63,67,78,75,72,72,81,87,83,95,76,100,72,97,68,68,83,76,81,88,73,83,86,86,77,4
107,110,114,128,105,109,127,108,112,110,121,145,121,120,129,128,136,126,119,130,118,127,128,123,131,127,116,125,126,122,120,117,112,130,104,115,130,133,133,113,140,122,117,116,118,105,122,109,108,141,80,70,80,89,89,86,61,59,87,78,86,80,63,89,93,97,75,84,83,70,80,73,77,77,69,94,74,67,83,64,76,83,75,102,74,86,61,71,81,76,80,85,83,93,81,84,80,78,74,67,4
128,121,151,114,125,127,129,112,130,104,117,136,113,95,119,126,105,116,136,115,110,105,107,112,108,115,103,114,125,134,124,121,110,123,101,109,120,150,139,122,114,125,134,115,113,132,98,135,122,125,75,72,78,76,75,69,75,93,87,79,86,84,70,82,95,89,86,82,74,87,84,81,93,78,79,63,70,70,77,88,78,69,82,71,85,95,77,71,71,100,88,84,102,70,81,93,79,77,61,85,4
97,83,97,107,114,97,105,75,106,98,119,103,102,126,100,109,101,106,105,101,118,98,100,110,91,106,108,97,90,86,107,97,130,108,97,94,103,78,117,98,99,93,100,108,79,90,92,89,94,103,93,104,111,93,91,93,106,105,100,101,114,97,113,82,94,92,110,109,87,80,92,94,92,119,104,105,90,107,100,104,99,103,92,95,93,97,99,97,103,82,99,92,115,114,105,97,104,112,106,83,5
100,105,79,100,101,122,96,113,112,99,105,99,91,104,103,110,96,103,99,104,86,98,108,107,100,81,103,105,81,104,107,96,96,82,107,89,112,111,107,92,102,102,94,114,97,111,113,106,98,86,81,95,98,94,101,85,101,95,91,88,119,97,108,90,98,101,112,105,109,106,94,122,109,103,97,97,104,95,100,94,94,102,93,93,114,78,104,100,95,122,96,103,93,118,109,87,100,99,91,84,5
114,83,90,105,95,97,98,127,104,95,101,116,108,101,101,91,99,108,111,92,98,87,103,98,83,98,96,93,109,98,88,111,89,89,95,111,100,99,98,112,84,117,101,96,97,88,107,106,102,103,92,103,93,107,99,103,112,97,85,105,120,97,108,82,101,109,111,100,105,107,100,84,93,88,118,99,107,98,107,109,91,119,102,89,100,115,95,92,86,96,107,105,87,84,110,112,94,103,78,104,5
97,87,111,109,85,95,91,104,89,97,121,95,97,99,100,103,99,100,92,97,106,96,98,110,108,81,89,113,100,96,107,118,84,86,101,92,107,104,82,114,107,93,87,103,81,76,95,110,76,114,100,108,95,120,78,94,110,109,101,109,95,109,89,114,108,94,84,95,114,104,102,102,94,98,121,94,88,86,122,102,101,115,106,89,102,104,91,100,101,110,118,86,124,105,122,99,86,78,107,115,5
110,86,102,93,105,107,80,86,89,88,112,87,111,98,114,82,117,91,84,90,105,110,96,76,102,79,96,114,102,111,101,89,104,99,90,108,106,89,108,109,100,104,100,98,118,131,103,97,95,88,117,102,110,90,122,97,96,73,106,110,94,98,105,87,93,106,85,99,83,91,86,96,103,110,99,110,94,111,91,103,103,110,103,108,109,101,100,100,92,102,110,104,109,103,123,104,104,105,98,85,5
104,106,92,100,94,107,98,117,94,105,101,94,90,82,96,83,95,100,92,97,103,109,102,104,107,98,89,98,97,108,97,112,98,91,103,95,111,101,129,88,81,85,109,113,86,108,105,97,72,103,90,96,88,101,100,112,96,109,112,96,95,93,109,106,105,102,107,107,117,84,105,114,100,119,88,96,92,91,113,94,93,110,102,117,99,111,100,82,88,102,111,75,84,104,97,102,115,108,117,100,5
88,94,101,116,107,99,101,85,96,105,99,116,101,106,106,110,96,86,93,109,107,102,105,97,99,94,111,97,105,95,110,95,109,93,113,101,103,95,94,94,110,95,115,100,90,81,105,116,94,105,108,92,108,84,106,115,98,100,104,99,99,108,98,102,105,99,95,93,95,109,95,90,97,93,102,109,95,104,98,81,112,106,94,79,86,100,104,123,92,88,94,90,92,96,101,107,96,107,100,108,5
98,87,107,88,100,110,115,101,106,98,116,101,109,108,110,104,106,107,107,101,107,99,113,91,100,89,101,113,91,104,87,101,111,103,97,88,94,99,94,113,113,95,96,102,105,83,91,85,89,108,111,116,99,85,89,97,110,95,93,83,103,111,100,90,122,85,111,81,98,83,113,96,90,92,102,105,113,102,75,108,93,109,105,87,123,82,93,109,99,109,112,114,81,110,81,102,100,97,96,99,5
100,80,101,88,105,85,103,106,109,89,94,107,99,84,87,103,85,104,92,110,92,108,118,103,106,88,108,108,113,93,95,96,98,105,123,96,88,96,109,100,85,105,105,108,105,110,99,98,112,90,100,109,91,97,90,93,103,103,104,112,109,87,97,103,80,95,96,99,100,99,108,99,103,86,93,99,124,91,87,94,95,111,113,83,114,109,104,98,91,108,96,119,109,107,109,88,98,98,90,118,5
79,113,118,87,95,104,108,99,105,104,111,120,109,93,81,91,92,86,76,117,102,103,93,98,95,83,95,111,107,102,103,98,120,110,111,108,105,89,121,87,120,95,107,110,111,76,103,94,96,103,108,99,77,93,104,83,108,107,114,108,104,103,89,117,96,92,89,113,95,90,102,99,106,99,100,106,104,100,95,101,90,120,98,85,95,109,99,102,110,99,108,109,87,101,104,77,104,88,85,85,5
89,87,110,93,102,89,109,99,105,94,80,106,106,103,99,102,93,105,81,101,93,108,108,114,87,114,106,102,104,91,108,98,111,90,87,78,90,95,98,106,102,96,99,100,104,93,98,109,100,107,112,115,101,77,90,98,115,99,98,104,86,107,101,102,91,99,128,99,83,101,115,91,122,92,87,125,98,103,100,111,104,100,97,105,99,111,89,103,92,87,126,98,104,106,91,92,86,100,103,108,5
98,96,106,108,98,102,103,116,96,89,111,92,103,93,97,94,118,104,103,107,106,95,100,100,90,94,94,94,102,94,127,109,95,101,96,103,106,97,90,113,106,97,100,107,88,102,92,100,96,90,97,89,87,105,101,116,112,116,92,97,105,99,86,115,109,107,110,96,101,101,93,99,95,99,95,110,97,98,97,93,87,105,119,106,113,86,88,95,99,91,105,89,93,106,102,98,97,105,89,92,5
108,114,87,93,111,99,111,109,104,117,80,107,115,105,87,88,101,96,87,93,115,103,101,96,104,116,90,115,111,102,101,94,109,100,84,115,112,95,92,119,86,100,90,98,90,115,94,99,111,105,104,89,104,114,97,95,103,102,97,91,94,92,86,105,102,103,97,98,93,103,103,106,76,103,94,113,99,81,84,89,96,105,102,101,102,111,104,115,96,87,111,110,95,93,83,107,102,85,110,94,5
116,97,104,95,105,90,97,102,112,97,95,104,110,102,80,82,88,105,90,106,112,89,103,99,104,100,105,95,94,92,99,100,102,87,101,112,109,95,112,93,97,120,103,79,99,95,105,102,107,107,87,103,106,119,89,97,101,95,94,97,122,81,104,99,96,102,108,102,81,108,117,93,90,101,98,90,95,120,111,95,94,112,88,105,100,101,90,111,92,93,106,101,98,113,103,90,103,98,99,108,5
88,102,101,120,102,82,103,120,104,93,100,114,97,96,100,100,85,97,115,84,92,102,106,100,122,99,90,121,104,98,114,94,84,107,89,95,108,96,112,96,112,83,101,111,92,92,98,85,99,102,103,99,114,100,105,118,98,104,99,91,98,111,92,89,107,89,90,114,89,90,114,105,78,95,93,90,94,85,107,110,121,104,98,89,76,97,104,107,93,101,130,93,98,116,92,121,87,108,82,105,5
112,95,101,101,105,118,114,91,99,97,115,82,78,116,80,105,116,95,94,107,98,93,118,119,105,95,100,84,112,111,108,103,104,92,90,101,88,99,96,108,96,109,99,92,121,105,93,100,103,100,113,91,89,94,98,89,99,100,106,103,95,97,114,95,93,104,116,111,106,90,86,105,105,101,92,93,91,108,100,100,85,103,108,90,99,101,101,96,105,105,95,110,108,83,97,92,112,77,89,97,5
86,85,120,101,118,103,89,84,101,103,109,110,104,88,98,97,75,106,101,94,96,101,103,103,87,88,110,116,108,113,98,109,104,124,111,104,101,105,81,113,114,105,97,109,102,87,85,94,102,89,107,89,97,95,107,80,93,90,95,121,117,97,104,106,96,111,97,103,114,82,82,109,95,92,86,106,86,108,96,106,104,105,108,107,111,86,92,111,107,106,75,118,96,98,102,101,113,95,82,85,5
101,93,118,105,94,91,101,85,98,105,108,95,102,97,112,124,109,85,98,98,111,90,101,109,102,103,81,90,91,109,90,86,107,108,89,108,108,97,96,100,94,105,93,101,111,100,96,104,116,89,106,87,82,95,97,96,100,110,98,92,95,114,92,100,111,95,104,106,102,94,71,119,98,74,104,106,104,102,102,104,116,104,106,86,101,125,109,103,108,94,100,92,95,118,105,91,102,82,113,86,5
109,111,93,94,99,109,93,94,106,106,99,110,98,89,95,94,93,91,91,102,101,90,120,93,100,109,106,102,106,105,110,89,100,101,102,81,105,110,99,108,104,97,92,94,105,98,92,91,107,96,101,97,90,116,109,89,102,108,98,103,110,102,102,86,92,113,118,97,109,123,112,106,90,90,104,111,116,103,82,94,78,96,84,109,118,82,84,99,102,102,99,100,100,99,112,94,91,106,83,100,5
134,89,101,108,96,111,92,101,115,96,82,71,94,96,108,96,106,116,117,106,107,108,106,90,90,83,97,101,84,96,103,84,108,99,105,117,100,107,101,91,87,100,94,98,91,81,112,117,101,96,84,109,122,94,105,109,95,105,103,87,104,98,103,112,102,99,100,91,111,87,95,100,109,87,96,94,97,94,103,70,104,92,118,91,95,103,106,97,102,116,117,84,95,102,119,88,113,92,104,108,5
120,136,117,109,119,128,124,118,137,116,119,113,108,130,117,128,112,117,135,111,111,107,119,123,105,127,141,122,118,118,105,110,132,107,121,114,108,130,131,107,135,119,116,122,124,117,134,123,108,132,74,77,69,77,84,76,87,100,82,70,85,77,60,85,77,97,64,85,79,77,88,87,91,72,70,91,78,70,90,76,70,89,91,82,80,94,59,61,78,83,70,76,83,88,66,85,81,98,86,85,6
119,115,134,128,106,117,111,129,102,119,110,115,127,111,111,125,133,115,114,119,116,110,122,120,127,107,113,131,108,121,103,132,127,127,117,118,119,128,128,100,130,109,117,116,130,125,106,129,105,143,85,81,70,110,92,87,64,98,93,96,58,101,86,93,75,75,82,89,71,86,73,77,75,88,75,79,54,79,71,80,91,75,85,77,72,72,68,83,80,78,75,86,100,85,84,81,81,76,75,89,6
128,120,117,110,112,123,120,118,122,120,116,122,112,116,144,133,135,102,112,114,125,116,126,102,119,123,123,112,127,99,141,129,129,119,113,140,122,115,117,93,129,119,110,113,130,111,125,138,126,108,74,104,89,75,90,83,87,75,72,75,75,70,75,79,64,81,74,91,85,65,79,91,77,76,76,88,78,86,100,85,65,71,83,87,80,71,75,100,70,91,93,91,76,69,79,84,76,73,67,85,6
112,118,113,109,123,110,114,120,140,123,129,125,106,131,124,110,120,127,126,120,116,133,134,129,101,124,104,125,128,115,136,134,127,152,127,138,127,114,108,122,94,115,115,147,120,117,119,117,125,132,65,68,76,85,64,99,75,74,61,77,68,63,79,103,83,88,77,87,73,94,84,85,82,71,86,67,67,76,85,90,74,83,71,73,83,78,74,70,78,87,89,64,87,81,81,78,79,72,67,84,6
109,126,110,118,115,107,127,140,116,140,111,135,96,101,115,116,132,111,136,123,112,125,125,109,121,135,123,140,113,126,114,121,117,116,116,117,114,140,107,133,112,121,107,131,128,125,120,124,121,126,74,74,100,88,79,95,81,82,71,57,81,85,77,85,77,81,92,78,84,69,61,79,74,77,79,73,72,86,75,82,72,64,88,91,91,83,82,79,77,89,68,80,91,85,77,68,83,76,85,80,6
122,101,133,140,117,141,126,135,135,124,146,127,109,114,102,111,127,119,103,129,103,107,124,105,136,99,117,113,133,129,106,116,134,125,127,148,124,125,119,119,119,128,126,128,132,115,109,104,117,121,89,63,81,92,69,80,91,70,87,79,76,75,86,75,73,77,75,89,78,79,81,79,77,87,68,68,81,91,80,82,72,89,81,89,86,72,65,65,73,73,72,80,73,73,70,91,95,77,83,74,6
119,116,123,116,130,140,118,147,136,127,119,104,117,127,124,134,119,127,108,118,132,120,136,119,112,131,105,123,89,114,121,130,123,106,127,124,109,114,113,135,118,122,116,103,98,117,124,135,131,116,76,79,92,76,73,66,79,75,82,75,68,89,76,83,70,76,70,84,102,84,79,76,66,71,88,94,86,88,69,84,91,68,89,94,73,81,74,86,84,69,88,70,86,73,76,81,69,84,76,80,6
112,125,120,124,94,112,115,123,123,133,132,120,127,91,131,117,110,119,126,123,145,142,144,142,123,128,140,124,116,132,127,98,114,117,120,124,99,127,106,111,115,81,129,121,111,131,148,114,99,133,63,72,74,87,72,93,80,71,88,79,82,74,84,83,76,85,80,96,84,72,76,72,85,70,73,76,71,84,78,93,84,87,78,78,97,72,70,78,96,70,68,81,72,68,83,71,82,91,84,79,6
126,100,114,113,132,105,105,133,125,111,118,113,122,128,104,141,110,124,121,113,116,127,124,149,103,122,112,130,147,117,113,129,126,122,110,132,113,116,120,128,97,121,125,131,126,104,105,124,121,128,79,97,82,72,77,62,76,72,79,66,75,80,90,73,84,75,81,81,83,80,92,87,70,64,87,72,101,78,84,79,86,82,85,85,69,75,94,85,77,92,77,67,86,90,78,77,68,88,82,83,6
111,120,107,105,132,125,105,112,141,121,125,130,131,99,106,118,105,107,125,127,118,116,141,128,124,115,108,114,109,124,137,123,137,114,113,121,118,126,120,139,125,122,125,145,111,124,125,94,133,101,77,75,75,78,84,79,69,90,74,88,89,82,82,78,97,86,95,81,74,74,79,67,75,74,74,75,65,84,79,84,75,81,83,80,80,71,75,81,79,94,81,83,89,80,86,72,75,78,89,83,6
73,79,72,103,101,83,68,68,82,78,88,87,92,80,81,84,60,74,79,73,67,89,88,84,86,79,78,81,70,81,76,82,79,81,73,71,108,75,83,80,74,77,86,76,73,88,70,105,77,76,106,124,131,107,117,119,113,122,117,89,112,117,131,121,122,130,87,113,123,126,110,111,114,117,119,136,105,131,129,119,123,113,112,126,131,111,132,135,116,114,131,130,131,127,104,123,127,129,127,122,6
75,85,75,79,90,81,96,77,82,92,70,90,80,72,81,108,70,95,74,70,68,77,75,68,87,91,81,73,68,87,72,69,92,75,63,78,81,82,103,85,61,89,72,79,98,93,75,93,70,84,112,115,123,138,99,103,131,120,143,120,105,101,125,133,112,123,151,101,127,121,111,133,98,136,127,121,120,113,128,143,129,102,114,108,115,132,132,119,126,111,112,120,112,111,118,118,121,111,112,113,6
83,91,86,92,75,72,73,69,89,83,79,77,95,76,77,81,72,83,88,66,81,78,64,84,94,77,68,86,77,96,73,84,78,65,65,78,85,92,84,90,86,86,84,91,77,80,84,97,88,98,129,113,123,115,105,123,130,115,121,127,115,110,124,126,104,124,106,133,119,122,117,120,130,112,109,114,122,115,127,121,107,121,131,122,114,129,116,90,129,127,116,103,125,107,110,146,135,118,104,102,6
83,77,70,75,94,73,74,90,87,88,79,89,81,81,76,95,78,93,82,88,81,79,82,83,66,76,81,62,77,92,76,77,69,90,100,82,63,86,66,86,84,84,96,71,86,78,60,65,84,85,103,103,123,100,114,117,110,124,139,106,126,132,130,119,127,115,122,104,122,119,112,124,120,130,124,112,108,132,125,133,116,114,139,115,141,127,129,112,116,107,97,109,131,144,109,121,105,132,120,121,6
69,90,79,88,82,76,63,59,93,89,82,73,77,82,99,90,87,70,81,84,84,78,85,82,60,82,76,73,75,81,80,86,81,80,74,83,91,86,85,75,79,97,85,84,80,73,88,77,84,93,136,120,130,117,114,126,133,133,105,129,117,123,115,114,117,128,130,121,124,121,122,122,123,115,99,121,127,108,111,122,125,124,127,129,108,100,115,116,117,123,104,112,109,121,117,114,121,122,120,103,6
78,79,72,73,85,85,74,87,87,95,77,107,85,70,97,60,80,81,91,87,85,88,74,59,81,88,81,72,68,88,85,69,71,80,62,84,67,73,87,95,77,86,77,82,82,80,81,81,83,91,136,113,138,120,120,147,146,128,109,113,129,113,116,120,118,125,136,101,117,119,125,124,112,104,120,134,112,125,125,128,114,112,112,116,91,129,101,130,113,118,124,119,121,103,109,123,108,129,94,134,6
75,82,79,82,77,64,95,68,70,93,91,88,76,76,75,71,75,92,87,80,69,57,91,81,92,91,82,77,79,73,80,73,74,76,93,85,87,71,76,69,82,64,95,97,72,77,69,79,87,90,131,111,128,120,109,119,115,118,127,128,120,88,125,100,123,116,111,137,120,128,129,123,129,107,109,122,111,134,125,125,108,123,111,123,114,139,131,124,134,132,123,114,110,133,131,127,121,121,105,104,6
77,71,65,72,72,85,75,84,97,76,81,77,99,79,88,77,59,71,100,95,85,93,81,73,80,94,79,84,65,70,87,76,70,65,78,79,96,86,92,78,78,87,70,68,83,105,74,74,84,83,124,121,113,131,122,121,152,122,118,92,113,114,126,126,122,113,114,133,124,124,125,107,147,125,121,117,99,135,110,112,105,113,124,114,129,113,125,124,107,127,139,116,113,116,104,106,113,136,116,120,6
62,85,76,76,68,84,78,77,71,75,86,68,74,65,70,76,91,74,74,76,85,78,80,80,91,95,70,74,85,92,62,75,75,76,77,74,96,90,72,78,75,82,78,89,78,75,98,78,75,75,118,116,127,127,113,116,120,138,129,120,120,110,135,85,140,113,145,112,144,117,109,131,131,134,121,105,103,114,113,110,123,129,132,141,130,124,124,124,145,135,123,131,106,121,100,143,104,121,101,113,6
73,67,74,83,93,99,74,86,75,90,71,76,51,94,87,87,101,85,78,86,75,86,71,78,73,92,73,83,80,88,79,71,76,86,78,73,81,93,80,79,89,92,83,95,95,71,79,78,85,83,106,113,125,120,129,120,122,117,124,119,126,119,120,119,118,136,112,118,120,105,120,138,113,104,115,111,120,115,124,118,114,119,113,103,122,120,120,120,121,120,104,115,120,121,134,119,125,117,105,127,6
130,127,131,133,158,141,130,128,152,135,129,153,154,126,142,152,145,137,137,134,133,144,132,158,134,131,134,152,140,140,154,140,146,122,135,131,154,126,122,153,131,151,147,125,139,153,152,142,153,144,71,67,66,51,54,60,59,52,76,52,51,44,67,64,49,57,59,60,69,58,43,67,62,62,59,58,64,51,60,58,62,64,74,64,53,69,59,74,58,56,66,50,67,59,66,61,54,58,60,64,7
153,146,126,153,162,138,135,142,148,149,135,149,131,142,155,119,129,153,137,116,131,167,139,141,131,145,128,128,171,126,113,156,155,142,147,136,117,142,134,151,128,145,164,144,134,134,115,130,159,137,68,55,59,67,65,66,66,71,62,62,55,70,64,55,70,58,54,53,53,47,61,54,58,65,42,69,55,59,64,60,48,68,43,67,73,67,53,53,48,57,73,74,69,49,52,57,63,59,60,52,7
143,139,136,159,151,127,140,157,145,146,143,127,129,132,130,129,142,136,125,132,150,132,145,156,152,129,135,129,140,130,149,134,132,155,145,144,150,147,152,153,137,122,139,143,147,129,143,141,127,134,77,59,49,64,60,52,85,58,57,50,54,60,69,63,55,60,76,63,78,61,51,42,59,62,54,70,58,70,47,58,55,50,66,62,62,51,65,52,59,57,57,59,66,65,56,60,61,60,58,69,7
128,137,142,178,135,147,119,138,119,135,136,142,146,157,118,184,129,147,142,142,165,140,119,128,142,138,125,147,145,156,116,139,156,143,136,134,130,151,123,132,142,137,136,152,137,136,145,134,130,136,47,53,68,62,57,70,52,64,51,58,69,71,62,64,77,60,47,56,65,64,71,70,59,84,60,55,54,65,67,55,62,47,44,59,75,62,63,49,48,65,69,64,53,65,59,62,53,54,53,66,7
132,153,150,138,144,136,138,143,133,142,156,143,129,145,125,146,155,142,148,159,128,152,137,137,140,158,154,146,151,143,142,147,117,134,128,154,131,105,130,135,145,149,135,138,126,137,115,141,128,130,52,71,54,53,60,60,59,59,68,78,60,63,57,66,69,70,57,60,64,57,60,64,59,77,65,68,64,80,49,56,50,73,69,48,60,69,60,54,54,59,46,53,61,64,54,57,57,54,50,59,7
131,148,144,143,129,142,143,153,145,137,128,139,146,146,131,130,164,131,127,145,140,145,142,175,144,135,137,160,134,118,112,120,154,147,130,159,119,135,149,120,137,148,137,120,121,133,120,134,143,148,59,54,70,69,58,71,51,58,68,48,68,47,64,67,62,60,55,85,61,62,71,58,53,62,57,58,66,63,71,53,65,57,52,55,58,59,61,51,66,61,78,71,66,78,46,59,62,70,54,64,7
165,132,137,148,154,133,147,162,129,147,150,137,143,137,136,123,133,135,123,144,134,141,123,124,155,150,131,143,120,148,133,129,142,149,139,140,129,135,141,139,138,118,121,146,132,139,150,148,130,156,67,64,61,55,60,56,67,49,48,55,58,66,49,63,64,58,64,54,53,61,58,56,57,61,73,67,68,64,61,69,71,63,64,64,76,60,63,67,74,59,74,53,52,47,58,77,59,47,62,66,7
140,137,146,133,143,136,145,148,147,153,144,143,126,145,142,151,122,132,129,128,128,157,150,140,153,130,149,145,149,113,163,136,143,129,124,115,151,167,141,132,148,130,138,140,141,139,146,155,143,136,47,63,58,65,68,53,68,72,52,59,53,60,71,54,51,51,65,57,63,66,75,57,61,53,56,55,64,65,65,59,59,58,56,61,58,50,70,62,63,60,62,57,63,57,60,61,58,42,63,53,7
143,128,134,149,144,135,117,125,146,127,124,161,147,130,130,174,136,139,167,127,137,139,131,154,124,146,146,153,135,132,145,143,149,137,127,135,127,128,146,141,143,116,155,148,143,144,125,135,140,148,69,65,58,50,62,51,56,73,58,72,57,74,50,54,57,56,61,70,64,62,61,60,68,73,59,66,61,72,56,56,61,62,59,54,55,62,69,59,65,66,50,54,69,74,52,57,58,50,57,61,7
128,161,136,142,136,137,132,150,120,130,116,160,135,133,140,132,139,139,132,151,165,172,145,146,146,134,148,138,123,125,137,143,139,145,132,167,142,138,145,141,157,120,150,160,129,121,142,146,144,151,64,46,61,58,65,61,57,55,61,67,47,69,58,70,63,49,60,60,62,59,64,63,77,53,62,49,54,58,62,70,46,61,53,49,65,69,59,56,57,51,64,57,55,54,74,48,55,49,67,67,7
63,56,62,49,76,64,57,51,65,49,57,53,64,65,53,75,61,67,63,60,69,65,59,63,73,55,58,60,48,70,62,64,53,61,60,50,49,59,56,75,50,56,56,62,71,60,62,44,47,70,139,128,116,143,143,176,146,148,150,127,147,142,133,131,144,124,138,139,136,136,141,154,154,129,145,140,132,138,168,140,131,135,152,151,138,142,158,143,145,125,157,149,131,127,128,139,111,139,144,131,7
59,53,50,44,57,68,55,59,53,56,73,60,64,61,50,62,64,65,62,44,74,59,65,65,66,67,52,58,51,58,55,65,57,66,72,51,55,66,61,64,60,53,55,75,73,62,51,72,63,56,156,144,134,134,123,167,150,150,145,126,132,161,127,160,131,124,148,146,135,127,124,122,138,167,132,149,140,149,167,134,151,121,127,122,147,145,158,138,147,132,132,121,160,153,142,137,125,134,119,141,7
57,52,53,57,48,57,62,66,63,70,62,52,72,58,59,78,64,52,71,64,52,50,67,70,65,59,64,46,42,49,60,69,68,58,54,69,51,56,67,58,65,58,61,58,57,71,67,61,64,66,158,140,166,129,163,138,153,137,122,143,127,155,149,123,144,131,141,137,142,151,119,134,139,158,130,135,137,127,138,141,146,129,130,108,150,147,154,134,136,139,138,148,121,125,132,153,159,134,144,147,7
56,49,49,62,62,57,65,57,64,42,68,68,66,59,55,50,64,46,55,75,58,57,72,58,51,52,53,56,58,48,71,56,73,67,63,51,54,60,55,64,62,67,63,60,63,53,62,69,62,61,132,145,127,161,142,143,152,159,141,140,138,119,154,145,151,125,171,120,129,156,145,129,150,158,145,133,140,134,147,121,127,138,140,142,142,116,122,132,154,139,135,137,157,135,141,151,118,136,146,172,7
83,70,54,70,51,64,78,69,77,69,60,51,58,68,61,61,61,70,53,51,53,62,49,59,65,55,62,50,61,59,65,59,53,55,65,54,62,67,57,46,51,64,62,66,54,63,70,58,72,55,148,128,111,128,139,124,138,136,152,153,136,134,137,125,139,141,138,147,125,144,139,139,174,177,140,134,143,142,134,143,115,147,152,131,153,135,129,129,138,142,140,130,126,130,125,172,135,151,143,137,7
67,56,60,67,73,57,53,49,65,60,63,61,63,51,61,70,64,43,63,52,53,55,69,66,65,47,54,52,54,74,64,41,56,57,56,54,63,54,56,59,62,50,81,56,54,64,69,53,76,68,137,132,158,149,119,145,160,137,139,129,144,152,125,139,149,132,127,136,128,145,135,136,136,141,134,144,131,137,136,154,135,153,124,150,161,134,137,147,148,148,163,146,127,142,133,137,152,162,134,121,7
68,63,52,63,57,69,64,58,56,64,58,56,65,52,52,58,62,58,53,57,46,64,61,61,55,73,61,66,55,68,58,67,51,54,55,55,57,51,76,60,52,58,70,74,60,80,63,69,48,66,125,135,135,144,135,153,128,147,157,130,139,138,142,141,151,135,147,130,154,143,110,144,153,141,160,146,136,114,155,146,124,138,133,128,112,146,149,133,133,155,145,152,136,159,135,133,123,148,149,136,7
67,70,64,58,45,59,48,62,48,53,53,72,61,56,65,56,65,53,74,56,51,64,68,54,68,61,64,59,61,61,52,52,74,57,39,73,87,76,65,56,65,65,47,68,81,53,56,59,60,52,156,130,153,134,150,154,129,143,125,150,144,149,136,150,129,130,141,147,142,131,140,116,146,131,143,152,119,116,131,136,157,142,138,151,153,134,125,150,144,137,124,146,145,141,121,140,124,130,152,160,7
50,58,57,57,54,71,57,71,56,68,40,65,66,50,64,64,43,61,55,73,60,59,58,76,62,66,67,51,57,52,57,55,67,58,53,72,52,57,51,72,66,57,67,50,60,48,50,60,65,61,129,129,173,172,147,135,151,118,136,133,136,136,115,140,158,148,159,148,136,146,141,157,116,149,147,135,142,133,145,139,155,130,145,128,146,130,153,137,128,149,127,147,126,149,148,138,121,120,142,166,7
52,69,57,47,61,53,61,64,66,59,65,64,63,57,72,64,72,73,57,61,56,59,62,84,50,75,49,62,48,72,59,70,56,60,60,51,65,60,74,63,49,51,45,58,56,63,53,61,57,65,131,150,142,120,142,129,136,144,147,143,131,155,122,127,121,134,155,139,162,131,137,135,126,140,131,145,156,134,129,147,132,123,155,144,136,112,165,149,152,136,142,146,148,141,122,166,164,129,131,136,7
152,162,172,141,155,176,166,172,187,176,166,159,165,169,158,170,158,160,150,167,141,176,161,150,153,154,157,165,167,143,158,144,166,143,150,154,159,152,154,173,166,160,142,165,158,165,150,173,146,174,30,39,49,39,40,34,41,41,47,32,30,37,32,36,48,47,32,44,43,31,38,39,46,41,41,43,38,40,39,36,34,41,37,42,34,40,50,39,37,46,37,44,44,41,40,43,47,38,44,49,8
142,146,155,162,140,162,164,160,166,172,171,164,149,142,162,152,156,181,141,191,172,124,158,173,138,169,166,161,141,154,166,173,179,156,171,149,155,169,146,182,169,145,141,177,141,167,159,167,141,168,36,47,49,43,39,42,39,47,43,49,46,31,41,36,45,40,30,38,38,48,45,40,33,48,39,30,32,41,47,34,43,43,54,35,43,47,46,35,35,44,44,28,54,33,38,38,49,32,43,45,8
160,150,156,182,168,162,160,161,166,160,163,174,158,161,172,170,153,155,174,159,174,143,190,140,183,141,149,164,152,159,133,169,157,164,170,151,151,130,148,164,156,192,153,152,145,178,146,156,147,170,52,30,34,34,35,39,41,41,53,41,45,39,39,41,35,36,32,49,42,39,40,52,38,51,36,40,42,41,34,52,39,43,47,49,31,43,31,30,40,30,37,31,32,44,46,35,49,44,40,45,8
173,161,150,157,162,143,180,177,159,170,174,170,153,151,150,150,172,159,167,178,145,179,162,162,169,138,155,171,154,166,169,151,138,152,154,154,159,146,150,163,169,155,136,154,146,168,160,168,157,156,34,33,50,45,48,38,46,29,37,32,34,38,41,41,48,37,35,32,42,52,41,38,49,43,41,42,47,28,33,39,46,35,46,37,39,34,44,37,53,51,59,41,44,39,38,42,38,42,33,47,8
158,180,162,157,160,145,153,170,176,162,164,171,150,149,192,162,170,148,151,146,160,166,147,140,159,138,157,147,161,144,172,152,168,160,155,175,179,163,157,170,165,163,153,145,171,159,175,167,171,163,37,43,31,43,34,45,32,41,38,43,34,46,41,35,59,40,44,40,48,32,50,31,32,40,31,37,37,50,39,28,43,41,43,43,52,45,38,38,50,24,40,38,38,45,28,39,40,37,36,33,8
164,164,154,175,167,147,152,154,174,144,152,149,176,132,148,157,171,162,174,145,183,165,145,181,162,153,142,170,159,171,176,162,186,157,153,150,152,171,168,155,148,171,150,150,160,173,168,162,170,155,38,42,37,42,39,39,40,49,38,34,35,33,49,50,44,37,34,45,36,43,42,46,48,45,38,33,39,41,30,36,36,36,41,30,52,37,44,33,39,41,41,48,37,28,37,40,34,36,34,45,8
148,146,152,151,162,176,145,147,167,138,173,162,180,141,156,125,181,166,147,174,167,168,155,161,159,157,175,149,154,175,175,147,143,146,152,180,169,172,187,167,162,154,166,150,159,146,134,175,168,152,48,52,37,32,45,34,37,28,40,38,50,46,43,41,42,38,42,38,54,47,47,37,31,45,49,33,34,41,36,47,47,46,44,27,53,47,28,46,37,37,46,41,38,40,29,45,37,45,38,36,8
151,175,168,190,153,154,157,178,141,149,153,151,165,145,161,146,154,150,138,171,165,153,143,168,161,160,182,156,165,151,142,159,158,147,137,185,167,165,178,145,143,167,163,173,153,147,171,178,174,150,38,45,35,51,39,39,44,51,37,40,43,43,39,44,42,45,42,44,46,42,36,40,35,42,38,41,33,35,43,38,34,40,43,46,52,44,42,43,41,35,40,34,38,57,42,32,37,25,42,47,8
164,171,144,167,156,148,158,159,182,169,143,169,171,131,165,169,153,182,161,146,148,166,171,174,150,150,169,158,181,167,152,160,153,152,152,165,124,156,187,162,162,166,159,141,149,162,181,161,176,160,40,33,41,36,46,33,32,36,35,33,45,56,29,47,36,40,45,47,44,40,49,42,37,34,34,34,45,31,44,31,42,36,33,34,50,35,45,45,44,37,37,36,44,35,40,52,39,41,37,41,8
152,142,151,156,173,160,156,158,154,157,167,164,166,173,167,171,171,169,199,140,147,181,147,137,162,153,156,151,163,154,159,203,165,167,138,191,171,156,165,162,156,146,154,154,168,144,156,165,158,154,41,35,32,35,37,39,38,43,39,32,37,51,30,48,42,40,42,48,48,43,31,46,42,44,32,39,42,36,37,34,40,41,48,34,37,37,43,41,43,33,37,27,37,45,34,50,41,41,34,45,8
47,38,42,40,37,52,34,51,27,48,36,47,55,33,44,31,39,45,40,30,43,45,43,38,37,26,39,42,40,35,41,33,51,22,44,36,49,36,46,37,45,46,40,54,56,44,42,40,39,50,166,164,147,175,159,162,164,154,153,165,162,168,151,161,165,169,146,157,154,176,157,163,143,169,150,167,153,170,145,160,140,161,150,149,175,166,157,181,162,149,171,144,151,144,158,178,158,175,143,138,8
37,37,40,28,50,35,37,38,32,35,39,42,35,38,42,43,46,39,42,37,39,40,34,36,43,36,52,34,44,44,48,39,48,43,42,43,38,43,32,35,38,41,41,40,33,41,50,49,32,40,159,155,153,171,147,148,139,148,170,163,169,167,170,163,160,170,154,169,160,176,139,137,150,169,159,160,148,167,173,149,170,147,163,150,177,153,168,158,160,177,179,156,163,169,166,178,146,168,158,142,8
35,41,34,46,39,52,35,45,30,38,39,34,41,49,33,38,47,41,48,35,45,36,37,45,41,45,36,38,38,35,45,42,47,40,32,46,40,39,33,35,41,51,36,32,34,42,38,40,38,43,173,172,161,153,172,151,159,154,151,174,163,164,158,157,155,149,143,173,135,159,157,165,139,163,164,181,176,144,152,158,198,168,166,170,163,143,163,157,142,153,155,175,176,164,139,164,175,134,166,164,8
47,51,51,38,53,32,52,44,43,47,43,47,36,51,39,42,41,42,43,33,34,33,39,35,22,37,38,47,44,41,32,47,36,34,36,40,43,41,49,40,32,36,39,45,43,41,50,37,46,37,141,148,165,169,168,157,170,147,162,160,159,148,155,139,146,158,169,157,175,153,154,166,165,168,166,147,162,137,151,162,146,156,169,162,160,163,166,157,159,154,148,158,170,174,161,173,163,163,160,165,8
40,45,42,32,35,48,48,47,39,40,35,43,28,44,38,40,44,40,37,31,41,48,42,49,36,50,54,33,26,34,36,42,27,31,44,28,37,30,49,36,49,46,35,54,40,47,32,36,41,48,188,159,146,189,156,169,152,168,171,178,167,152,157,163,177,162,155,160,143,164,137,150,147,178,152,158,145,138,183,157,137,126,175,172,169,172,157,175,166,170,161,161,156,159,143,181,147,154,132,169,8
37,40,57,33,50,41,36,32,50,32,31,34,35,48,35,43,42,44,40,21,39,45,56,29,45,32,50,51,33,41,38,48,52,30,38,42,33,41,39,39,46,34,36,40,50,38,34,43,46,48,163,173,153,158,165,160,162,173,174,166,143,180,161,150,148,173,157,150,152,172,153,172,153,167,134,144,155,160,183,161,152,158,149,146,175,183,179,140,143,189,162,143,136,164,142,167,159,162,160,159,8
36,44,50,47,38,58,32,31,34,38,31,36,56,44,58,34,31,29,43,34,40,49,57,40,48,42,32,43,43,48,51,27,57,40,31,41,43,44,50,36,43,33,39,33,48,44,35,44,36,38,152,148,165,148,147,168,161,160,158,175,160,141,152,150,150,150,169,153,144,141,174,185,160,154,162,147,183,166,167,162,172,162,146,178,142,139,147,153,180,144,169,162,153,179,180,131,165,170,155,162,8
39,43,42,35,41,44,48,47,46,43,29,43,24,37,36,44,58,32,36,50,52,46,46,43,37,47,35,43,42,39,41,42,41,39,42,34,45,34,47,39,41,40,40,33,40,45,38,25,39,31,180,180,149,153,153,154,175,153,152,170,168,177,160,166,153,163,168,142,168,170,151,154,159,152,168,142,163,144,137,162,149,160,157,154,171,153,159,184,149,149,138,170,176,148,165,191,163,157,152,146,8
37,47,45,43,42,30,36,45,40,40,36,41,45,43,33,40,45,40,37,39,33,49,58,33,41,31,53,38,31,49,39,41,36,46,41,55,44,37,39,54,38,44,39,42,33,49,25,47,51,33,153,154,146,168,156,148,166,168,127,174,182,165,146,160,157,142,142,168,136,172,140,152,173,154,171,153,158,162,157,164,136,173,186,152,153,163,149,163,166,171,169,164,172,145,167,166,154,158,158,168,8
37,32,35,38,36,38,32,50,29,41,39,36,43,32,33,45,42,38,32,41,47,41,45,42,47,46,43,43,35,40,35,38,38,52,45,38,37,43,35,27,34,41,48,38,41,48,45,34,36,35,203,167,168,162,191,161,173,153,147,169,128,149,175,153,150,165,130,174,162,176,157,164,182,177,170,118,163,172,160,138,162,168,145,152,157,156,142,155,180,156,147,175,149,173,164,158,158,175,143,162,8
187,184,175,163,184,180,194,185,178,165,203,185,196,183,182,179,186,186,170,183,194,176,187,179,159,184,191,174,194,198,202,158,206,156,178,162,177,168,172,150,170,170,194,184,167,178,183,189,199,174,23,16,17,14,24,24,16,14,25,28,14,13,16,21,21,13,20,26,20,29,15,16,21,33,12,16,24,18,21,22,20,20,22,22,24,13,22,17,17,22,13,20,22,21,34,18,10,13,16,21,9
189,201,157,191,175,203,183,170,187,170,167,168,178,177,160,208,189,183,175,171,166,167,168,171,201,189,159,193,192,185,181,175,188,187,170,173,175,193,177,198,181,174,156,192,186,198,180,171,205,182,21,17,20,17,13,15,16,19,18,22,20,27,13,22,14,20,19,21,24,21,14,25,15,21,21,16,16,14,24,29,19,18,21,17,26,27,23,15,23,17,15,17,30,9,13,22,16,21,20,22,9
210,156,191,179,176,183,178,171,188,178,185,204,185,192,183,187,163,167,187,184,161,198,166,215,174,169,180,175,174,189,188,183,179,165,175,143,201,180,155,154,181,179,230,179,167,177,175,169,197,170,21,20,22,21,21,18,21,17,15,17,15,13,24,23,25,24,20,22,24,17,24,22,26,27,14,14,25,16,16,12,20,22,23,21,24,21,20,20,24,19,21,18,28,21,14,14,15,19,24,21,9
192,169,190,171,174,188,181,178,171,185,170,189,180,177,181,165,175,178,184,187,171,189,174,179,192,196,179,169,188,168,177,173,167,176,187,179,179,176,197,191,173,157,167,203,185,199,168,190,197,181,16,23,17,28,14,11,18,23,27,19,20,14,28,18,18,18,16,17,20,21,16,17,23,27,26,21,20,24,22,21,24,18,13,20,22,21,28,18,18,12,18,14,20,12,24,15,24,20,21,23,9
179,181,172,202,173,172,188,172,167,161,181,190,172,178,155,168,191,168,185,170,204,168,194,181,186,179,156,210,183,172,180,208,178,178,191,179,196,182,174,186,181,180,167,180,208,204,180,168,170,182,25,12,15,25,26,17,22,11,17,14,25,23,19,22,18,14,18,20,16,18,23,20,22,22,24,15,15,15,8,14,13,34,26,16,18,16,19,27,21,19,19,27,18,20,20,26,22,22,20,12,9
169,174,190,162,195,189,175,195,163,196,178,192,197,171,152,187,163,201,176,211,157,160,177,186,172,180,179,183,170,174,187,196,156,195,185,176,170,185,183,166,179,171,188,190,178,170,176,182,178,184,11,16,21,26,18,18,28,21,16,17,23,26,28,24,14,31,21,21,11,19,18,26,14,29,14,27,16,24,21,14,19,19,26,22,29,15,23,27,24,22,17,18,27,17,13,14,16,27,25,18,9
188,207,182,163,184,160,178,176,184,198,182,170,180,207,185,163,152,167,173,182,199,175,177,183,194,200,183,190,159,169,186,192,170,171,171,181,173,177,187,174,185,186,180,193,185,183,165,181,185,160,23,15,27,23,18,16,20,31,21,18,17,14,26,14,14,21,23,26,16,16,20,20,23,16,17,22,17,30,20,26,17,20,14,22,24,18,21,17,15,13,21,21,19,16,21,23,14,31,21,27,9
187,147,178,198,170,199,181,199,184,180,200,206,178,174,166,174,164,174,159,185,194,177,189,207,181,165,199,188,187,185,185,161,170,164,202,159,194,176,171,181,181,176,189,170,187,183,180,175,162,174,20,19,23,20,28,16,17,18,23,25,24,20,13,18,17,18,20,28,22,20,23,23,17,19,23,21,17,27,14,26,16,26,16,19,23,19,12,21,19,16,14,26,21,17,18,14,22,14,15,18,9
185,161,188,201,167,175,194,207,170,183,152,171,163,172,176,173,193,174,203,166,176,200,176,185,186,217,183,188,154,190,191,205,173,162,171,179,171,191,190,181,160,192,191,161,172,206,173,176,165,184,18,25,18,17,20,17,14,19,16,19,17,26,21,16,22,26,23,17,20,13,18,21,17,21,17,22,26,15,17,14,25,20,24,23,25,16,12,19,29,22,13,19,24,21,18,15,20,14,23,23,9
180,196,182,172,161,209,178,195,162,188,189,156,176,172,162,192,182,194,179,205,166,168,174,194,175,159,201,173,181,187,179,184,174,189,176,194,178,178,194,171,183,175,198,176,179,192,193,164,177,194,20,16,15,22,22,19,24,23,22,18,24,13,19,20,16,17,18,24,19,18,24,18,18,16,21,17,9,13,16,18,19,17,23,16,23,18,16,20,10,26,23,15,20,20,23,16,16,22,27,15,9
19,20,22,20,18,7,24,11,15,17,19,22,19,23,21,19,20,24,13,23,20,21,28,17,20,10,13,25,15,24,14,18,21,23,20,22,19,22,17,21,15,21,18,21,27,22,21,27,19,18,139,162,161,179,191,168,191,182,165,164,209,197,192,186,179,138,176,179,185,177,210,152,189,178,163,174,178,169,199,189,182,201,192,170,168,179,211,183,182,182,194,185,166,190,190,203,185,193,176,172,9
24,17,31,20,17,18,27,20,27,20,17,20,25,20,19,22,22,29,22,18,14,26,19,14,21,16,20,15,21,19,17,19,16,12,22,27,24,15,30,26,15,28,17,24,24,17,18,24,22,21,189,163,186,190,167,184,196,175,160,200,182,198,174,181,165,176,194,180,199,184,181,168,162,175,197,161,177,189,168,155,191,196,178,181,185,183,166,170,190,167,182,202,163,177,181,182,173,166,177,176,9
22,21,27,17,27,14,19,20,24,16,18,19,22,21,20,18,24,18,25,21,17,16,16,21,13,23,17,27,27,14,12,27,20,17,16,19,27,14,31,24,17,25,19,23,16,11,20,13,18,19,206,180,177,188,163,157,175,198,181,194,199,206,190,177,201,174,161,178,186,201,176,166,197,172,186,162,199,191,186,171,187,167,165,172,169,176,176,178,167,165,173,193,163,185,189,171,172,180,195,167,9
20,18,22,22,27,16,15,19,17,17,27,14,20,24,17,16,20,16,19,21,22,25,18,18,19,21,19,14,22,25,20,31,17,26,19,23,16,17,18,14,21,17,22,24,18,22,21,27,19,16,200,173,160,183,186,170,176,184,189,175,163,186,181,174,163,173,183,161,181,161,185,203,188,177,186,168,195,164,176,180,163,179,193,191,183,180,190,179,188,182,197,172,188,176,150,189,200,189,171,198,9
15,13,21,19,26,19,22,19,18,13,24,14,24,16,39,25,26,24,19,17,19,23,16,15,20,17,23,14,18,17,18,21,20,19,27,21,11,23,18,13,7,18,20,22,22,14,24,19,13,14,187,171,168,181,190,187,186,193,195,176,196,169,172,190,161,194,191,169,163,182,171,169,161,187,178,175,167,198,181,174,167,194,183,165,193,171,181,195,186,169,180,206,170,193,166,186,171,188,202,193,9
19,18,18,22,24,23,19,20,18,19,25,19,18,15,15,20,23,20,19,19,24,23,15,30,20,26,24,25,18,21,18,19,17,15,28,20,30,24,26,26,16,21,15,19,17,17,14,26,17,27,175,191,175,156,170,181,181,181,177,180,202,194,155,181,193,187,170,188,197,188,184,180,190,186,196,167,171,164,189,161,163,186,205,171,170,179,160,159,163,177,177,171,202,189,188,186,176,176,183,178,9
20,17,18,26,21,20,11,27,27,21,16,15,17,25,25,14,31,24,19,23,17,25,24,13,21,13,18,17,18,19,16,23,31,17,22,23,13,27,22,17,21,27,19,23,23,13,32,22,23,23,182,196,199,199,168,179,189,216,161,190,177,198,167,203,159,165,175,179,196,175,169,198,172,178,181,203,182,174,172,185,183,172,180,172,183,160,167,168,179,185,210,163,166,144,164,170,185,169,171,183,9
16,21,19,23,31,25,29,26,24,36,24,22,25,23,13,17,18,20,21,17,19,24,12,12,14,22,18,23,17,22,16,20,19,19,21,25,19,16,21,22,15,17,24,16,12,17,23,14,18,23,179,163,159,195,193,189,184,176,171,186,181,171,162,177,195,200,198,177,158,182,189,184,190,195,202,185,176,178,163,177,176,184,169,185,161,183,178,164,174,157,206,205,181,182,168,174,170,195,173,170,9
19,26,25,20,16,22,20,27,24,20,23,19,24,16,15,26,16,18,18,20,16,17,19,15,17,24,20,14,20,22,26,19,23,16,14,21,20,18,18,21,21,22,19,23,21,26,28,25,23,24,174,159,199,163,165,170,191,169,189,180,184,186,189,188,184,185,197,173,159,216,178,165,168,159,189,184,180,188,182,171,194,176,179,183,150,186,191,182,178,196,175,163,190,184,180,196,179,174,159,175,9
16,16,12,23,15,18,17,20,21,17,18,24,25,26,17,17,19,24,22,19,21,19,22,22,19,30,17,14,26,24,31,22,27,16,10,18,20,15,22,22,18,13,18,16,22,16,16,18,19,24,156,200,173,160,188,165,176,174,173,206,156,206,186,211,180,179,160,155,178,188,185,187,220,180,192,204,170,184,184,165,189,169,207,166,162,173,190,184,184,182,193,174,167,180,181,169,176,166,175,189,9
