0,221,214,15,190,4,161,58,8,127,103,262,27,395,0,0,103,1,232,15,2,68,1,7,83,0,5,1316,5,51,12,8,30,6,1,39,7,87,0,42,80,331,39,7,13,10,3,56,17,140,110,33,0,3,208,216,2,1077,13,0,220,0,4,492,67,25,86,177,22,111
1,42,10,7,1,9,203,1,20,39,0,6,55,4,1,5234,3,0,0,5,1,2,0,14,17,0,0,2,13,9,9,1,0,0,0,2,3,5,2,1,362,9,157,0,869,3,7,4,1,0,2,21,0,23,2,105,0,3,1,34,2,7,7,202,23,17,2,0,113,24
1,373,169,42,51,28,771,26,45,260,6,136,127,154,3,301,56,0,7,32,8,41,1,43,152,1,1,212,43,78,41,12,5,4,1,29,20,71,4,28,678,226,322,2,525,19,17,66,10,22,60,114,0,37,79,691,1,194,12,16,76,3,20,1142,146,75,44,9,218,207
1,381,232,34,107,18,509,44,35,261,24,228,109,262,2,37,93,0,32,32,5,62,1,28,143,0,2,493,20,86,32,12,11,6,1,43,15,104,3,40,395,299,184,4,155,21,13,69,17,59,91,83,0,21,119,491,2,448,16,5,142,1,17,1113,143,67,80,32,112,200
0,24,54,0,174,0,4,29,0,13,667,120,1,189,0,0,46,0,1819,1,0,24,0,0,7,0,11,1580,0,7,0,0,43,2,1,12,0,27,0,12,1,75,0,4,0,1,0,6,8,246,39,1,0,0,68,8,0,1274,2,0,140,0,0,46,6,1,48,722,0,10
0,22,46,1,122,0,6,22,0,11,304,87,1,171,0,0,32,0,1255,1,0,20,0,0,7,0,6,1371,0,6,0,1,33,2,0,9,0,18,0,11,1,81,1,3,0,1,0,8,5,152,34,1,0,0,89,11,0,1010,2,0,109,0,0,36,5,1,29,575,0,10
0,258,156,24,71,12,356,30,20,167,15,148,60,187,1,24,60,0,23,20,4,42,0,18,102,0,1,359,16,56,22,9,8,4,1,28,12,65,1,28,253,220,121,3,109,13,8,52,11,38,63,60,0,13,96,372,1,315,11,3,96,1,10,699,92,42,48,24,77,137
1,184,70,24,16,19,507,9,25,129,1,49,68,56,2,562,20,0,1,15,5,16,0,29,80,1,0,63,36,37,24,6,1,1,0,11,13,28,3,11,473,97,228,1,576,9,10,33,4,6,23,70,0,26,32,441,0,57,5,16,25,3,11,572,73,40,15,2,167,107
1,146,45,22,7,21,530,5,32,114,0,29,85,28,3,2311,12,0,0,14,4,9,0,33,63,1,0,24,39,29,23,5,0,1,0,7,11,19,3,7,629,55,293,0,1094,8,12,21,2,2,13,65,0,36,14,384,0,23,3,34,13,7,13,532,65,40,9,0,218,86
2,409,159,56,36,43,1133,21,44,266,2,108,115,138,6,989,44,0,4,31,11,36,1,62,188,1,0,166,93,79,52,15,3,3,1,25,34,57,5,27,932,246,464,2,1205,17,17,86,8,14,55,164,0,50,92,1101,1,144,12,30,60,6,20,1151,153,79,31,6,355,242
0,182,158,10,129,4,129,41,21,144,85,220,75,199,0,1,91,0,72,18,1,47,0,7,54,0,5,507,2,49,11,4,14,6,1,36,3,96,1,26,113,150,47,3,14,16,7,23,17,99,65,22,0,6,53,107,1,509,9,0,138,0,10,625,74,34,99,51,22,83
0,268,143,29,52,17,471,24,19,164,7,118,53,165,2,63,47,0,13,19,5,37,0,24,117,0,1,284,30,55,25,10,6,3,1,23,17,52,2,26,316,228,158,2,209,11,7,63,8,25,57,78,0,16,106,527,1,239,10,5,77,1,9,677,92,42,35,16,111,151
1,231,95,24,26,19,481,14,63,205,3,83,196,64,2,458,36,0,2,27,3,22,0,31,79,0,0,71,17,54,28,5,2,3,0,19,8,54,4,14,647,88,275,1,428,19,22,25,7,12,28,61,0,39,20,299,0,75,7,19,37,5,25,985,113,69,34,2,163,121
0,211,227,11,250,3,116,69,13,146,228,339,49,379,0,0,137,0,294,18,1,74,0,5,64,0,10,1295,1,56,10,5,35,9,1,49,3,124,0,41,75,255,33,7,6,15,4,35,25,214,109,22,0,4,122,121,2,1195,12,0,255,0,7,594,75,29,141,188,15,96
0,198,217,10,247,3,105,67,12,136,234,329,45,366,0,0,132,0,302,17,1,71,0,4,60,0,10,1279,1,52,10,4,35,8,1,47,3,118,0,39,68,243,30,7,5,14,3,33,24,214,105,20,0,3,117,111,2,1180,12,0,249,0,6,557,70,27,138,191,14,90
1,261,121,30,37,20,540,19,27,174,4,95,75,116,2,179,39,0,6,21,5,29,0,29,110,1,0,166,33,54,28,9,4,3,0,20,16,48,2,21,437,173,212,2,351,13,10,51,7,16,44,82,0,23,66,519,1,147,9,10,55,2,12,749,98,49,30,7,148,146
1,208,85,27,21,20,530,12,20,132,2,60,52,80,3,315,25,0,3,16,5,20,0,28,96,1,0,103,43,40,25,8,2,2,0,13,17,30,2,15,411,136,206,1,476,9,8,46,4,8,31,79,0,22,54,540,1,89,7,12,35,2,9,562,75,38,17,4,156,122
1,91,29,11,6,11,270,3,38,88,0,22,115,15,1,1234,10,0,0,12,2,6,0,19,32,0,0,12,11,21,14,2,0,1,0,6,4,17,3,4,450,25,188,0,488,8,14,8,2,2,7,30,0,29,4,143,0,14,2,23,8,6,14,443,49,34,9,0,117,49
0,228,149,18,78,9,268,30,22,161,22,158,70,173,1,13,64,0,26,20,3,41,0,15,82,0,1,347,9,54,18,7,9,4,1,29,7,72,1,25,213,182,97,3,67,14,8,39,12,45,60,44,0,11,71,252,1,322,10,2,98,0,10,688,87,40,58,24,57,116
0,136,151,8,165,2,82,46,3,72,113,197,12,332,0,0,76,0,322,8,1,51,0,3,51,0,4,1334,2,31,6,5,30,4,1,27,4,58,0,31,34,255,17,6,4,6,1,40,12,133,85,18,0,1,190,125,1,1043,9,0,184,0,2,270,38,12,63,227,10,67
0,250,215,17,167,6,202,54,14,159,80,261,47,333,0,1,105,0,130,19,3,66,0,9,88,0,4,939,6,59,15,8,23,6,1,42,7,98,1,40,125,289,58,6,23,14,5,51,18,117,100,38,0,6,146,229,2,820,13,0,194,0,8,644,84,34,93,103,32,123
1,50,12,9,1,11,264,1,16,42,0,7,41,6,1,5488,3,0,0,5,2,2,0,17,22,0,0,4,23,10,10,2,0,0,0,2,4,5,2,2,376,14,174,0,1121,3,6,7,1,0,3,29,0,23,3,168,0,4,1,35,3,7,6,203,24,17,2,0,138,31
0,319,228,22,140,10,309,51,39,247,57,274,131,258,0,10,113,0,50,31,3,64,0,17,102,0,4,545,7,81,23,7,15,7,1,48,7,127,2,38,276,235,120,4,60,24,14,43,22,91,89,50,0,15,81,256,1,537,14,2,163,0,18,1082,131,62,114,42,62,155
0,242,231,15,206,5,172,63,11,148,119,294,38,400,0,0,116,0,221,17,2,73,0,8,86,0,6,1280,4,58,13,8,31,7,1,44,6,102,0,44,95,325,45,7,14,13,4,54,20,155,114,34,0,4,183,211,2,1090,14,0,234,0,6,585,78,29,103,165,24,119
0,41,82,1,206,0,11,39,0,19,464,149,2,301,0,0,55,0,1989,2,0,35,0,0,14,0,9,2349,0,10,1,1,55,3,1,16,0,32,0,19,3,149,1,6,0,2,0,15,9,249,61,3,0,0,165,22,1,1715,4,0,188,0,0,67,10,2,49,942,0,18
0,333,289,20,232,8,249,74,29,243,136,382,103,393,0,2,156,0,146,30,2,87,0,13,105,0,8,1040,5,86,20,8,28,10,1,61,6,158,1,50,190,311,84,7,28,24,10,51,29,171,124,44,0,10,125,231,2,990,17,0,255,0,15,1031,127,55,158,108,42,157
1,90,24,15,3,16,382,2,24,72,0,15,63,14,2,3358,6,0,0,9,3,5,0,24,39,0,0,10,30,18,16,3,0,0,0,4,7,11,3,4,499,29,231,0,1084,5,9,12,1,1,7,44,0,29,7,258,0,10,2,34,6,7,9,347,42,27,5,0,175,54
0,273,152,21,67,13,353,28,65,249,19,169,223,123,0,63,72,0,10,33,3,38,0,22,82,0,2,185,7,71,26,6,5,5,0,34,6,98,3,23,446,127,183,2,136,26,23,27,15,38,50,49,0,27,30,222,1,202,9,6,81,2,27,1174,132,75,78,9,94,132
1,74,20,12,3,13,320,2,21,61,0,12,56,10,2,3288,5,0,0,8,2,4,0,21,32,0,0,8,24,15,13,2,0,0,0,3,6,9,2,3,436,23,200,0,964,4,8,10,1,1,5,36,0,26,5,208,0,8,2,32,5,6,8,294,35,23,4,0,151,44
0,140,168,8,198,2,80,54,3,70,144,219,9,412,0,0,83,1,509,7,1,59,0,3,55,0,5,1831,3,32,6,6,40,5,2,29,5,60,0,36,29,312,15,7,3,5,1,48,13,164,100,19,0,1,266,137,2,1372,10,0,221,0,2,254,37,12,66,350,8,71
0,239,198,18,139,7,220,48,10,138,52,218,32,326,1,2,85,0,115,16,3,60,1,10,94,0,3,920,9,53,15,9,21,6,1,35,9,77,1,38,117,314,58,5,29,11,4,61,15,91,96,43,0,6,184,285,2,753,13,1,172,0,6,542,75,29,69,99,35,124
0,395,224,38,92,21,602,40,34,260,17,203,100,250,2,63,83,0,24,31,6,58,1,32,157,0,1,444,29,85,35,13,10,5,1,39,19,93,3,39,449,312,215,4,224,20,13,78,15,47,88,98,0,24,129,607,2,393,15,6,127,1,16,1099,144,67,66,26,139,213
0,257,243,15,217,5,178,66,15,171,137,322,55,383,0,0,130,0,196,20,2,76,0,8,85,0,7,1161,3,64,14,7,30,8,1,50,6,121,0,44,113,298,51,7,15,16,5,47,23,166,113,33,0,5,144,191,2,1043,15,0,239,0,8,697,90,36,124,142,26,123
1,184,57,26,10,26,639,6,48,151,0,38,132,33,3,2905,16,0,0,19,5,12,0,41,75,1,0,28,40,38,29,5,1,1,0,10,12,26,5,8,830,63,377,0,1294,11,18,24,3,3,16,77,0,49,15,426,0,28,4,44,16,10,19,724,87,55,13,1,267,106
0,350,201,31,87,17,487,37,44,262,20,200,139,201,1,56,83,0,19,33,5,52,0,27,125,0,2,341,17,82,31,9,8,6,0,39,12,100,3,33,442,228,199,3,175,23,16,53,16,47,74,75,0,25,77,410,1,328,13,6,114,1,20,1154,142,71,75,19,117,180
1,248,120,22,42,15,394,19,76,237,9,122,255,83,1,176,53,0,4,32,3,28,0,26,76,0,1,104,9,64,27,5,3,4,0,26,5,78,4,17,564,95,229,1,230,25,26,22,11,22,36,51,0,35,20,226,1,117,8,12,54,4,30,1151,127,78,57,4,121,123
0,272,191,24,104,11,328,40,12,152,25,183,35,291,1,8,72,0,61,17,4,54,1,15,116,0,2,702,18,57,20,11,14,4,1,31,14,68,1,37,174,331,89,4,67,11,4,75,12,59,89,62,0,8,195,435,2,561,13,1,140,0,6,597,84,33,53,60,59,148
0,174,167,11,149,4,125,45,8,104,84,209,25,296,0,0,83,0,167,12,2,53,0,6,63,0,4,958,4,41,10,6,23,5,1,31,5,72,0,32,66,243,32,5,11,9,3,40,14,111,84,25,0,3,141,158,2,804,10,0,170,0,4,409,55,21,72,125,18,86
0,353,291,20,225,8,261,72,52,299,144,407,189,330,0,3,170,0,98,38,2,85,0,14,100,0,9,775,3,98,22,7,23,11,1,68,4,191,1,46,258,250,105,5,34,34,18,38,34,168,113,42,0,14,77,195,1,811,16,1,238,0,23,1334,154,75,194,70,48,160
1,164,55,21,11,19,489,7,43,138,1,40,124,34,2,1402,17,0,0,17,4,12,0,31,63,1,0,31,26,35,24,4,1,1,0,10,9,27,4,8,642,58,286,0,776,11,16,20,3,4,16,60,0,38,13,319,0,31,4,29,17,7,17,660,78,49,14,1,192,92
0,3,0,1,0,1,21,0,1,2,0,0,3,0,0,3229,0,0,0,0,0,0,0,1,1,0,0,0,2,0,1,0,0,0,0,0,0,0,0,0,38,0,17,0,227,0,0,0,0,0,0,2,0,2,0,12,0,0,0,7,0,1,0,11,1,1,0,0,15,2
1,360,192,36,73,21,591,33,35,244,12,171,103,202,2,88,70,0,16,29,6,49,1,32,143,0,1,334,29,78,34,12,8,5,1,34,17,82,3,33,468,261,222,3,257,19,13,67,13,36,73,93,0,25,101,568,2,300,13,8,103,2,16,1043,135,65,56,18,144,195
0,158,74,16,24,11,293,12,27,125,3,66,82,61,1,115,28,0,3,16,3,18,0,17,58,0,0,82,12,36,17,4,2,2,0,14,6,37,2,12,309,81,138,1,184,11,10,22,5,11,25,41,0,18,23,222,0,81,5,7,33,2,12,567,69,38,25,3,85,84
1,317,127,37,32,28,746,18,62,251,3,100,180,93,3,731,42,0,2,32,6,28,0,46,121,1,0,105,36,69,40,9,2,3,0,23,15,60,5,20,840,142,379,1,731,20,23,43,8,13,39,99,0,49,38,546,1,103,9,26,48,6,26,1161,141,81,36,3,248,174
0,130,160,6,212,1,62,54,5,80,227,247,19,330,0,0,97,1,419,10,1,56,0,3,42,0,8,1378,1,33,5,4,36,6,1,33,2,78,0,31,31,212,14,6,2,8,1,28,17,195,87,13,0,1,128,78,1,1183,9,0,213,0,3,311,41,14,94,254,7,60
0,294,227,21,150,9,279,52,20,193,57,259,65,317,1,4,104,0,85,23,3,66,1,14,106,0,4,783,9,69,20,9,19,7,1,43,9,103,1,41,186,298,87,5,44,17,7,57,19,97,100,50,0,9,138,297,2,694,14,1,181,0,10,795,103,44,92,72,49,148
0,273,151,26,61,15,418,27,28,189,11,140,84,159,1,52,58,0,14,23,4,39,0,23,105,0,1,270,18,60,25,8,6,4,1,28,12,67,2,26,340,196,159,2,164,15,10,48,10,31,57,66,0,18,74,390,1,247,10,5,84,1,13,816,104,51,48,15,100,145
1,171,54,26,9,24,604,6,30,125,0,34,80,36,3,1964,14,0,0,15,5,11,0,36,76,1,0,33,48,33,26,6,1,1,0,9,14,22,3,8,644,72,308,0,1124,9,12,28,3,3,16,77,0,36,21,477,0,31,4,32,16,7,13,573,72,43,11,1,235,102
0,117,133,7,149,2,70,41,2,59,100,170,8,314,0,0,65,0,337,6,1,46,0,3,46,0,4,1329,2,26,5,4,29,4,1,23,4,48,0,28,27,245,14,5,3,4,1,39,11,119,78,16,0,1,202,117,1,1004,8,0,168,0,1,216,31,10,51,238,8,59
1,253,96,33,22,26,681,12,39,185,2,69,108,74,3,802,29,0,2,22,6,21,0,40,106,1,0,81,44,52,33,8,2,2,0,16,16,40,4,15,680,124,321,1,774,13,15,42,5,8,31,93,0,38,38,558,1,76,7,23,35,5,17,832,105,58,22,2,228,145
2,55,8,125,14,1,0,59,3,127,274,13,2,227,9,0,44,105,98,230,12,1,16,383,92,19,216,53,16,7,1,1,401,158,64,222,64,0,0,37,0,132,1,7,1,2,336,6,3,78,61,1,2,1,29,28,13,184,36,1,274,13,1,133,202,44,7,899,97,6
9,18,1,89,0,3,1,2,14,68,0,1,8,6,18,702,3,2,0,132,8,0,2,952,31,25,2,0,44,2,1,0,2,11,2,21,34,0,2,2,2,8,6,0,88,1,1065,1,0,1,3,1,3,12,0,20,1,1,4,96,6,733,2,92,114,48,0,1,566,2
14,85,7,309,4,7,2,28,18,238,22,7,10,96,43,39,25,35,4,438,31,1,16,1758,154,68,43,10,99,10,3,2,77,101,30,168,155,0,3,25,2,91,8,3,40,4,1413,7,2,15,35,3,7,12,12,78,8,39,33,33,105,271,3,277,393,116,4,63,710,10
10,97,10,281,9,4,1,51,16,268,88,13,10,172,28,6,45,73,18,500,26,1,20,1308,161,54,122,23,54,12,3,2,191,173,51,266,126,0,2,38,1,129,5,5,14,5,1303,8,3,40,57,2,7,8,19,62,12,92,45,13,204,127,3,305,433,118,8,214,436,11
0,8,2,9,14,0,0,34,0,18,1638,7,0,121,0,0,23,91,639,34,0,0,3,16,10,1,454,63,0,1,0,0,564,76,31,85,3,0,0,12,0,35,0,5,0,0,26,1,1,140,25,0,0,0,10,1,5,222,9,0,193,0,0,17,26,4,5,3201,2,0
0,6,2,8,8,0,0,21,0,11,581,4,0,88,0,0,13,53,361,20,1,0,3,14,9,1,183,45,0,1,0,0,345,41,23,49,4,0,0,9,0,31,0,3,0,0,14,1,1,68,18,0,0,0,11,2,3,142,6,0,119,0,0,10,17,3,2,2097,2,0
8,80,8,243,7,4,1,42,11,209,65,10,7,149,26,5,35,59,16,383,24,1,18,1091,140,47,89,21,55,10,2,2,161,134,44,209,122,0,2,32,1,117,4,5,12,4,912,7,2,31,48,2,5,6,18,58,10,79,38,10,169,94,2,233,339,89,6,194,368,9
13,56,4,234,2,6,2,14,13,154,6,4,7,48,40,84,12,15,1,281,24,0,10,1506,107,56,15,4,107,6,3,1,31,50,15,88,129,0,2,14,2,53,7,1,54,2,1016,5,1,6,18,2,5,10,7,65,4,16,19,41,48,303,2,181,259,80,2,21,690,7
16,49,3,226,1,7,2,9,17,149,2,2,10,28,44,313,9,9,0,278,23,0,7,1791,92,59,8,2,117,6,3,1,14,36,9,65,113,0,3,9,3,34,10,1,101,2,1370,4,1,3,12,2,6,15,3,60,3,8,14,85,28,616,3,185,253,88,1,7,929,6
17,75,5,327,2,8,3,19,13,191,8,5,7,72,60,93,16,21,2,342,36,1,14,1973,153,79,19,7,173,8,4,2,46,64,22,114,206,0,3,20,3,82,9,2,71,3,1081,8,1,8,26,3,6,12,12,100,6,24,27,47,68,329,2,219,324,95,2,35,902,10
3,75,10,149,17,1,0,74,17,248,463,20,13,198,8,0,69,126,58,496,11,1,16,601,97,22,408,35,9,11,1,1,358,271,57,364,41,0,1,40,0,99,2,8,2,6,1309,4,6,104,63,0,5,4,12,21,13,156,43,3,308,46,3,293,382,105,16,481,153,7
10,75,7,267,5,5,2,31,9,183,29,7,5,122,36,11,25,41,9,326,29,1,17,1256,147,56,48,16,91,9,3,2,111,96,37,158,162,0,1,28,1,112,5,4,21,3,763,9,2,19,40,2,5,6,19,76,9,56,33,14,125,116,2,201,303,79,4,125,470,9
11,61,4,198,3,5,1,18,30,219,17,5,20,47,23,58,20,21,1,434,16,0,8,1404,90,43,37,4,39,8,3,1,38,82,15,133,64,0,4,15,3,41,8,1,34,5,2216,3,2,10,20,1,8,14,3,36,4,19,21,41,62,416,5,281,354,125,4,20,577,7
2,48,8,89,17,0,0,65,6,138,586,16,4,199,4,0,55,123,112,267,6,1,12,283,65,12,399,47,5,7,0,0,433,203,55,266,28,0,0,33,0,92,0,8,0,3,493,3,4,112,56,0,2,1,15,14,11,187,33,0,296,12,1,153,212,50,12,861,64,5
1,59,10,106,22,0,0,82,7,169,781,21,5,249,5,0,69,156,150,327,8,1,15,336,79,15,519,60,6,8,0,0,556,256,69,331,34,0,0,41,0,113,0,10,0,4,597,4,5,146,70,0,2,1,18,16,14,239,40,0,373,13,1,187,259,61,15,1126,74,5
15,90,7,332,4,7,2,30,16,238,23,8,9,109,48,36,26,38,5,434,34,1,18,1816,169,73,44,12,116,10,4,2,87,103,33,173,181,0,3,28,2,105,8,3,41,4,1281,9,2,16,38,3,7,11,15,89,9,45,36,31,114,247,3,273,396,113,4,76,732,11
13,66,5,277,2,6,2,18,10,164,9,4,5,70,49,54,15,21,2,291,31,1,13,1581,135,65,20,7,139,7,3,2,48,60,22,105,178,0,2,18,2,78,7,2,50,2,849,7,1,8,25,3,5,9,12,85,6,25,24,32,67,228,2,185,276,79,2,40,697,8
13,45,3,171,1,5,2,9,33,177,5,3,21,22,24,239,11,9,0,354,14,0,5,1513,68,41,14,1,45,6,3,1,13,46,7,79,53,0,4,8,3,22,9,1,64,4,2432,2,1,4,10,1,8,18,1,31,2,7,13,83,28,775,5,237,289,114,2,5,727,5
6,63,7,171,7,3,1,38,11,182,86,10,7,122,15,3,34,56,16,344,15,1,13,770,100,31,108,18,27,8,2,1,150,131,36,196,70,0,1,27,1,84,3,4,7,3,896,5,3,33,40,1,4,5,12,35,8,71,31,6,153,71,2,208,291,79,6,175,243,7
2,59,10,129,20,1,0,81,2,129,495,17,2,332,8,0,56,154,223,232,12,2,21,343,102,19,327,91,15,8,1,2,671,197,91,271,71,0,0,48,0,180,0,11,0,2,274,8,4,124,83,0,2,1,47,30,17,304,44,0,396,8,0,130,205,41,9,1912,80,6
4,72,10,167,15,1,0,67,8,188,276,16,5,231,12,0,54,113,70,350,15,1,19,591,114,27,247,46,20,9,1,1,376,201,66,284,73,0,1,42,0,136,1,8,2,4,651,6,4,81,67,1,4,2,24,34,14,172,44,2,294,29,1,205,297,71,10,660,157,8
13,27,1,147,0,5,2,3,13,87,0,1,7,10,36,964,3,3,0,164,15,0,3,1446,52,43,2,0,107,3,2,1,4,14,3,28,74,0,3,4,3,14,9,0,147,1,1049,2,0,1,5,2,4,14,1,41,1,2,7,125,10,827,2,113,150,58,1,1,883,4
7,97,11,224,14,3,1,69,22,307,240,19,15,195,15,2,65,106,32,601,18,2,19,1014,135,38,268,30,22,14,2,1,278,253,57,361,72,0,2,42,1,116,3,7,6,7,1723,5,5,73,65,1,8,7,14,37,13,127,49,8,275,99,3,363,481,136,14,316,295,9
2,52,8,115,13,1,0,56,4,131,287,13,3,202,8,0,44,100,84,241,10,1,15,370,83,18,228,45,12,7,1,1,363,160,57,223,52,0,0,34,0,113,1,7,1,2,392,5,3,77,56,0,2,1,22,24,11,165,34,1,258,14,1,139,205,46,8,746,93,5
0,14,4,21,18,0,0,48,0,28,1196,9,0,209,0,0,29,121,776,49,2,1,7,36,22,2,394,104,1,2,0,0,781,96,54,115,11,0,0,21,0,76,0,8,0,0,33,2,2,150,42,0,0,0,29,4,8,326,16,0,277,0,0,25,42,7,5,4661,5,1
2,45,6,93,10,1,0,43,8,135,230,11,5,126,5,0,38,73,37,262,7,1,10,359,62,15,204,23,7,6,1,1,219,145,36,199,31,0,1,24,0,67,1,5,1,3,608,3,3,57,39,0,3,2,9,15,8,98,26,2,182,23,1,154,209,55,8,325,93,4
17,44,2,217,1,7,2,6,19,139,1,2,10,20,46,602,7,6,0,260,22,0,6,1900,83,59,5,1,127,5,3,1,9,28,7,53,107,0,4,7,4,27,11,0,138,2,1460,3,1,2,9,2,6,18,2,58,2,5,12,118,20,833,3,176,237,86,1,4,1057,6
7,60,6,150,5,2,1,29,27,224,68,9,20,71,11,8,32,40,5,456,11,1,9,887,78,28,103,8,16,9,2,1,81,131,21,192,39,0,2,19,1,46,4,2,9,6,2000,2,3,25,27,1,7,9,4,22,5,38,25,14,106,178,5,285,352,117,7,59,296,6
19,47,2,230,1,8,2,7,22,151,1,2,12,20,49,743,7,6,0,284,23,0,6,2073,87,63,6,1,132,5,3,1,9,30,7,56,109,0,4,8,4,27,12,1,156,3,1678,3,1,2,9,2,7,20,2,60,2,5,12,138,21,985,3,193,257,96,1,4,1165,6
1,33,6,71,13,0,0,49,1,66,314,10,0,214,5,0,32,95,178,116,7,1,13,172,59,10,192,65,9,4,0,1,453,110,59,151,43,0,0,29,0,115,0,7,0,1,117,5,2,78,51,0,1,0,35,18,10,206,26,0,246,3,0,64,105,20,5,1503,39,3
6,111,15,288,19,4,1,93,9,259,282,21,5,365,25,0,70,153,100,467,28,2,32,979,196,49,268,73,49,13,2,3,540,257,104,377,156,0,1,64,0,241,3,11,5,4,758,13,5,100,103,2,4,4,50,70,22,255,67,4,418,41,1,273,416,94,11,1024,275,12
9,79,7,250,6,4,1,37,12,208,48,9,7,130,29,8,31,50,11,383,25,1,17,1189,139,50,72,17,62,10,3,2,131,121,39,192,126,0,2,30,1,107,4,4,16,4,978,7,2,25,43,2,5,7,16,61,9,65,36,13,146,118,2,235,341,92,5,144,419,9
4,98,15,206,25,1,0,107,11,270,615,25,7,346,12,0,88,188,134,513,17,2,25,706,145,31,493,73,18,13,1,1,636,328,97,448,79,0,0,61,0,183,1,12,1,5,968,7,6,150,99,0,5,2,30,36,21,285,63,1,473,33,1,298,421,101,17,1159,176,10
14,43,2,190,1,6,2,8,19,140,3,2,11,23,34,271,8,8,0,267,18,0,6,1554,76,49,8,1,83,5,2,1,13,34,7,61,84,0,3,8,3,27,9,1,82,3,1434,3,1,3,10,2,6,15,2,46,2,7,12,77,25,597,3,178,236,85,1,6,793,5
7,69,7,196,6,3,1,34,16,208,58,9,10,103,19,7,32,47,9,398,17,1,13,1000,107,37,86,13,33,9,2,1,111,124,31,190,76,0,2,25,1,76,4,3,12,4,1239,5,2,26,36,1,6,7,9,39,8,53,30,12,130,127,3,246,334,97,6,105,341,8
5,34,3,92,2,2,1,13,20,132,22,4,14,31,8,12,15,17,1,270,7,0,5,619,44,18,39,3,11,5,1,0,30,62,9,95,24,0,2,9,1,22,3,1,10,3,1407,1,1,9,12,1,5,7,2,14,2,14,13,14,45,170,3,172,209,74,3,17,226,4
8,99,11,300,12,4,1,64,7,221,112,14,5,264,33,2,47,96,45,390,32,2,28,1111,190,55,131,46,76,11,2,3,318,173,77,268,189,0,1,50,1,205,3,8,10,3,664,13,3,53,77,2,5,5,44,84,17,156,54,6,276,57,1,232,362,84,7,533,351,12
3,64,10,143,16,1,0,69,5,157,342,16,3,254,10,0,53,123,107,287,13,1,19,453,104,22,270,58,17,8,1,1,454,193,71,269,67,0,0,42,0,144,1,9,1,3,450,6,3,93,70,1,3,1,29,30,15,207,42,1,318,17,1,165,247,55,9,960,114,6
2,48,6,94,10,1,0,44,14,169,269,12,10,109,5,0,44,73,27,345,6,1,9,409,58,14,252,18,5,7,1,0,191,172,32,231,23,0,1,23,0,54,1,4,1,4,1049,2,4,60,36,0,4,3,5,12,7,83,26,2,177,40,2,205,260,75,10,224,106,4
16,59,3,236,1,7,2,12,26,197,6,4,16,35,37,212,13,13,0,379,22,0,8,1857,99,58,16,2,82,7,3,1,21,55,11,95,95,0,4,12,3,38,10,1,78,4,2012,3,1,5,15,2,8,18,3,53,3,11,18,79,40,661,4,251,327,117,2,10,888,7
10,12,0,81,0,4,1,1,9,41,0,0,4,2,27,3812,1,1,0,76,8,0,1,1031,24,27,0,0,92,1,1,0,1,4,1,9,42,0,2,1,2,5,7,0,226,1,678,1,0,0,1,1,2,12,0,24,0,0,2,190,2,1110,1,55,72,31,0,0,779,2
9,71,6,231,5,4,1,30,12,192,35,8,7,105,27,11,26,40,8,354,23,1,14,1156,124,47,57,13,59,8,3,2,100,103,32,165,113,0,2,25,1,89,5,3,18,3,980,6,2,20,36,2,5,7,13,55,8,50,31,15,118,131,2,220,315,88,4,100,421,8
9,60,5,193,3,4,1,21,18,189,22,6,11,63,22,24,21,26,3,363,17,0,10,1163,95,41,42,6,42,8,2,1,55,84,19,136,75,0,2,17,2,53,5,2,22,4,1396,4,2,13,24,1,6,9,5,40,5,27,23,23,77,221,3,230,307,97,4,40,450,7
7,32,2,118,1,3,1,9,11,102,6,3,7,27,16,36,9,10,1,195,11,0,5,793,54,27,14,2,34,4,1,1,19,36,8,61,49,0,2,8,1,26,4,1,23,2,839,2,1,4,10,1,4,7,3,26,2,10,11,22,31,193,2,126,168,56,2,12,341,4
1,36,6,64,17,0,0,59,3,91,632,13,2,202,3,0,45,119,177,172,5,1,11,175,52,8,367,57,4,4,0,1,491,163,56,210,25,0,0,30,0,91,0,8,0,1,241,3,3,115,52,0,1,0,19,11,10,212,27,0,286,4,0,96,140,30,9,1297,37,3
4,61,8,151,10,2,1,47,8,162,149,11,5,160,12,1,39,75,35,303,14,1,15,583,97,25,153,28,20,8,1,1,232,147,46,214,65,0,1,31,0,101,2,5,4,3,632,5,3,50,48,1,3,3,17,31,10,108,34,3,201,36,1,179,258,65,7,350,167,7
12,106,10,329,8,6,2,48,19,296,66,12,12,162,36,13,43,66,13,551,31,1,21,1638,180,66,102,20,73,13,4,3,163,168,48,264,151,0,3,38,2,131,7,5,23,5,1552,9,3,34,55,3,8,10,18,75,12,80,47,20,189,186,4,341,481,135,7,164,580,12
15,48,3,227,1,7,2,9,14,140,3,2,8,30,45,237,9,9,0,256,24,0,7,1693,95,59,8,2,128,5,3,1,16,35,10,64,125,0,3,10,3,38,9,1,91,2,1119,4,1,3,12,2,5,13,4,65,3,9,15,70,30,488,2,169,237,79,1,9,866,6
1,42,7,93,15,1,0,58,2,86,343,12,1,254,6,0,39,112,187,151,9,1,16,235,75,13,221,73,12,5,1,1,516,134,70,186,56,0,0,35,0,141,0,8,0,1,160,6,3,89,62,0,1,1,41,23,13,236,32,0,291,4,0,84,136,26,6,1614,54,4
11,50,3,204,2,5,2,12,13,145,6,3,7,41,33,77,12,14,1,268,21,0,8,1349,93,49,15,3,83,6,2,1,27,47,13,82,104,0,2,12,2,45,7,1,47,2,1039,4,1,5,16,2,5,10,5,53,4,14,17,38,43,297,2,173,242,77,2,17,613,6
90,55,178,84,7,7,6,52,11,87,9,0,301,25,63,0,16,5,3155,2,30,1,2,82,99,0,58,121,32,45,1,177,110,94,107,83,1,5,2,0,30,7,5,20,0,1,7,27,2,521,19,68,3,10,49,2,163,9,11,0,9,0,0,44,51,92,25,1410,7,37
382,42,52,101,1,22,15,7,94,117,0,0,2627,2,135,1186,4,0,9,4,29,0,1,295,63,1,4,3,68,37,3,74,3,27,11,29,1,3,22,0,248,1,38,2,23,2,60,7,1,24,3,90,10,116,2,2,25,0,4,10,1,4,3,78,70,238,7,7,51,29
347,81,153,174,3,25,19,29,39,151,1,0,1016,12,212,76,11,2,260,4,61,1,2,287,150,1,17,32,130,63,4,228,30,70,58,70,3,5,11,0,142,5,25,9,9,2,27,29,1,146,12,159,8,55,22,6,109,2,10,2,4,0,1,85,91,216,17,164,38,58
236,84,199,145,5,17,13,46,39,164,4,0,1124,18,126,16,17,4,781,5,46,1,2,205,138,1,43,58,62,71,3,212,58,108,82,101,2,7,9,0,100,6,17,14,3,2,27,27,2,329,17,120,7,39,26,4,146,5,12,1,7,0,1,92,96,218,30,401,23,56
2,4,25,3,3,0,0,13,1,7,22,0,28,5,1,0,4,2,5197,0,1,0,0,2,5,0,58,45,0,4,0,9,54,23,19,16,0,1,0,0,1,1,0,5,0,0,0,1,0,379,3,2,0,0,5,0,25,4,1,0,2,0,0,4,4,6,9,1284,0,2
2,4,21,4,2,0,0,9,0,5,7,0,10,5,2,0,2,1,3853,0,1,0,0,2,6,0,21,46,1,3,0,13,41,13,20,10,0,1,0,0,1,1,0,4,0,0,0,2,0,194,3,3,0,0,10,0,24,3,1,0,2,0,0,2,3,4,4,1207,0,2
329,111,259,210,7,24,19,58,38,196,4,0,1032,26,211,22,20,5,1082,5,73,2,4,283,203,1,45,85,120,89,4,328,78,125,117,120,4,8,11,0,125,9,23,19,5,2,27,45,2,383,23,183,8,47,48,7,203,7,16,1,8,0,1,106,117,251,31,595,32,78
668,118,193,300,3,48,36,33,54,211,1,0,1314,15,462,310,12,2,195,6,113,1,3,535,241,3,14,33,339,86,7,371,29,76,70,81,7,6,19,1,260,8,48,10,25,2,38,48,1,127,15,295,11,99,33,12,137,3,14,6,4,2,2,118,129,310,17,141,80,89
694,96,137,251,2,46,33,21,74,198,0,0,1879,8,394,760,8,1,67,6,88,1,2,544,182,2,9,15,267,73,6,255,14,58,41,62,4,5,24,0,317,4,56,6,34,2,52,29,1,72,10,244,13,129,14,9,86,1,10,10,3,3,2,118,121,329,13,50,88,72
623,108,174,300,2,47,35,29,32,168,0,0,743,15,537,265,10,2,207,4,126,1,4,494,247,3,10,36,472,72,6,408,28,60,72,66,8,4,13,1,209,8,41,10,25,2,24,58,1,104,15,312,8,75,46,14,136,2,13,5,4,1,1,90,105,233,12,160,76,85
86,57,192,58,10,5,4,61,68,163,29,0,2551,15,23,1,27,6,1710,5,12,1,1,82,61,0,185,59,5,66,1,81,87,183,68,143,0,13,8,0,54,2,7,16,0,3,41,7,4,869,15,36,7,24,7,0,119,6,10,0,8,0,2,101,89,228,77,568,6,32
387,102,209,238,4,31,24,42,24,154,1,0,572,22,330,46,13,3,650,4,97,1,4,321,222,2,20,69,254,72,4,385,54,81,101,83,6,5,9,1,124,10,24,15,9,1,17,58,1,208,20,231,7,43,63,10,176,5,14,1,6,0,1,80,94,193,17,425,41,77
271,66,127,107,3,16,12,26,124,192,2,0,4014,6,80,84,13,2,122,6,26,1,1,230,84,0,31,14,27,67,3,101,19,89,32,82,1,8,21,0,181,2,26,6,5,4,77,9,2,163,8,81,12,85,4,2,68,1,7,3,3,1,4,126,110,337,30,62,28,41
38,32,120,33,7,2,2,41,18,73,21,0,649,13,14,0,16,4,2311,2,8,1,0,36,39,0,112,61,3,34,0,58,79,101,55,79,0,7,2,0,19,2,2,13,0,1,12,7,2,639,11,22,2,7,9,0,88,6,6,0,6,0,0,42,40,89,39,765,2,18
28,24,93,24,5,2,1,32,14,56,18,0,502,10,10,0,13,3,1881,1,6,1,0,27,29,0,91,48,3,26,0,43,63,80,42,62,0,5,2,0,14,2,2,10,0,1,9,5,1,513,8,16,2,6,7,0,68,4,5,0,5,0,0,32,31,68,31,613,2,14
332,76,144,175,3,24,19,27,28,132,1,0,710,13,233,68,9,2,272,3,66,1,2,273,152,1,14,34,160,57,4,243,29,60,59,62,4,4,9,0,123,6,23,9,9,1,20,33,1,130,12,165,6,46,28,7,109,3,10,2,4,0,1,72,80,180,14,178,37,56
605,113,190,309,3,47,35,33,30,170,0,0,684,18,543,201,10,2,276,4,132,1,4,483,261,3,11,44,482,75,6,441,33,65,82,71,9,4,12,1,196,10,39,11,23,2,22,65,1,122,17,321,8,69,56,15,153,3,14,4,4,1,1,90,106,229,13,210,72,89
209,37,60,66,1,12,8,11,104,118,1,0,3316,3,56,183,6,1,25,4,16,0,1,172,46,0,11,4,20,38,2,52,6,41,12,39,0,4,18,0,155,1,22,2,6,2,64,4,1,54,3,51,9,76,1,1,29,0,4,4,1,2,3,81,68,230,14,14,24,23
218,88,224,137,7,15,12,55,49,185,7,1,1491,20,102,10,21,4,1042,5,40,2,2,193,133,1,66,66,42,80,3,198,72,136,90,122,1,10,10,1,100,6,16,17,2,3,33,24,3,454,19,107,8,40,23,3,159,5,13,1,8,0,1,106,107,248,41,491,20,56
52,37,132,56,6,4,4,41,5,53,8,0,137,22,42,0,11,4,3848,1,21,1,2,48,71,0,46,122,23,29,1,135,104,67,92,59,1,4,1,0,15,6,3,17,0,0,4,23,1,448,16,46,1,5,51,2,132,8,8,0,7,0,0,26,31,52,17,1678,4,25
147,83,253,118,10,10,9,71,28,155,14,1,856,29,79,2,25,7,2899,4,37,2,3,134,130,0,98,123,33,73,2,210,127,154,126,134,1,10,6,1,58,8,10,25,1,2,19,28,3,736,24,90,5,22,39,3,204,10,14,0,11,0,1,84,88,183,46,1245,12,53
598,59,70,176,1,38,26,9,60,127,0,0,1464,4,331,1874,4,0,15,4,62,0,1,452,114,2,3,5,243,44,5,153,5,27,18,31,3,2,20,0,290,2,51,2,46,1,42,16,0,24,4,179,9,121,6,6,40,0,5,13,1,4,2,78,79,232,6,13,84,45
169,84,238,104,9,11,8,65,83,216,16,1,2832,18,55,5,29,5,1277,6,25,2,2,155,103,0,130,63,16,87,2,139,83,188,84,157,0,14,12,0,97,4,14,18,1,4,52,14,4,701,18,72,10,42,12,1,151,5,12,0,9,0,2,131,121,308,69,503,14,49
83,53,172,73,8,6,5,51,15,93,11,0,437,22,48,0,17,5,2762,2,23,1,2,76,85,0,72,102,21,46,1,143,102,103,94,89,1,6,3,0,31,6,5,19,0,1,10,20,2,564,17,57,3,11,32,2,147,8,10,0,8,0,0,49,53,105,30,1155,7,34
3,5,25,5,2,0,0,11,0,6,7,0,11,6,3,0,3,1,4277,0,2,0,0,3,8,0,22,55,1,4,0,18,48,15,24,12,0,1,0,0,1,1,0,5,0,0,0,3,0,213,4,4,0,0,14,0,30,4,1,0,2,0,0,3,3,5,4,1397,0,3
136,85,275,98,13,9,7,83,63,207,28,1,2206,24,46,1,34,8,2692,6,24,2,2,127,105,0,189,101,13,89,2,149,130,222,110,181,0,16,9,0,72,5,10,24,0,3,40,16,4,1059,22,66,8,30,18,1,188,9,15,0,12,0,1,122,115,271,82,984,10,49
575,69,91,188,1,37,26,13,63,147,0,0,1591,5,314,998,6,1,31,4,65,1,2,444,130,2,5,8,214,53,5,177,8,38,25,41,3,3,20,0,275,3,48,3,34,2,44,19,1,41,6,185,10,114,8,6,55,1,6,10,2,3,2,89,91,257,9,24,76,52
156,61,150,73,5,9,7,37,144,201,9,0,5268,8,35,14,20,3,328,6,15,1,1,141,63,0,87,21,8,71,2,74,34,139,38,115,0,12,18,0,119,2,15,9,1,4,85,6,3,373,9,48,12,59,3,1,78,2,8,1,4,0,4,134,111,339,58,128,14,34
616,73,95,196,1,39,28,14,76,162,0,0,1937,5,317,1167,6,1,29,5,66,1,2,476,133,2,5,8,207,57,5,178,8,41,25,45,3,4,23,0,308,3,53,3,37,2,52,19,1,42,6,190,11,129,8,6,55,1,7,11,2,3,2,99,99,289,10,23,82,54
41,31,112,49,5,4,3,35,3,39,6,0,74,21,40,0,9,4,4266,1,20,1,2,38,64,0,34,129,25,23,1,131,100,51,88,46,1,2,1,0,10,6,2,16,0,0,2,24,1,377,14,42,1,3,64,2,122,8,7,0,6,0,0,18,23,36,12,1920,3,22
128,62,179,108,6,10,8,47,12,96,5,0,324,24,98,2,14,4,2040,2,40,1,2,114,120,0,41,103,57,49,2,215,88,85,103,79,2,5,3,0,41,8,8,18,1,1,9,33,1,389,19,93,3,14,53,3,162,7,11,0,8,0,0,49,57,106,21,1017,11,44
397,122,270,239,6,29,23,58,45,218,3,0,1202,26,253,36,20,4,912,6,84,2,4,338,225,1,42,80,147,97,5,359,73,128,117,125,4,9,13,0,152,10,27,19,7,2,32,48,2,358,24,211,10,57,48,8,208,6,18,1,8,0,1,119,130,285,32,519,40,86
109,73,245,90,11,8,6,75,33,152,22,1,1071,27,48,1,28,7,3407,4,25,2,2,103,102,0,141,119,16,71,2,157,136,173,115,144,0,11,5,0,49,6,8,25,0,2,21,20,3,927,23,65,5,19,27,2,187,10,14,0,11,0,1,84,85,183,58,1300,8,44
650,96,140,226,2,41,29,22,103,219,0,0,2752,8,305,686,10,1,64,6,72,1,2,515,162,2,12,14,174,78,6,215,14,66,38,69,3,6,28,0,336,4,56,6,28,3,69,23,1,83,9,208,15,143,10,6,82,1,9,10,3,3,3,135,132,380,17,45,81,68
263,91,214,145,6,17,13,50,69,207,5,1,2112,16,110,22,20,4,642,6,41,2,2,229,133,1,58,49,45,84,4,188,55,133,76,121,1,10,14,1,132,5,21,14,3,3,46,21,3,375,16,113,10,55,17,3,141,4,13,1,7,0,2,123,120,299,41,312,25,58
130,42,93,53,3,7,5,21,124,145,4,0,4516,5,28,21,12,2,126,5,11,0,0,115,43,0,45,10,7,49,2,48,17,85,21,72,0,7,15,0,104,1,14,5,1,3,73,4,2,188,6,35,9,53,2,0,46,1,5,1,2,1,3,100,80,261,35,52,12,23
282,105,261,221,7,23,19,60,16,145,4,0,391,35,267,11,17,5,1968,4,93,2,5,243,233,1,34,137,201,74,4,434,104,103,154,102,6,6,6,1,81,14,16,23,4,1,12,72,2,382,28,209,5,27,110,10,246,9,18,0,10,0,0,72,88,161,22,1155,27,79
76,48,156,69,7,6,5,46,12,81,9,0,345,20,47,0,15,4,2588,2,23,1,2,70,80,0,60,97,22,41,1,138,94,89,88,78,1,5,3,0,27,5,5,17,0,1,8,20,2,491,16,54,3,10,34,2,136,7,9,0,7,0,0,42,47,90,25,1107,6,31
74,48,158,46,8,4,3,50,83,153,27,0,3257,11,16,1,25,5,1121,5,9,1,1,70,47,0,177,40,3,59,1,58,65,167,50,128,0,13,8,0,53,2,7,13,0,4,49,5,4,739,11,28,7,25,4,0,90,4,8,0,7,0,2,99,83,227,76,358,5,25
359,61,97,130,1,22,16,17,78,151,1,0,2213,5,147,265,7,1,56,5,38,1,1,291,96,1,11,10,72,53,4,123,11,52,26,52,1,5,18,0,201,2,32,4,12,2,51,12,1,73,6,113,10,88,6,3,55,1,6,5,2,2,2,95,90,263,14,35,42,42
355,22,21,80,0,22,14,2,30,50,0,0,710,1,196,4289,1,0,2,1,29,0,0,256,46,1,1,1,164,16,2,58,1,7,4,9,2,1,11,0,182,1,32,1,49,1,21,6,0,4,1,88,4,77,2,3,11,0,2,14,0,4,1,32,32,103,1,2,56,18
294,85,182,168,4,21,16,38,36,157,2,0,963,16,179,33,14,3,506,4,58,1,3,249,154,1,27,48,103,68,4,240,45,87,75,85,3,6,10,0,117,6,21,12,5,2,25,31,2,226,15,148,7,45,28,5,135,4,12,1,5,0,1,87,94,212,22,292,30,60
301,80,163,141,4,19,15,34,77,190,2,0,2291,11,123,57,15,2,259,5,40,1,2,256,119,1,33,27,52,73,4,161,31,97,51,91,1,7,16,0,160,4,25,9,5,3,50,17,2,210,12,114,11,68,11,3,101,2,10,2,4,1,2,116,111,296,29,138,31,52
375,79,141,158,2,24,18,26,75,182,1,0,2141,9,166,137,11,2,142,5,48,1,2,310,125,1,20,20,81,69,4,170,21,76,42,75,2,6,18,0,193,3,31,7,10,3,50,18,1,134,10,135,11,82,10,4,87,2,9,3,3,1,2,111,108,294,21,85,42,54
29,27,110,30,7,2,2,39,8,52,19,0,280,15,14,0,13,4,3570,1,8,1,1,28,38,0,90,83,5,26,0,63,93,81,62,64,0,5,1,0,12,3,2,14,0,1,5,8,2,610,11,21,2,4,16,0,93,7,6,0,6,0,0,28,29,56,28,1220,2,16
175,85,242,128,8,12,10,65,33,164,10,1,1000,26,93,4,23,5,1963,4,40,2,2,158,135,0,80,99,40,75,2,214,103,144,113,128,1,9,7,1,72,7,12,21,1,2,23,28,2,596,22,101,7,28,34,3,188,8,14,0,9,0,1,90,95,202,42,887,15,55
449,140,310,257,7,32,24,68,68,273,5,1,1914,27,246,43,25,5,929,7,84,2,4,385,237,1,56,81,127,117,5,361,79,161,123,154,4,12,17,1,191,10,33,21,7,4,47,45,3,437,26,219,13,75,40,7,224,6,20,2,9,0,2,154,161,374,43,505,45,95
610,86,123,236,2,42,31,19,48,159,0,0,1163,8,407,580,7,1,71,4,89,1,2,476,176,2,7,16,311,62,5,260,14,47,40,52,5,4,17,0,250,5,46,5,31,2,34,32,1,62,9,238,10,97,18,9,83,1,9,7,2,2,2,91,99,251,10,56,78,66
40,28,100,45,5,3,3,30,3,36,5,0,72,18,38,0,8,3,3321,1,18,1,2,37,58,0,29,107,24,21,1,118,83,46,76,41,1,2,1,0,10,6,2,13,0,0,2,22,1,317,12,39,1,3,54,2,107,7,6,0,5,0,0,17,22,34,11,1519,3,20
576,105,174,250,3,40,29,30,60,203,1,0,1549,12,348,265,11,2,167,6,89,1,3,464,199,2,15,27,227,81,6,294,25,75,59,78,5,6,19,1,245,6,44,9,20,2,42,36,1,124,13,237,11,96,23,9,118,2,12,5,4,2,2,117,123,309,18,115,68,77
117,13,61,231,24,5,1674,64,0,2,41,54,327,2,7,0,53,1,56,41,14,11,10,8,10,34,40,29,21,45,851,58,14,50,41,116,16,15,0,17,0,150,0,51,5,59,6,364,292,139,161,127,254,9,535,5,1,77,18,1,193,4,5,93,60,179,99,151,5,8
76,3,7,43,1,2,512,5,8,2,3,8,5214,0,1,25,10,0,0,37,1,1,0,5,1,7,7,0,1,16,369,3,0,12,1,28,0,7,1,1,1,3,0,2,9,93,59,8,86,8,8,18,444,36,1,0,0,1,2,13,10,74,32,99,39,265,43,0,5,1
152,8,24,173,5,7,1702,18,1,2,5,18,555,0,7,7,19,0,3,33,9,4,4,10,6,31,8,4,20,28,771,28,2,19,10,49,10,7,0,6,1,45,0,12,16,49,11,137,114,24,48,100,283,18,93,4,0,12,7,6,47,17,8,81,47,183,38,10,9,5
82,7,26,104,9,3,884,25,2,2,18,27,895,0,2,1,29,1,6,37,4,4,3,5,4,16,23,5,4,28,539,17,3,30,10,67,3,11,0,6,0,33,0,15,4,68,14,73,188,52,51,51,286,13,53,1,0,17,7,2,64,10,10,89,47,191,76,16,4,4
10,4,47,30,65,0,143,93,0,1,1567,106,916,0,0,0,114,3,312,36,0,10,1,0,0,1,578,30,0,29,180,7,29,110,26,181,0,34,0,10,0,34,0,63,0,104,8,32,825,849,113,8,168,1,55,0,0,128,8,0,294,0,7,77,36,130,483,353,0,1
39,9,70,132,52,1,701,103,0,1,199,77,108,4,2,0,73,3,473,24,8,16,11,3,7,15,105,94,7,34,422,50,43,63,73,133,10,15,0,23,0,209,0,102,0,37,1,383,377,399,242,67,113,2,1166,3,1,225,19,0,369,0,1,53,36,87,133,979,1,5
213,15,54,298,15,10,2609,47,1,3,17,44,733,1,11,4,45,1,14,57,17,9,9,14,12,50,24,13,31,53,1247,57,6,44,27,108,18,15,0,14,0,109,0,32,16,84,15,304,260,75,120,168,430,22,274,7,0,38,16,5,127,16,10,136,82,287,88,44,12,9
205,8,20,221,3,9,2410,13,1,2,1,12,288,0,14,21,12,0,2,25,15,3,4,13,8,45,3,3,58,23,856,37,1,12,9,33,19,4,0,5,1,52,0,9,37,30,7,205,65,12,41,147,226,19,140,7,0,8,7,10,33,20,5,62,39,143,19,7,14,6
220,8,18,186,3,9,2162,12,2,2,2,13,902,0,9,41,14,0,1,37,10,3,3,14,6,37,4,2,26,27,916,24,1,15,6,38,9,6,1,4,1,29,0,7,39,54,18,103,85,12,32,111,371,33,46,4,0,5,6,17,28,45,11,93,52,229,29,3,15,5
276,9,21,338,3,15,3792,12,0,1,1,9,95,1,34,32,9,0,2,18,30,3,7,17,12,77,1,5,242,21,1008,71,1,8,13,26,59,3,0,6,1,98,0,10,73,17,3,501,42,8,52,268,157,14,465,19,0,10,8,10,34,14,2,44,33,99,10,11,20,7
5,1,7,5,7,0,35,12,6,1,262,23,6517,0,0,0,29,0,3,26,0,1,0,0,0,0,166,0,0,10,64,0,1,34,1,52,0,17,0,1,0,1,0,4,0,126,38,1,298,99,9,1,194,4,0,0,0,5,1,0,27,2,25,64,20,135,250,3,0,0
191,9,26,284,5,10,2772,18,0,1,2,13,91,1,22,7,13,0,6,18,24,4,7,12,11,58,3,8,132,23,849,67,3,12,18,34,44,4,0,8,0,115,0,15,30,19,3,489,62,17,69,209,143,10,577,14,0,18,9,4,53,7,2,44,33,94,16,26,12,7
20,2,7,15,3,0,136,7,9,1,25,13,7282,0,0,1,17,0,0,34,0,1,0,1,0,2,32,0,0,13,158,1,0,20,1,37,0,11,1,1,0,2,0,2,1,118,57,2,158,25,8,5,324,15,0,0,0,2,1,2,15,18,33,85,29,207,105,1,1,1
19,4,30,30,27,0,185,47,5,2,500,69,4665,0,0,0,80,1,25,57,0,6,1,1,0,2,308,5,0,32,244,4,7,88,9,148,0,35,0,5,0,11,0,23,0,198,38,11,688,310,51,9,373,8,8,0,0,30,6,0,121,3,28,135,53,266,452,32,0,1
16,3,26,24,24,0,154,42,4,2,496,63,4372,0,0,0,73,1,24,52,0,4,0,1,0,2,297,4,0,28,208,3,6,80,8,134,0,32,0,4,0,10,0,20,0,182,36,10,635,289,45,7,332,6,6,0,0,27,4,0,108,3,25,121,46,237,424,28,0,1
267,13,36,329,7,13,3296,26,1,3,4,23,401,1,18,14,23,0,5,39,22,6,8,17,12,63,7,7,73,38,1244,61,3,23,19,61,28,8,0,10,1,97,0,19,36,49,10,351,126,28,81,213,327,23,288,11,1,20,12,9,70,20,7,95,62,211,37,20,17,9
240,8,19,313,3,13,3438,12,0,1,1,8,67,1,33,23,8,0,2,15,30,3,7,14,11,71,1,5,250,19,888,70,2,7,13,23,60,2,0,6,1,100,0,10,62,13,2,519,37,8,50,253,127,11,533,19,0,10,7,8,32,11,2,36,28,81,8,12,17,7
9,1,2,5,1,0,55,2,6,1,6,4,4957,0,0,1,6,0,0,15,0,0,0,1,0,1,10,0,0,5,65,0,0,7,0,13,0,4,0,0,0,0,0,1,0,56,36,1,56,7,2,2,162,9,0,0,0,0,0,1,4,14,20,39,12,100,39,0,0,0
61,6,27,76,11,2,612,28,3,2,41,34,1729,0,1,0,38,0,7,45,3,4,2,4,3,10,45,4,1,31,463,11,3,40,9,83,1,16,0,5,0,23,0,15,2,101,23,42,270,78,48,32,346,14,27,0,0,17,7,2,71,10,15,109,52,233,126,15,3,3
96,11,54,223,21,5,1557,57,0,2,28,42,122,2,8,0,40,1,78,26,16,11,11,7,11,34,26,38,32,34,694,69,15,36,46,87,24,10,0,17,0,191,0,52,4,33,3,509,202,116,165,134,152,5,1005,8,1,88,17,1,185,2,2,59,42,109,62,227,5,8
116,14,70,186,32,4,1355,79,3,4,117,84,1681,1,3,0,89,2,42,78,7,13,7,8,8,25,108,19,5,64,948,35,13,90,32,189,5,31,0,16,0,85,0,51,3,157,25,159,586,233,149,84,531,18,151,2,0,67,18,2,219,9,18,185,97,369,251,89,4,7
306,8,17,217,2,12,2816,9,3,3,1,10,1184,0,12,140,11,0,0,40,11,2,3,19,6,46,3,1,37,28,1109,24,1,12,5,34,11,5,1,4,2,25,0,5,79,58,24,99,72,7,26,134,456,49,35,5,0,4,5,35,21,88,14,105,57,272,24,1,22,5
15,2,12,17,8,0,121,17,5,2,118,27,4846,0,0,0,33,0,3,37,0,2,0,1,0,2,99,1,0,17,156,2,2,38,3,66,0,17,0,2,0,4,0,7,0,131,39,4,299,87,18,5,283,8,2,0,0,7,2,0,39,6,25,89,32,192,201,5,0,1
109,15,72,194,35,4,1365,83,2,3,113,82,1086,2,3,0,86,2,58,67,8,14,8,7,8,26,99,24,6,61,903,40,15,85,38,180,6,27,0,18,0,106,0,57,2,126,17,203,538,241,165,90,433,14,228,2,0,82,19,1,238,6,13,157,87,305,220,128,4,7
36,8,56,122,37,2,668,78,0,1,110,55,64,3,3,0,51,2,355,18,8,12,10,2,7,15,62,79,10,26,364,50,33,44,61,96,12,10,0,19,0,198,0,80,0,25,1,399,256,265,199,66,83,1,1281,3,1,178,16,0,282,0,1,39,28,63,84,800,1,5
16,3,17,20,13,0,141,25,5,2,202,38,4100,0,0,0,46,1,8,41,0,3,1,1,1,2,147,2,0,21,180,2,3,51,4,87,0,22,0,3,0,6,0,11,0,141,34,7,397,141,27,6,292,7,4,0,0,13,3,0,61,4,23,98,37,203,260,11,0,1
240,8,17,185,2,9,2251,11,2,2,1,12,1158,0,9,65,13,0,0,39,9,2,3,15,5,37,4,1,25,27,961,22,1,14,5,37,8,6,1,4,1,25,0,6,48,59,22,89,83,10,28,110,420,40,34,4,0,4,5,22,24,62,14,102,55,255,28,2,17,5
3,0,2,2,2,0,17,3,7,1,61,8,7903,0,0,0,10,0,0,15,0,0,0,0,0,0,52,0,0,5,32,0,0,13,0,20,0,8,0,0,0,0,0,1,0,82,41,0,118,24,2,0,136,4,0,0,0,1,0,0,7,4,24,39,11,90,108,0,0,0
177,6,13,131,2,7,1586,8,3,2,1,10,1236,0,6,50,11,0,0,34,6,2,2,11,4,26,4,1,14,22,728,14,1,12,4,31,5,5,1,3,1,16,0,4,33,55,22,55,72,8,20,74,367,34,19,2,0,3,4,18,18,55,13,88,45,222,26,1,12,4
68,7,34,182,12,4,1272,34,0,1,10,22,28,2,10,0,20,1,64,12,16,7,10,5,9,30,9,35,56,19,456,69,11,17,38,44,34,4,0,13,0,194,0,36,4,12,1,624,88,56,121,124,65,2,1640,10,1,66,12,0,118,1,1,26,22,47,23,221,3,6
178,16,63,332,19,9,2614,59,0,3,21,47,261,2,14,1,45,1,41,41,23,11,12,12,15,54,24,29,52,48,1120,85,12,42,45,105,31,12,0,19,0,195,0,49,11,52,6,569,236,98,171,202,268,12,820,11,1,70,20,2,177,6,5,95,65,186,72,129,9,10
253,17,56,337,15,11,3036,47,1,4,15,44,840,1,13,6,46,1,12,62,19,9,9,16,13,57,23,12,37,57,1419,62,6,46,28,112,20,16,0,15,1,114,0,32,21,91,17,328,266,72,123,192,488,27,279,8,0,37,17,7,127,20,12,151,91,323,90,40,14,10
25,4,23,39,15,0,264,30,2,1,114,38,1420,0,0,0,42,0,15,34,1,4,1,1,1,4,88,5,0,23,250,6,5,45,9,84,0,16,0,5,0,16,0,17,0,89,16,23,316,130,44,15,229,6,18,0,0,22,5,0,81,3,11,80,37,160,166,26,0,1
230,10,25,177,5,8,1985,18,6,4,6,22,3254,0,5,36,25,0,1,68,7,3,3,15,5,32,12,2,10,41,1092,19,1,28,7,68,5,13,2,5,2,24,0,9,28,127,50,66,178,24,38,90,703,54,23,2,0,7,7,21,39,79,30,174,84,433,72,3,14,5
57,5,23,63,9,2,523,23,4,3,40,31,2870,0,1,1,36,0,4,50,2,4,1,4,2,8,47,2,1,30,433,8,2,39,7,80,1,17,0,4,0,15,0,12,2,123,34,26,275,67,37,25,407,17,13,0,0,12,5,2,56,14,22,122,54,270,139,8,3,3
2,0,1,1,1,0,10,2,6,0,28,4,6334,0,0,0,5,0,0,10,0,0,0,0,0,0,26,0,0,3,20,0,0,7,0,11,0,4,0,0,0,0,0,0,0,53,31,0,66,11,1,0,92,3,0,0,0,0,0,0,3,3,18,25,7,60,61,0,0,0
168,10,33,315,7,10,2764,25,0,1,3,17,53,2,25,3,16,1,16,17,30,6,10,11,14,61,4,18,166,24,827,92,5,14,29,40,62,4,0,12,0,186,0,24,21,16,2,773,72,27,101,237,114,7,1294,18,1,34,12,2,80,4,1,39,31,78,17,69,10,8
54,7,33,100,15,2,710,37,0,2,39,35,349,1,2,0,36,1,28,28,5,6,4,4,4,14,35,12,5,27,429,22,7,34,19,75,4,11,0,9,0,58,0,27,2,47,6,120,211,97,79,49,175,6,149,2,0,39,9,0,108,3,4,64,37,123,81,66,2,4
2,0,3,2,4,0,12,6,7,0,233,13,8043,0,0,0,17,0,1,17,0,0,0,0,0,0,140,0,0,5,28,0,0,21,0,30,0,12,0,0,0,0,0,2,0,99,38,0,199,60,3,0,129,2,0,0,0,2,0,0,12,2,23,41,11,89,198,1,0,0
117,6,18,88,4,4,933,14,7,3,9,20,4347,0,2,12,23,0,1,58,3,3,2,8,3,14,17,1,2,31,642,8,1,27,4,59,1,13,1,3,1,12,0,6,9,130,55,26,180,25,25,39,585,39,8,1,0,5,5,11,31,53,33,147,64,364,84,2,6,3
242,4,7,139,1,9,2085,3,2,1,0,4,708,0,10,354,4,0,0,22,8,1,1,14,3,33,1,0,36,14,717,13,0,5,2,14,8,2,1,2,1,11,0,2,106,29,15,53,27,2,10,92,279,40,14,3,0,1,2,43,7,98,9,58,31,160,8,0,20,3
252,16,54,316,14,11,2899,45,2,4,16,44,1088,1,11,7,46,1,10,67,17,9,8,17,12,53,24,10,30,58,1412,55,5,47,24,113,16,16,0,13,1,97,0,29,20,103,21,271,277,69,112,176,539,30,207,6,0,32,16,8,118,24,15,163,95,355,97,31,14,10
60,5,17,56,6,2,509,16,5,2,20,22,3016,0,1,2,26,0,2,44,2,3,1,4,2,8,28,1,1,25,403,6,1,29,4,60,1,13,1,3,0,10,0,7,3,108,35,20,199,39,25,23,392,19,8,0,0,7,4,3,37,20,22,110,48,254,100,4,3,2
124,7,24,110,6,4,1086,20,5,3,13,26,3246,0,2,7,29,0,2,60,4,4,2,8,3,17,22,2,3,35,722,12,1,32,6,73,2,14,1,5,1,19,0,9,9,128,44,42,216,37,36,50,562,33,17,1,0,8,6,8,45,38,27,151,69,357,97,4,7,4
52,10,72,101,54,1,617,103,3,3,483,119,2238,0,0,0,130,3,101,77,3,14,4,3,4,10,306,23,0,59,585,19,21,130,32,241,0,44,0,15,0,61,0,63,0,195,26,81,915,508,152,37,462,10,88,0,0,98,15,0,294,3,19,178,86,335,469,159,1,4
96,10,49,142,21,3,1085,53,2,3,66,57,1432,1,2,0,61,1,21,61,6,9,5,6,6,19,68,11,4,48,744,25,7,62,21,132,4,22,0,11,0,57,0,33,3,120,21,111,404,142,99,65,427,16,93,1,0,41,13,2,141,9,15,143,74,293,173,48,4,5
137,10,36,167,11,6,1483,32,2,3,18,35,1198,1,5,3,37,1,7,52,7,6,4,9,6,26,25,6,9,40,844,27,4,38,15,88,6,14,0,8,0,49,0,19,9,92,20,118,237,60,70,85,417,21,81,3,0,21,10,5,83,17,14,126,68,275,92,19,7,6
299,10,22,282,3,13,3312,13,1,2,1,12,448,0,19,56,13,0,1,32,18,3,5,18,9,60,3,3,80,28,1145,43,1,13,9,37,23,5,1,6,1,53,0,8,68,39,11,222,71,11,43,190,317,30,126,9,0,7,8,18,32,38,7,82,51,196,21,5,21,7
81,8,38,207,13,5,1473,37,0,1,10,24,36,2,11,0,22,1,64,14,18,8,10,5,11,34,10,36,63,22,530,76,11,19,41,49,37,5,0,14,0,208,0,39,5,14,1,672,100,61,132,141,78,3,1675,11,1,69,13,1,128,1,1,31,25,56,26,220,4,6
225,10,26,226,5,10,2407,18,2,3,3,18,755,0,10,21,19,0,2,41,13,4,4,14,8,43,7,3,32,33,1027,33,2,20,10,52,13,8,1,6,1,47,0,11,32,58,16,158,115,20,49,135,375,28,91,5,0,10,8,12,44,32,10,101,59,237,38,7,14,6
1,10,11,49,1,36,11,246,1,56,25,193,1,34,4,51,58,2426,228,9,24,306,5,7,178,157,2,8,144,48,85,10,6,20,2,16,92,7,165,0,70,77,1,490,1,132,0,91,361,7,39,10,808,3,67,262,25,6,31,2,7,15,1,13,30,44,13,24,11,13
2,4,2,20,0,29,8,28,8,39,1,33,10,2,2,3835,11,191,1,8,6,41,1,8,43,79,0,0,43,21,58,1,0,5,0,4,14,3,483,0,174,5,3,32,4,134,3,8,91,0,4,4,1169,13,1,57,2,0,6,30,1,204,4,13,21,56,4,0,17,4
3,9,7,55,0,58,17,107,3,59,4,95,3,13,6,916,30,848,22,10,26,153,3,13,155,209,1,2,238,42,109,7,1,11,1,10,91,5,331,0,155,38,3,176,4,137,1,58,194,2,18,12,1150,9,22,284,12,2,19,15,3,74,2,15,32,59,7,3,25,13
2,8,8,41,0,37,11,145,3,61,12,133,4,15,3,234,43,1277,47,11,17,187,3,8,126,139,1,3,96,45,88,5,2,16,1,13,52,7,293,0,112,35,2,237,1,169,1,43,289,3,21,8,1129,7,18,168,13,2,21,7,4,44,2,16,32,59,11,5,14,11
0,3,8,9,2,4,1,299,0,31,299,266,1,28,0,0,83,4046,1070,5,2,273,1,0,46,22,14,10,4,28,21,1,11,28,1,18,7,10,58,0,13,30,0,579,0,127,0,18,588,23,30,1,388,0,19,26,17,10,18,0,10,1,0,7,15,23,30,63,0,4
0,4,7,15,1,8,2,209,0,20,62,148,0,32,0,0,43,2572,854,3,7,222,3,1,71,41,3,13,28,21,24,4,9,14,2,10,31,4,31,0,11,54,0,493,0,49,0,48,256,10,30,2,215,0,68,80,18,9,18,0,8,1,0,4,10,13,9,71,1,5
2,9,8,52,1,47,14,146,2,57,8,124,2,18,5,297,38,1256,53,10,24,197,4,10,161,183,1,3,190,44,98,8,2,14,1,12,89,6,252,0,113,48,2,257,2,134,1,67,245,3,24,11,998,6,32,268,15,2,23,7,4,40,1,14,31,52,8,6,18,13
5,11,7,80,0,93,27,102,3,65,2,87,3,14,12,2667,27,754,16,11,42,158,4,20,216,334,0,2,570,47,149,11,1,10,1,9,169,4,401,0,219,49,5,172,9,131,1,88,169,1,20,19,1311,12,32,510,13,1,22,27,3,115,2,17,36,66,5,2,42,17
2,4,2,27,0,35,10,32,2,28,1,31,2,4,4,2030,10,228,3,5,13,50,1,8,68,116,0,0,149,18,59,3,0,4,0,3,43,2,226,0,112,12,2,48,4,65,1,21,66,0,6,6,654,7,6,142,4,0,7,17,1,79,1,8,16,32,2,0,18,6
3,7,5,63,0,72,21,63,1,36,1,48,1,11,12,1913,15,456,12,6,38,102,3,14,173,275,0,1,754,28,101,9,1,5,1,5,192,2,194,0,127,43,3,117,8,59,0,90,84,1,14,16,663,7,38,530,10,1,15,17,2,58,1,9,21,33,2,2,31,12
0,5,6,13,1,10,2,200,11,76,124,246,21,10,0,21,85,2140,81,16,2,200,0,2,46,35,10,1,3,47,47,1,2,33,0,22,4,17,385,0,75,11,0,259,0,427,4,7,739,10,17,1,1560,5,2,21,8,2,16,1,4,31,5,24,35,85,43,4,3,5
2,7,5,48,0,47,15,78,1,32,2,59,1,13,8,454,18,625,27,5,28,117,3,9,146,192,0,2,413,26,76,8,1,6,1,6,138,2,134,0,80,45,2,153,3,55,0,81,102,1,16,12,524,4,44,375,11,2,16,7,2,27,1,7,18,27,3,4,18,10
1,6,5,24,0,27,7,100,16,81,14,125,24,6,1,576,43,841,11,17,6,123,1,8,63,78,2,0,19,46,78,2,0,18,0,13,11,10,703,0,184,11,3,119,1,366,6,10,365,2,11,4,2112,14,2,50,6,0,13,15,2,143,8,27,41,107,18,0,12,7
0,6,10,19,1,13,3,270,5,72,131,286,9,19,0,13,94,2988,201,14,5,277,1,3,72,51,10,3,9,51,53,2,4,35,1,24,11,15,267,0,62,25,0,411,0,319,1,17,737,14,26,2,1242,3,9,43,15,4,21,1,7,17,3,20,34,68,38,13,3,6
0,6,8,18,1,12,3,255,5,66,132,271,8,18,0,10,89,2843,195,13,4,259,1,2,65,45,9,3,7,47,48,2,4,34,0,22,9,15,246,0,56,22,0,388,0,302,1,16,704,13,24,2,1153,3,7,38,14,4,20,1,6,16,3,19,31,64,37,13,3,6
3,9,7,63,0,67,20,106,2,54,3,88,2,15,9,993,27,833,24,9,33,157,4,14,181,249,0,2,382,41,114,9,1,10,1,9,133,4,282,0,147,47,3,186,5,111,1,79,169,1,20,14,1006,8,33,392,13,2,21,14,3,64,1,14,30,52,6,3,27,14
4,9,6,76,0,86,26,81,1,42,1,60,1,14,15,1861,18,590,17,6,48,130,4,16,216,334,0,2,957,34,119,12,1,6,1,6,249,3,213,0,142,57,4,153,9,67,1,119,103,1,18,20,751,7,55,674,13,1,19,18,2,60,1,10,24,38,3,3,36,15
2,5,3,20,0,24,7,62,18,70,7,83,29,3,1,1207,29,488,4,15,5,79,1,7,47,66,1,0,16,36,68,1,0,12,0,10,8,7,772,0,201,6,3,68,2,328,7,7,256,1,7,3,2047,16,1,37,4,0,9,22,1,208,8,24,35,100,13,0,13,5
1,9,9,41,1,36,10,194,5,80,24,190,7,18,2,182,61,1780,66,14,15,239,2,9,130,133,2,3,64,57,97,5,2,23,1,18,41,10,386,0,130,36,2,303,1,255,2,39,437,5,25,7,1507,8,15,140,15,3,25,7,5,52,3,22,41,80,18,6,14,12
1,10,12,50,2,34,11,262,1,48,26,191,1,42,4,30,56,2655,349,7,27,325,6,6,192,159,2,12,181,45,79,11,7,19,3,15,117,6,118,1,54,97,1,566,0,101,0,118,331,7,44,10,628,2,108,312,28,9,32,2,9,10,1,11,26,35,11,38,10,14
1,12,13,49,2,38,11,294,3,84,43,263,4,31,3,78,83,2890,186,14,19,350,4,8,171,152,4,7,83,66,103,8,5,30,2,23,60,12,308,0,107,61,2,512,0,248,1,63,562,8,40,8,1379,6,35,190,24,6,34,4,8,30,2,22,44,75,23,17,12,14
2,3,2,24,0,36,10,20,2,24,0,20,2,2,4,4748,6,131,1,4,11,33,1,8,56,110,0,0,161,15,54,2,0,3,0,2,38,1,234,0,122,8,3,28,6,53,1,16,43,0,4,6,605,8,3,129,2,0,5,25,0,111,1,7,13,29,1,0,20,5
0,7,8,23,1,19,5,195,10,84,59,224,16,12,0,72,75,1928,63,16,6,215,1,5,73,66,6,2,13,54,69,2,2,29,0,21,12,15,453,0,109,18,1,267,0,383,3,15,615,7,19,3,1741,7,4,48,11,2,19,4,4,49,5,26,41,93,32,4,7,8
1,7,8,30,1,22,7,189,2,47,29,163,2,22,2,32,51,1908,152,8,12,224,3,5,107,91,3,5,54,39,60,5,4,18,2,14,40,7,154,0,55,42,1,346,0,133,1,44,335,6,26,5,730,3,28,124,16,4,22,2,6,14,1,12,25,40,13,14,7,9
0,6,11,26,3,13,4,316,0,31,77,217,0,52,1,1,63,3809,1256,4,13,343,4,3,122,72,4,21,58,32,40,8,13,20,4,15,59,6,48,0,18,92,0,759,0,70,0,88,365,14,48,4,325,1,126,151,30,14,28,0,11,1,0,6,16,19,13,110,3,9
0,6,8,21,1,15,4,216,7,74,79,237,12,14,0,32,79,2246,103,14,5,231,1,4,70,57,7,3,11,49,58,2,3,30,0,21,12,13,333,0,80,21,1,312,0,329,3,16,628,9,22,3,1401,4,5,45,12,3,20,2,5,29,4,22,36,76,32,7,4,7
2,4,3,32,0,43,12,33,3,33,1,32,3,4,5,3589,10,226,2,6,14,52,1,10,76,137,0,0,174,21,70,3,0,4,0,4,47,2,296,0,147,12,3,48,6,78,1,22,71,0,6,7,814,9,5,159,4,0,8,25,1,118,2,9,18,39,2,0,23,6
0,4,5,12,0,11,3,111,20,73,47,154,35,5,0,95,55,1064,18,16,2,119,0,3,34,33,5,0,3,40,46,1,1,23,0,15,3,13,568,0,108,6,1,124,0,447,7,4,509,5,9,1,1863,9,1,16,5,1,10,5,2,75,9,25,35,97,31,1,5,4
3,5,3,37,0,51,14,40,4,42,1,40,5,4,5,4515,13,273,3,8,16,63,1,12,87,157,0,0,178,26,85,4,0,5,0,5,50,3,394,0,187,14,4,56,7,105,2,24,91,0,7,8,1062,12,5,171,4,0,9,32,1,159,2,12,23,51,3,0,27,8
0,5,6,28,1,18,6,127,0,20,10,85,0,24,3,13,25,1289,215,3,17,163,3,3,110,91,1,7,147,20,39,7,4,8,2,7,87,2,43,0,23,62,0,301,0,36,0,83,134,3,24,6,243,1,91,216,16,5,17,1,4,3,0,4,11,14,4,25,5,7
2,12,12,69,1,55,17,250,1,65,17,192,2,38,7,128,58,2322,182,10,36,328,6,11,241,236,2,9,289,57,115,13,5,20,3,17,153,8,209,1,99,96,2,500,1,138,1,129,345,5,43,15,966,5,90,424,28,6,36,4,8,24,1,16,36,52,11,22,18,18
3,11,9,62,0,59,17,159,3,67,8,136,3,20,7,462,42,1341,50,11,29,218,4,13,188,225,1,3,242,51,118,9,2,15,2,13,107,7,314,0,143,54,3,276,3,157,1,77,271,3,26,13,1206,8,35,325,17,3,26,10,4,54,2,17,36,63,9,6,22,15
0,7,8,25,1,18,5,219,3,62,56,214,5,19,1,28,68,2271,145,11,8,244,2,5,89,72,5,4,23,46,60,3,4,25,1,18,21,11,232,0,66,31,1,357,0,223,1,27,501,8,26,4,1048,4,14,74,15,4,22,2,6,20,2,17,31,57,23,11,5,8
2,5,3,31,0,40,11,47,5,44,1,49,5,4,3,2247,16,341,4,8,12,70,1,10,77,125,0,0,105,27,76,3,0,6,0,6,35,3,384,0,162,13,3,65,4,122,2,20,115,1,7,6,1086,11,4,125,5,0,9,22,1,127,2,13,24,53,4,0,21,7
2,9,9,40,1,38,11,176,8,87,21,182,11,14,2,284,60,1571,44,16,14,218,3,9,119,130,3,2,54,58,101,4,2,23,1,18,34,11,491,0,157,29,3,258,1,300,3,31,444,4,22,7,1784,10,10,121,13,2,23,9,4,74,4,25,44,93,19,4,15,11
1,6,6,18,0,18,4,141,35,111,52,202,66,5,0,246,73,1298,16,25,4,154,0,5,48,52,6,0,4,58,72,1,1,31,0,21,4,18,1002,0,191,7,2,151,0,699,12,5,693,5,11,2,3057,16,0,23,6,1,14,11,3,155,16,39,53,157,43,0,8,6
2,10,8,67,1,58,18,145,1,42,5,102,1,27,10,226,30,1246,89,6,42,208,5,11,223,253,1,6,561,37,97,13,3,10,2,9,218,4,135,0,80,88,2,309,3,70,0,146,166,2,30,16,603,4,105,561,20,4,26,5,4,20,1,9,23,32,5,13,19,15
1,9,10,39,1,28,9,227,1,55,30,189,2,28,2,41,58,2265,191,9,17,273,3,6,139,120,2,6,83,45,74,7,5,20,2,16,59,8,173,0,66,56,1,426,0,145,1,62,376,7,33,7,826,3,41,176,20,5,27,2,7,16,1,13,28,45,15,19,9,11
0,6,7,13,1,10,1,242,23,104,203,327,45,10,0,26,116,2619,80,23,1,235,0,3,46,35,17,0,1,61,55,0,1,46,0,29,3,25,607,0,101,10,0,288,0,697,7,6,1076,13,17,0,2346,7,0,16,9,1,17,1,4,49,10,35,48,126,70,3,3,6
3,9,6,46,0,56,15,93,10,84,5,101,13,7,4,2371,34,703,8,16,16,130,2,14,115,172,1,1,99,50,121,4,1,13,0,12,40,7,728,0,266,19,5,123,4,268,4,26,256,1,13,9,2093,18,5,150,8,1,16,32,2,208,5,25,44,104,11,1,28,11
1,1,1,11,0,18,5,5,1,9,0,5,1,1,2,7114,2,31,0,2,5,9,0,4,22,53,0,0,97,5,24,1,0,1,0,1,17,0,115,0,67,3,1,7,5,19,0,6,12,0,1,3,259,4,1,60,1,0,2,20,0,82,1,3,5,12,0,0,12,2
2,6,5,36,0,35,11,90,2,42,4,79,2,11,4,332,25,753,25,7,17,124,2,8,108,131,0,2,132,31,71,5,1,9,1,8,58,4,207,0,92,29,2,153,2,100,1,41,162,2,15,7,771,5,17,180,9,1,15,7,2,38,1,11,22,40,6,3,14,9
2,11,9,49,1,52,14,167,11,104,15,178,14,13,3,746,59,1401,28,20,17,215,2,13,139,169,2,1,77,66,129,5,1,23,1,18,41,11,699,0,231,29,4,233,2,355,4,33,443,4,21,8,2318,16,9,151,13,2,24,18,4,134,6,31,54,119,19,2,22,13
3,10,7,53,0,60,17,127,9,91,7,132,12,11,5,1435,43,1002,16,17,20,173,2,15,141,192,1,1,117,58,131,5,1,17,1,14,52,9,666,0,247,27,5,178,4,280,4,36,317,2,18,10,2089,16,9,185,11,1,21,24,3,158,5,27,48,105,13,2,28,13
0,8,11,27,2,17,5,320,2,65,110,295,4,31,0,10,94,3569,368,11,9,341,3,3,105,73,8,7,23,52,60,4,7,34,2,23,25,13,191,0,54,45,0,563,0,229,0,37,658,14,37,4,980,2,24,83,21,7,27,0,9,11,1,17,33,55,29,27,4,9
1,9,10,41,1,34,10,214,3,70,27,195,4,22,2,98,62,2033,108,12,17,260,3,7,138,131,2,4,74,53,88,6,4,22,1,17,49,9,280,0,99,45,1,361,1,205,1,49,421,6,29,7,1193,6,25,159,18,4,26,4,6,31,2,18,36,64,17,10,12,12
2,10,9,53,0,51,15,160,4,74,11,147,5,17,4,428,46,1365,44,13,22,213,4,12,159,186,1,3,145,53,113,7,2,17,1,14,71,7,376,0,151,42,3,260,2,197,2,55,315,3,24,10,1398,9,22,230,15,2,25,11,4,64,3,20,39,73,12,5,20,14
4,7,4,56,0,71,20,57,2,45,1,50,2,7,9,3617,16,400,6,7,29,91,2,15,143,244,0,1,437,31,108,7,1,6,1,6,115,3,323,0,181,28,4,92,9,90,1,54,99,1,11,13,974,10,16,354,7,1,14,28,1,114,2,12,25,48,3,1,35,11
2,12,14,69,2,47,15,305,0,51,22,206,1,57,7,39,59,3057,472,8,41,393,8,8,270,228,2,17,370,51,97,17,9,19,4,17,214,6,114,1,59,149,1,711,1,93,0,200,329,8,58,15,627,2,209,533,37,11,41,2,10,9,0,11,28,35,10,56,13,18
4,10,6,65,0,75,22,98,4,66,3,88,4,12,8,2156,28,732,14,11,31,146,3,17,173,261,0,1,329,46,132,8,1,11,1,10,109,5,432,0,211,37,4,155,7,150,2,61,183,1,17,14,1384,12,20,345,11,1,20,25,2,119,2,18,36,69,6,2,34,14
39,11,19,1,133,58,9,12,340,51,99,17,32,113,14,0,33,14,0,98,203,24,20,279,351,2,161,113,15,67,43,457,27,14,136,117,79,51,206,551,15,160,64,242,56,5,45,447,86,60,97,8,161,48,102,93,8,548,0,69,956,22,88,4,10,4,2,71,22,4
57,6,5,1,18,62,9,2,1579,46,7,5,173,12,10,73,10,2,0,104,87,5,4,370,133,1,27,5,8,40,40,118,2,5,16,44,21,27,659,112,46,20,146,28,264,7,188,69,32,6,16,5,278,180,4,33,1,34,0,709,131,272,277,5,9,7,1,1,42,2
73,11,13,1,56,98,15,6,667,58,22,10,63,53,25,17,20,6,0,115,238,14,14,485,344,3,58,34,27,65,60,397,8,10,68,82,87,39,416,343,35,94,138,108,232,6,88,331,55,20,55,11,241,115,42,111,5,181,0,325,443,97,151,5,12,6,1,12,49,4
48,10,14,1,79,64,10,8,691,57,52,13,71,59,13,4,26,8,0,116,159,16,13,332,273,1,109,43,12,64,47,309,12,13,74,97,51,48,352,360,25,86,93,133,97,6,88,248,73,34,60,7,223,85,35,67,5,244,0,165,560,58,156,5,11,6,1,19,29,4
5,4,12,0,189,7,0,11,202,25,669,19,25,77,0,0,36,19,4,53,30,18,7,46,90,0,550,118,0,33,11,109,40,16,89,103,7,53,65,325,2,60,9,229,1,4,25,95,105,141,63,0,67,9,29,9,4,677,0,4,984,1,51,1,4,1,2,136,1,0
13,7,18,0,217,22,3,15,126,30,325,21,12,157,5,0,38,23,5,59,110,27,18,105,233,0,320,245,4,47,21,338,60,16,182,116,44,48,70,588,4,172,20,361,8,2,16,378,94,127,116,3,74,13,152,48,9,1105,0,9,1392,2,37,1,5,1,2,270,5,2
76,14,20,1,103,105,17,11,689,73,52,17,66,92,26,8,33,12,0,144,293,24,22,515,455,3,114,71,29,87,70,548,18,15,116,124,109,57,422,541,34,151,136,194,176,8,92,484,87,41,90,13,273,109,77,135,8,364,0,238,784,73,164,6,14,7,2,31,47,5
66,8,9,1,30,90,14,4,411,39,8,6,36,35,27,27,12,4,0,76,222,9,11,429,281,3,25,21,36,44,48,333,5,5,45,48,91,22,304,230,30,72,121,65,292,4,56,290,30,10,36,10,167,93,35,112,3,103,0,341,259,89,95,4,8,4,1,6,48,3
101,11,11,1,35,127,19,4,935,61,9,7,88,35,32,70,15,4,0,123,258,11,12,644,336,4,33,18,37,63,70,364,4,7,46,66,91,32,596,263,54,70,204,70,491,6,123,280,42,11,40,13,294,181,26,122,3,98,0,728,289,208,196,6,13,7,1,4,75,4
86,10,10,2,33,124,19,4,305,40,6,6,25,47,45,34,12,4,0,74,350,11,16,543,395,4,20,29,77,48,59,510,6,5,60,50,171,20,282,291,32,111,141,80,435,3,43,500,29,10,46,15,160,93,71,197,4,132,0,382,304,84,75,3,9,4,1,9,64,4
13,4,10,0,99,15,1,7,1354,48,270,15,190,32,1,0,33,9,0,115,29,12,4,105,84,0,378,25,0,48,18,75,11,16,38,109,4,73,311,210,12,25,35,103,10,10,149,43,115,64,35,1,207,51,4,8,2,197,0,46,505,29,259,4,9,4,4,13,7,0
83,13,16,2,64,124,20,7,346,52,18,11,29,82,43,13,20,8,0,96,390,18,23,547,494,4,47,60,66,65,67,655,12,9,103,80,186,33,294,457,30,167,133,147,287,4,49,662,48,22,76,17,188,88,115,211,7,272,0,262,556,63,89,4,11,5,1,24,57,5
44,8,10,0,57,49,7,5,2454,73,58,12,307,26,5,11,26,5,0,169,74,11,6,311,155,1,140,14,2,66,43,135,5,14,34,100,15,65,746,215,39,31,117,73,89,13,280,76,87,27,33,4,380,161,5,24,2,107,0,321,351,163,440,8,14,9,2,4,27,2
15,6,12,0,138,20,2,10,815,48,310,19,104,56,1,0,38,14,0,110,49,17,7,123,130,0,400,53,0,54,22,132,20,19,67,126,10,74,241,317,10,49,36,164,11,9,95,93,122,86,56,1,180,42,14,15,4,354,0,36,752,20,175,4,9,4,4,35,7,1
26,9,22,0,243,33,4,17,1421,82,568,33,182,95,2,0,67,24,0,189,80,30,13,206,217,0,724,91,0,93,39,221,35,33,115,219,17,130,412,547,17,82,59,286,17,15,165,154,217,154,95,2,310,72,24,24,7,620,0,59,1312,33,304,7,15,7,7,61,11,2
87,12,15,2,60,122,19,7,563,60,20,11,50,65,35,20,21,7,0,116,324,17,19,574,435,4,53,44,46,70,70,530,10,10,84,85,133,38,404,407,38,127,155,126,304,6,76,476,54,21,65,15,239,117,67,162,6,216,0,355,501,96,134,5,12,6,1,16,60,5
85,10,11,2,36,125,20,5,282,41,7,7,23,52,47,29,12,4,0,74,372,12,17,544,419,4,22,34,83,50,60,553,7,6,67,52,187,21,268,315,31,124,137,89,416,3,40,557,30,11,50,16,156,88,84,211,5,150,0,348,334,76,71,3,9,4,0,11,63,5
38,6,6,0,30,39,6,3,2388,54,27,7,302,13,4,19,16,3,0,129,52,6,4,258,103,0,75,6,2,46,33,84,2,8,18,64,10,43,697,126,36,17,106,39,96,11,268,44,55,13,18,3,319,157,2,17,1,50,0,380,190,195,401,6,11,8,2,1,24,1
47,11,16,0,104,61,9,10,996,69,92,17,109,66,11,3,35,11,0,147,144,19,14,335,275,1,178,49,8,76,49,296,15,16,82,127,41,67,433,410,27,85,98,160,78,9,124,223,101,48,68,7,277,98,30,56,5,297,0,161,695,65,218,6,14,7,2,22,27,3
40,12,23,1,165,64,10,15,264,51,118,20,24,154,19,0,37,19,1,96,255,30,27,292,431,2,179,172,22,72,47,600,38,17,185,130,111,53,178,693,14,224,62,318,54,4,36,639,92,76,126,10,150,42,175,123,10,775,0,57,1216,17,73,4,10,3,2,121,23,4
39,11,18,0,137,53,8,12,644,61,134,19,68,91,10,0,39,14,0,127,152,24,16,282,296,1,220,82,8,74,44,344,24,18,111,135,47,67,303,497,19,114,73,217,51,8,82,289,108,67,86,6,219,66,51,61,6,453,0,91,908,35,152,5,12,5,2,46,22,3
64,6,5,1,13,79,12,2,574,32,3,3,53,14,20,91,6,2,0,65,144,5,6,403,174,2,11,6,25,31,40,181,2,3,19,29,51,15,379,114,36,31,135,27,423,3,75,134,18,4,17,7,169,123,10,69,1,34,0,633,112,173,116,3,7,4,0,1,51,2
23,6,11,0,94,28,4,7,1330,57,156,15,170,38,3,0,32,9,0,131,56,14,6,179,134,0,260,29,1,58,29,127,11,16,48,113,11,70,390,263,18,38,58,114,26,10,154,81,106,53,43,2,248,74,8,17,3,208,0,90,535,48,263,5,10,6,3,14,12,1
32,10,17,0,129,44,7,11,456,51,127,17,47,89,9,0,34,13,0,103,138,21,15,230,266,1,198,86,8,63,37,322,24,15,109,118,46,56,225,462,14,112,57,210,38,6,59,284,93,63,82,6,170,49,57,57,6,459,0,63,862,23,111,4,10,4,2,53,17,3
11,5,14,0,155,18,3,12,86,22,202,15,8,122,5,0,27,17,4,42,93,20,15,85,189,0,208,187,5,35,16,281,43,12,141,83,40,33,52,450,3,141,15,269,7,2,12,323,66,87,89,3,54,10,132,42,7,820,0,8,1023,2,25,1,4,1,2,202,5,2
27,9,16,0,155,33,4,12,1425,73,288,24,180,64,3,0,48,15,0,166,75,21,9,210,185,0,430,54,1,78,36,183,19,24,79,164,15,98,427,400,19,61,64,188,25,12,166,122,155,91,67,3,292,78,15,24,4,371,0,81,868,43,294,6,13,7,4,30,13,1
64,6,6,1,18,80,12,2,630,37,4,4,59,18,19,60,8,2,0,75,151,6,7,408,193,2,17,8,22,37,43,204,2,4,24,37,52,19,396,142,36,37,134,36,349,4,82,151,23,6,21,8,186,122,13,71,2,48,0,539,151,154,129,3,8,4,0,2,49,2
20,4,8,0,65,21,3,4,2505,57,139,13,360,20,1,1,28,6,0,141,30,9,4,148,80,0,255,12,0,50,23,65,5,14,25,98,4,72,535,162,21,17,57,67,21,13,268,33,101,38,25,1,295,96,2,8,1,105,0,118,340,80,428,6,10,7,4,4,10,1
46,5,4,1,13,56,8,2,523,28,4,3,50,12,13,45,6,1,0,57,102,4,5,294,134,2,13,6,14,27,31,138,1,3,16,28,34,14,310,100,27,25,99,25,245,3,67,99,18,4,15,5,144,94,8,46,1,34,0,410,108,122,105,3,6,3,0,1,35,2
30,9,17,1,117,50,8,11,126,32,69,13,11,129,17,0,25,13,1,59,226,22,22,213,353,2,103,154,24,48,34,530,31,10,154,85,114,32,101,538,9,204,42,247,43,3,18,625,57,51,100,8,88,25,200,119,8,633,0,36,909,9,37,2,6,2,1,114,17,3
51,12,20,1,116,78,13,11,346,54,65,16,32,113,22,2,31,13,0,103,269,24,23,362,423,2,119,106,27,70,53,559,24,13,138,112,114,47,236,569,20,179,84,229,96,5,47,559,77,48,100,11,175,59,121,130,8,494,0,106,890,31,91,4,11,4,2,59,31,5
58,10,14,1,68,80,13,7,517,53,32,12,49,62,20,7,22,7,0,104,216,16,16,391,329,2,74,46,22,62,52,392,12,10,78,86,81,40,320,373,27,104,105,130,146,5,69,343,59,27,62,10,202,85,51,100,5,236,0,197,524,60,122,5,11,5,1,19,37,4
40,13,25,0,215,55,7,16,1175,89,311,31,136,113,7,0,62,22,0,191,142,31,18,308,317,0,460,104,4,102,53,346,33,29,136,207,36,111,442,633,24,120,84,298,42,13,144,266,182,118,111,5,322,87,44,51,7,628,0,96,1305,44,264,7,16,7,5,62,20,4
58,7,7,1,25,70,10,3,880,44,9,6,89,20,14,38,11,3,0,92,127,7,7,379,184,2,30,10,14,43,43,185,3,6,27,48,38,26,460,161,36,36,128,44,242,5,111,129,33,8,24,6,222,129,10,54,2,61,0,460,191,153,175,4,9,6,1,2,42,2
54,11,16,0,100,67,10,9,1419,80,89,17,160,59,11,5,36,10,0,173,143,19,12,384,275,1,184,41,7,84,55,282,13,17,75,135,38,75,572,398,35,76,119,149,97,11,173,199,109,46,64,6,344,128,22,54,4,259,0,227,662,95,296,7,15,8,3,16,32,3
19,4,6,0,47,19,2,3,2534,50,91,10,367,14,1,2,21,4,0,126,25,7,3,137,66,0,183,8,0,43,21,51,3,12,18,78,3,58,530,123,21,12,56,47,23,12,269,25,80,26,19,1,275,97,1,6,1,70,0,135,245,91,418,5,9,7,3,2,10,1
46,9,13,1,58,72,12,6,166,33,20,8,14,75,27,3,16,7,0,60,268,15,18,310,353,3,43,67,42,44,41,499,13,7,93,60,136,23,147,376,15,147,69,135,124,2,24,549,37,21,65,11,105,42,122,147,6,282,0,101,501,24,45,2,7,3,0,34,30,4
36,10,19,0,139,52,8,12,438,54,124,19,45,102,11,0,36,15,0,108,168,24,18,261,311,1,196,100,10,68,42,386,27,16,125,125,58,57,232,521,16,135,63,234,47,6,57,352,96,66,92,7,177,52,73,71,7,518,0,69,949,24,109,4,10,4,2,62,20,3
12,4,9,0,101,13,1,6,2001,53,338,16,302,26,0,0,36,9,0,132,22,11,4,101,71,0,473,20,0,49,18,60,10,18,33,118,2,86,384,191,13,20,36,94,9,13,212,31,132,69,32,0,244,60,2,5,1,173,0,50,483,37,359,5,9,6,5,10,5,0
42,5,6,0,25,49,7,3,934,40,12,5,100,17,9,20,11,3,0,86,84,6,5,279,136,1,37,8,7,38,34,131,3,6,22,47,23,26,415,136,29,27,97,40,140,5,114,86,35,9,21,4,204,108,7,33,2,56,0,323,178,121,179,4,8,5,1,2,29,2
128,8,6,2,12,153,22,2,998,48,2,4,88,15,40,454,7,1,0,96,246,5,7,773,264,4,9,5,55,44,68,268,1,4,20,35,88,18,712,137,73,38,278,28,1261,5,131,190,20,3,19,13,280,254,12,122,2,31,0,1834,115,461,192,5,10,7,0,1,111,3
67,11,15,1,73,90,14,8,659,61,34,13,63,65,22,10,25,8,0,122,233,17,16,451,356,3,82,46,23,70,59,416,11,11,82,96,84,45,394,400,32,108,124,136,174,6,87,353,67,28,65,11,242,104,49,106,5,242,0,248,557,77,152,5,13,6,1,18,42,4
44,8,10,1,54,54,8,5,1143,57,40,10,127,33,9,8,21,5,0,123,104,11,8,306,189,1,94,20,6,57,42,188,7,11,42,83,27,47,468,240,30,45,100,82,99,8,139,127,65,23,38,5,261,110,13,39,3,131,0,236,367,96,230,5,11,7,2,7,27,2
60,9,11,1,48,73,11,5,1183,61,26,9,126,34,14,18,20,5,0,130,141,12,9,405,231,2,70,19,11,61,51,233,6,10,44,81,39,44,547,251,38,52,133,78,174,8,147,162,60,19,39,7,289,139,15,56,3,119,0,367,345,136,239,6,12,7,2,6,40,3
18,7,16,0,161,25,4,12,483,45,278,20,56,83,4,0,39,17,0,98,78,21,11,142,181,0,348,89,1,56,26,210,29,18,99,129,21,66,185,420,10,83,36,221,13,6,60,172,115,94,75,2,150,35,36,27,5,520,0,30,948,13,115,4,8,4,2,67,8,1
36,9,15,0,103,49,8,9,606,54,91,15,64,70,9,1,31,11,0,112,134,19,14,261,252,1,161,59,8,64,40,289,17,14,86,109,42,54,288,396,19,91,70,165,54,7,77,237,87,48,68,6,198,64,38,54,5,329,0,98,693,36,141,4,10,5,2,31,20,3
62,11,15,1,81,82,13,8,809,66,47,14,82,64,18,7,28,9,0,134,201,18,15,424,330,2,105,45,17,74,58,372,13,13,81,107,66,52,431,403,32,98,120,142,142,7,104,300,77,33,66,9,265,108,41,87,5,252,0,234,594,80,181,6,13,7,1,18,38,4
83,9,9,1,26,111,17,3,523,44,6,5,46,31,32,54,11,3,0,85,250,9,11,529,302,3,21,17,45,47,57,348,4,5,41,48,101,22,390,222,39,69,157,58,442,4,71,292,29,8,34,12,199,124,31,127,3,85,0,533,233,136,116,4,9,5,1,4,63,4
30,9,16,1,110,50,8,10,131,32,64,13,11,121,17,0,24,13,1,59,222,21,21,216,345,2,98,141,24,48,34,512,29,10,145,83,111,31,104,515,9,193,43,232,45,2,18,597,56,47,95,9,90,26,184,116,8,584,0,39,857,10,38,2,7,2,1,102,17,3
78,10,11,1,40,102,15,5,679,54,13,8,63,40,26,30,16,4,0,106,232,12,12,508,315,3,39,23,31,58,59,355,6,8,52,67,85,32,437,278,39,77,150,81,307,6,90,289,43,13,43,11,236,127,32,109,4,125,0,429,330,123,150,5,11,6,1,7,55,4
88,7,11,116,5,17,159,40,0,9,2,1,24,620,8,9,1441,18,68,121,85,13,4,180,347,820,71,3,22,3,218,9,34,2,109,2,347,14,27,54,33,11,56,66,25,83,1,19,27,2,50,4,14,9,159,4,15,7,226,25,48,13,5,24,78,26,14,8,19,16
214,9,9,149,3,33,276,25,1,18,1,0,173,255,10,257,1299,9,6,258,85,9,3,412,330,1193,47,0,21,4,393,6,10,2,48,2,237,18,125,35,134,5,189,30,127,206,8,9,28,1,28,5,41,48,29,3,8,2,185,240,24,143,25,55,147,73,16,1,54,18
112,6,7,110,2,20,180,22,0,9,0,0,33,310,9,44,866,9,15,114,79,8,3,219,284,866,30,1,26,2,225,7,13,1,56,1,303,10,37,33,48,6,79,32,55,76,2,13,17,1,28,4,15,15,71,4,8,2,153,61,24,29,6,23,73,28,8,2,27,13
86,6,8,91,3,15,138,26,0,9,1,0,38,340,6,19,1073,11,23,119,60,9,3,173,246,664,50,1,14,2,195,6,17,2,61,1,210,12,34,35,40,6,62,38,30,88,2,10,21,1,31,3,15,12,63,2,9,3,157,40,29,22,7,24,73,28,12,3,19,12
43,7,15,71,14,8,78,73,0,10,15,1,43,881,2,0,2987,41,279,155,41,20,3,97,245,403,341,4,3,3,155,5,81,4,149,3,123,28,24,69,20,9,30,118,4,138,1,10,61,7,70,2,14,6,113,1,19,14,268,7,92,5,7,29,87,30,38,23,7,13
50,6,12,89,9,10,102,55,0,7,5,0,14,908,4,1,1824,28,228,98,66,17,5,108,306,558,130,5,12,2,155,8,65,2,154,2,276,15,15,66,17,14,29,100,8,69,0,20,33,4,66,2,9,4,246,2,19,13,247,8,71,4,3,19,63,19,17,24,9,13
112,7,10,124,4,21,188,30,0,10,1,1,33,445,9,26,1167,13,29,129,89,11,4,224,337,931,47,1,27,3,245,8,20,2,80,1,349,12,36,44,46,9,76,46,44,88,2,16,22,1,39,4,16,14,106,4,11,4,196,48,34,23,6,26,83,30,11,4,25,16
206,10,11,195,3,38,334,29,0,13,0,1,42,454,19,118,1128,11,17,164,150,11,5,396,488,1618,32,1,63,3,379,12,17,2,83,2,629,12,57,49,83,11,140,44,127,102,2,23,21,1,42,8,23,24,128,7,12,3,231,124,32,53,9,34,109,42,10,2,52,22
233,10,11,196,3,40,350,29,1,15,0,1,69,391,18,191,1202,11,12,200,139,11,4,445,467,1634,35,1,53,4,418,10,14,2,72,2,519,15,80,46,107,9,172,40,152,133,4,19,24,1,38,7,30,34,85,6,11,3,226,178,30,83,13,42,127,53,12,2,59,22
162,7,8,161,2,31,278,21,0,8,0,0,20,368,19,93,727,8,14,103,138,8,4,306,410,1388,17,1,75,2,285,11,12,1,67,1,667,8,35,37,56,10,102,33,113,58,1,23,13,0,32,7,14,16,142,7,10,3,174,87,23,33,5,21,72,26,6,2,42,17
80,8,13,83,9,12,112,57,1,18,10,1,207,487,2,7,3092,28,58,289,38,16,3,173,234,505,308,1,3,4,240,4,36,4,85,3,84,39,78,53,56,4,72,72,13,300,6,5,72,4,48,2,35,21,31,0,13,6,242,37,62,32,25,58,145,67,51,4,14,14
173,9,11,192,4,33,306,33,0,11,1,1,24,582,19,55,1140,13,31,134,161,12,6,334,517,1558,34,2,73,3,336,14,22,2,105,2,761,11,39,55,59,14,106,54,92,79,1,30,20,1,49,8,17,16,212,8,15,5,247,73,38,29,6,27,93,32,9,5,42,22
166,10,13,137,6,25,219,44,1,23,3,1,254,403,6,66,2392,18,20,342,69,15,3,338,334,958,140,1,10,4,383,6,21,4,73,3,167,33,129,51,114,6,151,53,55,315,10,8,55,2,43,4,49,42,33,2,11,4,252,129,44,95,34,72,183,89,35,2,36,20
61,6,11,73,7,10,94,48,0,12,7,1,85,487,2,4,2248,24,70,182,38,14,2,131,216,448,201,2,4,2,182,4,35,3,85,2,100,25,42,48,35,6,48,66,10,170,3,7,49,3,44,2,20,12,47,1,12,6,206,21,54,16,12,36,99,40,32,6,11,12
58,6,11,70,8,9,90,48,0,12,7,1,85,478,2,3,2243,23,71,180,36,14,3,126,208,429,206,1,3,3,177,4,35,3,83,3,95,25,41,46,34,6,47,65,9,169,3,7,49,3,43,1,20,11,45,1,11,6,203,20,53,15,12,36,97,39,32,6,11,11
87,5,5,88,2,16,144,16,0,6,0,0,18,245,8,34,593,6,12,76,68,6,2,168,229,708,19,1,26,2,169,6,10,1,44,1,284,6,24,25,34,5,58,24,46,48,1,11,11,0,22,3,10,10,69,3,6,2,115,44,17,19,4,16,51,19,5,2,21,10
107,5,5,110,2,21,187,14,0,6,0,0,12,263,13,55,497,5,10,68,96,6,3,203,283,943,12,1,53,2,190,7,9,1,48,1,473,5,22,26,36,7,66,23,73,38,1,17,9,0,23,5,9,10,106,5,7,2,121,54,16,20,3,14,48,17,4,2,28,12
188,10,12,139,5,27,235,39,2,24,2,1,329,330,6,118,2202,16,12,369,68,13,3,378,322,999,119,1,10,5,408,5,16,3,61,3,155,32,159,44,139,5,180,44,72,344,13,8,52,2,37,3,56,53,24,2,10,3,233,186,38,139,41,78,194,101,34,1,43,19
117,8,12,123,6,20,181,41,0,14,2,0,73,503,7,21,1822,18,39,196,76,14,4,238,336,865,98,1,14,3,279,7,27,3,89,2,241,21,55,52,58,8,88,59,35,154,3,13,37,2,47,4,25,19,75,3,13,5,236,53,46,32,12,40,115,46,21,4,25,17
88,8,12,126,6,18,168,44,0,9,2,1,18,745,9,6,1484,20,93,114,98,15,5,180,388,888,71,3,27,3,220,10,41,2,130,2,435,13,23,61,30,14,53,76,24,74,1,24,27,2,58,4,12,8,230,4,17,8,248,22,54,10,4,22,76,24,13,12,18,17
98,8,12,118,6,17,164,46,0,12,3,0,49,600,6,11,1852,21,61,168,77,15,4,203,341,809,105,2,15,3,249,8,34,3,106,2,263,19,41,57,44,10,69,69,25,128,2,15,37,2,52,3,20,13,106,3,14,7,245,35,52,20,9,34,102,38,20,7,20,17
191,7,7,145,2,32,276,17,1,11,0,0,54,231,14,253,738,6,5,143,103,7,3,358,330,1263,19,1,44,2,316,7,7,1,43,1,384,9,65,29,90,6,144,23,152,94,3,13,15,0,24,6,23,28,50,5,7,2,147,179,17,81,10,31,92,40,7,1,51,16
95,8,13,97,7,15,137,48,1,16,5,1,145,458,3,13,2405,22,42,248,49,14,3,200,264,627,182,1,5,3,256,5,29,4,81,3,124,30,71,50,60,6,81,62,20,232,5,7,54,3,45,2,31,21,40,1,12,5,231,47,51,36,20,50,133,59,35,4,19,15
83,7,11,105,6,15,142,42,0,10,2,0,36,575,6,7,1639,19,65,139,70,13,4,172,309,714,94,2,14,2,214,7,33,2,101,2,250,17,32,52,35,9,57,65,21,104,2,15,32,2,49,3,16,10,112,2,14,7,222,26,49,15,7,27,85,31,17,7,17,15
55,6,13,97,9,11,114,55,0,7,5,1,13,955,6,1,1799,29,228,98,74,17,5,118,335,624,120,6,16,2,165,9,66,2,162,2,327,15,15,68,18,15,32,103,9,67,0,23,32,4,68,3,9,5,285,3,20,13,259,8,73,4,3,19,64,19,16,25,10,14
114,10,18,126,10,18,171,71,0,21,8,1,161,699,5,11,3402,33,79,314,66,21,4,243,357,799,276,2,7,5,323,7,47,5,122,4,171,40,81,73,69,8,94,94,22,291,6,11,75,5,66,3,38,24,66,1,18,8,323,47,77,36,23,63,170,72,48,7,22,20
152,6,6,122,2,26,223,17,0,10,0,0,47,220,11,153,711,6,6,127,85,6,3,288,283,1027,20,1,33,2,265,6,8,1,41,1,311,9,54,27,72,5,114,22,106,85,3,11,14,0,22,5,19,23,46,4,7,2,134,128,17,60,9,27,80,34,7,1,39,14
108,8,13,93,7,15,137,50,2,23,7,1,353,380,3,22,2946,23,29,358,40,14,3,228,239,592,258,0,3,4,292,3,24,5,68,3,81,41,122,47,87,4,106,56,23,384,12,5,72,3,40,2,48,34,20,1,10,4,231,74,50,68,40,74,176,90,52,2,21,15
164,7,7,129,2,28,237,18,0,11,0,0,59,232,11,170,798,7,6,144,88,7,3,313,299,1083,23,0,32,2,289,6,8,1,43,1,309,10,62,29,81,5,127,24,113,99,3,11,16,0,24,5,22,26,45,4,7,2,145,145,18,70,11,31,90,39,8,1,42,15
89,8,12,135,6,19,179,43,0,8,2,1,13,819,11,6,1348,20,106,99,115,15,6,181,426,974,58,4,39,2,218,12,43,2,142,2,570,11,19,64,27,16,50,79,26,59,1,30,23,2,61,5,10,7,325,5,18,9,254,19,54,8,3,19,69,21,11,14,19,17
116,8,12,147,5,22,210,41,0,10,1,1,25,674,11,15,1453,18,61,133,113,14,5,233,428,1082,61,3,35,3,267,11,33,2,119,2,489,14,32,60,42,13,72,68,39,86,1,24,27,2,55,5,15,12,198,5,16,7,254,37,49,17,5,26,88,30,13,8,25,19
113,7,9,121,3,20,187,28,0,9,1,1,32,409,9,30,1081,12,25,125,87,10,4,223,325,920,42,1,27,2,240,8,18,2,73,1,341,12,36,41,47,8,77,42,47,84,2,15,21,1,36,4,16,14,98,4,10,4,185,51,31,25,6,25,80,30,10,3,26,15
95,9,14,114,8,16,153,56,0,15,5,1,78,650,5,9,2448,26,77,212,66,17,4,201,331,741,172,2,9,3,261,7,41,3,114,3,201,26,51,62,49,9,72,81,20,178,3,12,51,3,58,3,24,16,86,2,16,8,272,34,64,22,12,42,122,47,30,7,18,17
154,7,8,125,2,25,220,21,0,12,0,0,72,259,10,119,971,8,8,162,81,8,3,297,295,1003,33,0,24,3,289,6,10,1,48,1,266,12,66,32,80,5,121,28,88,118,4,10,20,1,26,4,24,26,43,3,8,2,158,126,22,66,12,34,98,43,11,1,38,15
108,8,11,107,5,18,161,35,0,13,2,0,83,396,5,25,1610,15,27,187,63,11,3,220,283,754,87,1,11,3,255,6,21,3,71,2,188,19,58,43,58,6,85,48,34,152,3,10,34,2,38,3,24,19,52,2,11,4,200,57,38,36,13,38,108,45,20,3,23,15
103,8,11,83,6,14,127,41,2,21,5,1,361,300,2,28,2484,18,19,330,35,12,1,216,208,538,207,0,3,4,269,3,19,4,54,3,69,36,121,39,86,3,104,45,24,357,11,4,61,2,34,1,46,34,15,1,9,3,195,81,40,75,39,68,160,85,45,1,21,13
125,8,10,156,4,25,235,31,0,8,0,0,15,595,15,24,1035,13,42,103,135,12,5,245,445,1230,33,2,59,2,260,12,25,1,106,1,675,9,26,52,39,14,73,55,56,60,1,29,18,1,48,6,12,11,243,7,14,5,223,41,38,16,4,21,73,23,8,6,29,18
91,8,12,117,6,17,160,44,0,11,3,0,34,639,7,8,1697,20,71,144,81,14,4,188,348,811,92,3,18,3,232,8,36,3,112,2,303,17,33,57,38,11,61,71,24,104,1,17,33,2,53,4,16,11,137,3,15,7,242,28,52,15,7,28,90,32,17,8,19,16
50,5,9,50,6,7,67,38,1,13,8,1,198,289,1,5,2226,19,34,216,21,11,1,110,138,296,249,1,1,3,156,2,22,3,51,2,41,29,61,33,40,3,49,45,7,242,6,3,54,3,29,1,27,15,14,0,7,3,154,26,40,25,22,44,104,51,41,2,9,9
178,9,10,145,3,28,248,30,1,16,1,0,118,333,9,113,1433,11,12,229,86,11,3,348,346,1115,57,1,21,4,354,7,14,2,61,2,260,19,91,41,100,6,146,38,86,178,5,11,30,1,34,5,34,34,45,3,10,3,205,143,30,83,19,48,133,61,17,1,42,18
174,5,4,118,1,29,242,10,0,8,0,0,44,139,13,433,453,3,2,107,85,4,2,319,251,1087,9,0,44,2,259,5,4,1,26,1,322,6,57,19,84,4,135,13,183,68,2,9,9,0,15,5,18,27,31,4,4,1,100,211,10,90,8,23,69,31,4,0,49,12
143,8,11,148,4,26,232,34,0,12,1,1,45,482,11,41,1343,14,28,160,105,12,4,282,394,1132,52,1,31,3,302,9,21,2,87,2,400,15,48,49,61,9,99,51,61,110,2,18,26,1,43,5,21,18,108,5,13,4,225,69,38,34,9,33,102,39,13,4,33,18
168,10,14,154,5,28,243,43,1,19,2,1,127,478,9,57,2026,18,25,266,90,15,4,338,391,1118,99,1,18,4,374,8,23,3,86,3,267,25,90,55,93,8,135,57,61,215,6,13,43,2,47,5,36,31,61,3,13,4,262,105,45,64,20,55,153,67,25,3,37,21
135,7,9,119,3,22,196,27,1,13,1,0,80,315,8,63,1240,11,14,178,73,9,3,267,295,902,52,1,18,3,280,6,14,2,57,2,230,15,65,37,72,6,107,36,59,136,4,10,26,1,31,4,25,24,47,3,9,3,179,93,28,53,13,37,105,46,14,2,32,15
71,8,13,95,8,13,120,55,0,12,6,1,53,674,4,4,2304,27,106,170,56,16,4,151,290,595,179,3,8,3,207,6,47,3,116,3,177,23,36,60,34,9,51,84,13,142,2,12,47,4,57,3,18,10,96,2,16,9,252,19,65,13,9,33,98,36,28,10,13,14
113,9,13,131,6,20,186,46,0,13,2,0,57,605,7,15,1913,21,55,185,85,15,4,233,369,911,103,2,17,3,279,8,33,3,107,2,288,20,48,59,52,10,81,69,32,140,2,16,38,2,53,4,22,16,106,3,15,6,259,44,53,25,10,37,112,42,21,6,24,18
90,6,7,92,3,16,143,24,0,9,1,0,36,316,6,24,979,10,20,115,62,8,3,179,246,687,42,1,16,2,196,5,15,1,57,1,220,11,35,33,41,6,65,35,34,83,2,10,19,1,29,3,15,13,61,2,8,3,150,44,26,23,7,23,71,28,10,2,20,12
226,10,10,199,3,41,356,26,0,13,0,0,47,398,20,180,1035,10,12,167,152,10,4,429,482,1698,27,1,68,3,396,11,14,2,73,1,631,12,64,45,94,10,158,38,159,104,3,22,20,1,38,8,24,28,109,7,11,3,217,158,28,67,10,35,111,44,9,2,59,22
120,10,16,179,7,25,240,55,0,11,2,1,17,1050,14,9,1761,25,129,132,152,19,8,244,559,1297,75,5,51,3,292,16,54,3,183,2,745,15,26,82,37,21,68,101,36,80,1,39,30,3,79,7,14,10,409,8,23,11,331,27,70,11,4,26,92,28,14,17,26,23
143,7,8,132,2,25,224,22,0,10,0,0,40,314,11,79,898,8,12,131,95,8,3,277,328,1067,28,1,34,2,272,8,12,1,57,1,364,10,47,35,62,7,102,32,81,87,2,14,17,1,30,5,19,19,73,4,9,3,166,90,24,42,8,27,84,34,9,2,35,15
3,5,27,31,1,206,2,17,1,1,80,39,22,11,8,26,1,12,37,71,39,8,19,76,85,61,1,49,145,8,21,16,14,3,40,42,21,251,122,11,383,42,10,29,42,3,80,1,19,107,96,0,2,152,30,52,17,12,12,202,37,35,1,30,0,23,6,397,0,21
8,6,25,47,0,443,5,13,3,3,30,34,91,6,14,565,1,7,6,133,51,7,16,180,102,108,1,17,232,12,40,15,5,3,24,44,23,309,429,8,1327,28,31,16,217,6,304,1,19,53,69,0,5,598,11,65,12,5,12,1480,23,264,2,60,1,54,6,74,2,28
7,7,32,51,1,408,4,18,2,2,48,42,45,11,15,175,2,11,18,112,63,9,23,153,124,112,1,37,300,12,37,21,11,3,40,49,34,309,264,12,878,47,22,27,138,4,167,1,21,83,102,0,4,361,28,86,18,9,15,707,35,115,1,49,1,41,6,216,1,31
6,8,40,52,1,391,4,24,2,3,91,57,55,14,13,106,2,15,30,133,62,12,27,149,133,109,1,52,239,15,39,23,16,4,50,65,32,414,282,15,869,54,21,36,104,5,194,1,29,130,129,0,4,362,31,81,22,13,18,581,48,102,1,57,1,47,9,339,1,35
3,7,53,35,2,188,2,44,1,2,537,101,42,24,5,5,3,34,188,124,37,17,29,73,107,59,4,136,75,15,25,19,45,7,85,97,17,624,157,20,389,67,9,73,18,5,132,1,50,422,200,0,3,160,45,44,33,35,22,117,97,25,1,50,0,36,17,1543,0,29
4,8,57,45,2,257,3,43,0,2,338,92,27,29,9,9,3,32,193,113,57,18,38,92,143,83,3,164,167,15,29,28,46,7,101,89,32,520,143,23,419,95,10,77,30,4,99,1,42,349,227,0,2,161,81,76,38,38,25,143,98,26,0,46,1,33,13,1794,0,35
5,6,31,43,1,325,4,19,1,2,61,43,36,11,12,88,2,12,24,98,54,9,22,121,111,92,1,43,234,11,31,20,12,3,41,48,29,298,204,12,664,46,17,29,90,4,131,1,21,96,104,0,3,269,30,73,18,11,14,454,37,75,1,42,1,34,6,283,1,28
8,7,30,56,1,467,5,16,1,2,35,38,42,10,18,268,1,9,14,109,72,8,24,171,133,127,1,33,400,12,39,23,9,3,38,45,41,277,272,11,967,48,25,24,186,4,161,1,18,68,97,0,4,392,29,102,17,8,15,880,31,134,1,48,1,41,5,180,1,33
7,5,22,42,0,370,4,11,1,2,23,28,42,7,14,303,1,6,7,90,52,6,17,140,96,97,0,20,280,9,31,16,6,2,25,34,27,217,250,8,862,31,22,16,166,4,155,1,14,46,66,0,3,361,17,71,12,5,11,871,21,138,1,40,1,35,4,98,1,25
6,5,23,45,0,375,4,12,1,2,22,27,25,8,16,206,1,7,11,76,61,6,20,133,108,105,0,28,391,9,30,20,7,2,30,32,38,190,184,9,697,41,19,19,154,3,101,1,13,48,77,0,2,274,28,91,14,7,11,643,24,91,1,33,1,28,3,152,1,26
6,10,61,53,2,367,3,43,4,4,361,113,149,19,8,57,4,29,64,235,51,18,31,156,140,98,4,76,109,23,45,21,28,9,70,123,20,899,462,20,1095,57,24,59,64,12,422,0,64,327,189,0,6,498,24,56,30,22,25,546,84,127,3,100,1,80,23,573,0,41
7,7,33,55,1,422,5,18,1,2,45,41,30,13,18,139,1,11,24,98,74,10,27,150,138,121,1,47,406,12,36,26,12,3,46,47,45,276,211,13,762,58,20,30,137,4,120,2,19,84,114,0,3,297,42,107,20,11,16,582,38,86,1,43,1,35,5,295,1,33
6,7,33,44,0,357,4,19,3,3,83,52,107,9,9,183,2,12,15,155,44,9,19,149,102,90,1,28,139,15,37,16,10,4,34,62,19,450,404,11,1096,33,25,25,111,7,327,0,29,106,94,0,5,500,13,52,16,8,15,856,36,175,3,68,1,59,10,157,1,29
5,9,56,48,2,317,3,40,3,3,324,100,88,20,8,35,3,28,79,180,50,17,31,128,133,89,3,88,118,19,38,22,29,8,72,105,22,722,317,20,801,62,18,59,51,8,268,1,53,307,185,0,4,347,32,58,30,24,24,364,82,79,2,77,1,60,19,721,0,37
3,6,41,35,1,226,2,30,2,2,244,74,65,14,6,24,3,21,59,131,36,13,23,92,96,64,3,64,83,14,28,16,22,6,53,77,15,531,230,14,576,45,13,43,35,6,196,1,39,228,135,0,3,250,23,42,22,18,17,259,60,57,1,56,1,43,14,533,0,27
9,9,43,71,1,571,6,24,2,3,59,55,52,15,22,237,2,14,25,144,92,12,33,210,176,159,1,53,475,16,50,31,15,4,56,65,52,392,331,16,1150,68,30,37,197,5,199,2,26,108,141,0,4,463,43,130,25,13,21,932,47,145,2,63,1,52,8,313,2,43
6,6,24,46,0,376,4,13,1,2,24,28,24,9,17,187,1,7,13,76,63,7,20,133,112,106,0,30,401,9,30,21,8,2,32,33,39,194,180,9,683,43,18,20,150,3,98,1,13,51,80,0,2,266,31,94,14,7,12,610,25,86,1,33,1,28,4,170,1,26
6,6,27,39,0,342,4,15,3,3,56,42,111,6,9,267,1,9,9,142,39,7,15,145,88,83,1,19,129,13,35,13,7,4,25,52,16,380,415,9,1130,26,25,19,125,7,337,0,24,77,74,0,5,525,9,46,12,6,12,1015,27,207,3,64,1,55,8,96,1,26
8,10,53,65,1,475,5,33,3,3,148,81,83,18,15,115,3,21,44,183,73,15,34,185,166,131,2,69,252,20,49,28,21,6,67,91,35,594,382,19,1118,68,27,49,116,8,278,1,42,193,172,0,5,473,37,93,29,18,24,704,66,131,2,79,1,64,13,465,1,44
7,11,61,69,2,444,5,41,1,3,189,89,40,27,17,44,3,28,103,147,89,19,45,160,195,136,2,128,344,19,45,37,35,7,98,93,52,541,236,24,759,105,20,69,83,5,150,3,41,254,230,0,3,294,83,122,39,30,28,373,88,62,1,62,1,47,12,1099,1,47
8,11,63,71,2,487,5,42,2,3,211,99,74,24,16,74,3,27,74,192,82,19,42,186,190,140,2,101,275,22,52,33,31,8,87,107,42,676,354,24,1040,88,25,65,100,8,252,2,49,263,218,0,5,429,54,106,37,26,29,566,85,104,2,81,1,64,16,769,1,49
11,8,30,64,0,603,7,14,2,3,24,36,67,8,22,753,1,8,7,134,79,8,23,229,141,153,0,23,473,14,49,23,7,3,32,46,42,294,413,11,1462,41,37,20,326,5,250,1,18,53,86,1,5,618,21,110,15,6,14,1717,27,264,2,60,1,53,5,102,2,36
7,9,51,52,1,377,4,34,3,4,210,87,111,16,10,79,3,22,44,194,54,15,29,155,134,101,3,61,141,19,43,21,21,7,59,96,23,678,404,18,1043,54,23,47,79,10,337,1,48,225,158,0,5,463,24,62,26,18,22,596,65,127,2,84,1,68,16,427,1,38
5,8,45,49,1,329,3,30,1,2,157,70,46,18,11,42,2,20,60,129,58,14,30,124,134,96,2,78,194,15,35,24,23,5,65,74,30,466,227,17,672,65,16,48,64,5,159,1,34,193,158,0,3,273,42,75,27,20,21,347,63,64,1,55,1,42,11,618,1,34
4,10,65,55,2,311,3,49,0,2,356,104,29,33,11,12,3,37,216,129,70,22,45,111,171,101,3,189,215,17,35,33,53,7,117,100,41,581,164,27,493,112,13,88,37,5,111,2,47,384,263,0,2,187,100,94,45,44,29,174,112,30,0,53,1,38,14,2048,0,41
7,13,74,70,2,484,5,51,3,4,352,128,136,24,13,75,4,34,80,259,73,22,41,197,187,133,4,100,184,26,57,30,35,11,90,139,31,961,497,25,1276,80,28,73,90,13,415,1,69,358,235,0,6,559,39,84,39,28,32,657,100,140,3,111,1,88,23,759,0,53
10,8,31,62,0,566,6,16,2,3,30,39,66,9,21,559,1,9,9,135,76,8,24,215,140,146,1,26,423,14,47,23,7,3,34,49,40,313,393,11,1359,43,34,22,274,5,243,1,20,61,92,1,5,574,22,105,16,7,15,1462,29,230,2,60,1,53,6,123,2,36
5,7,38,38,1,296,3,24,4,3,162,68,139,10,6,94,2,16,23,177,36,10,19,129,95,75,2,35,84,16,35,14,13,6,38,78,13,590,419,12,1003,33,22,31,69,9,388,0,40,163,107,0,5,472,12,40,17,10,16,634,45,148,3,77,1,65,15,217,1,29
7,6,23,44,0,405,4,11,2,2,22,28,51,6,15,416,1,6,6,100,53,6,16,155,99,104,0,18,288,10,34,16,5,2,24,36,28,231,295,8,1004,30,25,16,197,4,186,1,15,45,66,0,3,428,15,73,11,5,11,1086,21,174,1,45,1,39,4,85,1,26
7,11,68,78,2,496,6,45,1,3,191,95,34,32,20,44,4,31,127,148,106,21,53,173,224,156,2,156,445,20,49,44,41,6,115,97,65,549,229,28,772,127,20,79,91,6,137,4,42,274,262,0,4,291,112,151,45,35,32,374,98,59,1,63,1,47,12,1379,1,53
8,11,60,77,1,535,6,38,1,3,143,84,49,25,21,87,3,24,71,162,99,18,45,194,208,159,2,105,419,20,51,38,29,6,90,91,57,541,296,24,973,100,25,62,123,6,186,3,39,212,216,0,4,382,73,137,37,25,28,567,79,93,1,70,1,55,11,791,1,51
5,6,28,41,1,311,3,16,1,2,52,39,34,10,12,94,1,10,20,91,51,8,20,116,104,87,1,37,226,10,29,18,11,3,37,44,28,270,196,11,641,42,16,25,91,3,125,1,19,83,94,0,3,261,26,69,16,9,13,456,33,75,1,39,1,32,5,240,1,26
7,11,63,62,2,422,4,43,3,3,269,104,86,23,13,56,3,29,79,198,69,19,38,166,169,120,3,98,195,22,48,29,31,8,84,111,32,735,359,23,980,78,23,65,77,8,277,1,54,295,211,0,5,414,44,85,35,26,28,494,88,98,2,84,1,65,18,770,1,45
10,8,34,61,0,538,6,18,3,3,43,45,79,10,18,439,2,10,11,150,71,9,24,209,139,138,1,29,341,15,48,22,9,4,37,56,35,370,422,12,1370,44,33,25,230,6,280,1,23,77,100,0,5,589,21,95,17,8,16,1347,33,227,2,67,1,58,7,144,2,37
7,8,43,54,1,411,4,26,3,3,114,66,80,14,12,123,2,16,30,162,60,12,27,163,136,111,2,50,204,17,42,22,16,5,51,75,28,506,358,15,1032,52,24,38,108,7,266,1,34,151,135,0,5,445,26,75,23,14,20,693,51,132,2,70,1,58,11,321,1,37
3,4,20,21,0,170,2,12,2,2,76,35,84,5,4,69,1,8,10,99,20,6,10,75,51,42,1,17,47,9,20,7,6,3,19,41,7,315,251,6,602,17,13,16,44,5,232,0,21,79,54,0,3,286,6,22,9,5,8,413,23,96,2,44,1,37,8,96,0,16
5,6,30,44,1,320,4,18,1,2,50,38,21,12,14,67,1,11,30,78,61,9,24,112,118,95,1,51,317,10,28,22,13,3,45,42,38,240,149,12,534,55,14,29,87,3,84,2,17,87,107,0,2,204,44,89,19,12,14,351,37,52,1,34,1,27,5,360,1,28
7,10,58,64,1,429,5,38,1,3,191,88,54,23,15,56,3,26,78,160,77,18,40,160,175,126,2,102,269,19,45,32,29,7,84,93,41,578,281,22,848,86,21,61,84,6,193,2,42,242,205,0,4,342,58,101,35,25,26,441,80,79,1,68,1,53,13,813,1,45
6,10,60,51,2,355,3,42,5,4,395,117,183,18,7,60,4,29,58,253,47,18,29,154,133,93,5,68,90,23,46,20,27,9,65,129,17,968,514,20,1162,52,24,57,61,13,501,0,68,336,180,0,6,543,20,50,29,21,25,584,82,144,4,109,1,87,26,505,0,40
11,10,42,69,0,593,6,23,4,4,65,59,108,12,19,422,2,13,15,189,77,12,28,236,158,152,1,36,325,19,55,25,11,5,44,72,36,488,520,14,1597,50,38,31,230,8,365,1,32,106,123,0,6,699,23,99,21,10,19,1467,43,262,3,84,1,72,10,184,2,43
6,4,13,32,0,328,4,6,1,1,7,14,34,3,13,703,1,3,2,63,40,3,10,125,67,81,0,8,277,6,25,11,2,1,13,19,21,123,223,4,825,18,21,8,227,2,130,1,7,18,35,0,2,352,8,57,6,2,6,1181,10,174,1,29,1,26,2,31,1,17
9,10,49,71,1,550,6,28,2,3,88,66,63,17,20,182,3,17,33,162,88,14,35,206,178,153,1,62,388,18,51,31,18,5,62,76,47,475,358,18,1166,71,30,43,165,7,231,2,33,141,159,1,5,478,43,119,27,16,23,853,56,142,2,71,1,58,10,384,2,45
10,11,50,69,1,552,6,29,4,4,110,75,108,15,17,229,2,18,27,203,77,14,32,220,168,146,2,52,280,20,55,27,16,6,57,87,35,592,489,17,1436,60,34,41,167,9,358,1,40,156,153,0,6,624,29,96,26,14,23,1083,56,202,3,89,1,74,13,304,1,46
7,7,31,47,1,391,4,17,2,2,53,44,66,9,12,209,2,10,14,127,54,8,20,154,112,102,1,30,221,13,37,18,9,3,35,52,26,347,324,11,995,38,24,24,136,5,226,1,23,84,93,0,4,429,19,69,16,8,14,832,33,148,2,56,1,48,7,164,1,30
6,11,74,65,2,415,4,53,2,3,389,125,80,29,12,35,4,37,129,207,73,23,44,161,186,122,4,137,194,23,48,32,43,9,105,129,35,836,333,27,902,95,21,83,63,9,259,1,63,397,258,0,5,375,58,90,42,35,32,392,111,79,2,87,1,65,21,1201,0,49
6,9,48,55,1,393,4,31,2,3,143,73,59,17,13,72,2,20,48,149,65,14,32,151,147,111,2,70,224,17,41,25,21,6,63,80,32,508,289,18,858,65,21,47,87,6,205,1,36,185,160,0,4,355,39,84,27,18,21,497,62,91,1,64,1,51,12,513,1,38
5,6,31,43,1,328,4,18,1,2,63,44,44,11,11,103,2,11,21,106,51,9,21,125,108,91,1,38,209,12,32,18,11,3,39,50,26,317,232,11,729,43,18,27,94,4,156,1,22,95,100,0,3,303,25,68,17,10,14,515,36,89,1,46,1,38,7,243,1,28
7,5,22,44,0,389,4,11,1,2,22,27,35,7,15,298,1,6,8,86,57,6,18,143,103,104,0,22,337,9,32,18,6,2,27,33,32,206,232,8,834,35,22,17,176,3,136,1,13,45,70,0,3,342,20,81,12,5,11,841,22,127,1,38,1,33,4,110,1,25
7,11,61,71,2,459,5,41,1,2,168,85,32,29,19,44,3,27,109,137,96,19,47,161,204,143,2,137,410,18,45,40,36,6,102,88,59,499,215,25,724,114,19,70,87,5,129,3,38,241,235,0,3,273,99,138,41,31,29,358,88,56,1,57,1,44,11,1187,1,48
9,9,38,66,1,552,6,20,2,3,48,49,60,12,21,319,2,12,17,142,82,10,28,207,156,148,1,39,419,15,48,27,11,4,45,58,44,366,358,14,1221,55,31,30,214,5,223,1,24,88,118,0,4,505,31,113,21,10,18,1094,39,174,2,62,1,53,7,213,2,40
8,9,2,6,68,4,263,89,6,3,144,118,7,103,32,0,118,6,172,60,35,18,135,5,23,0,6,13,66,1,5,3,436,273,212,20,2,0,8,50,29,46,0,326,6,2,67,20,18,24,79,1094,103,241,4,66,6,203,14,8,9,3,6,434,8,74,16,280,17,11
28,5,0,6,3,12,529,8,23,2,1,14,25,7,72,597,16,0,0,52,32,2,30,16,13,0,0,0,184,0,7,1,9,43,16,4,2,0,34,7,159,6,3,18,208,2,240,5,3,1,9,1286,183,1587,0,63,1,5,3,361,0,138,17,434,8,107,2,1,97,7
19,8,1,8,15,9,460,28,12,3,11,42,13,30,65,25,44,1,8,59,42,7,74,12,21,0,1,2,162,1,7,2,66,110,66,9,3,0,18,21,78,20,1,83,49,2,127,12,7,4,29,1482,146,688,1,86,2,33,8,66,2,26,11,457,9,94,6,18,51,10
13,7,1,6,26,6,335,42,10,3,31,62,12,43,42,5,63,2,23,60,34,9,84,8,19,0,2,3,90,1,6,2,126,156,93,12,2,0,13,27,53,23,1,130,20,2,110,12,10,7,39,1160,130,465,2,65,3,61,9,29,4,13,10,454,9,87,9,46,31,9
0,2,1,1,108,0,32,91,1,0,1020,115,1,97,2,0,112,9,1249,20,5,13,60,0,6,0,21,24,3,0,0,0,915,244,185,14,0,0,1,33,2,24,0,383,0,0,14,6,17,63,61,166,23,24,3,9,4,376,7,0,11,0,1,135,2,19,19,1235,1,3
1,3,1,1,99,0,47,89,1,1,619,105,1,112,4,0,101,8,1160,19,8,14,77,1,8,0,14,27,7,0,1,1,904,216,215,14,0,0,1,37,3,33,0,399,0,0,11,9,15,51,68,249,23,27,5,15,5,388,8,0,11,0,1,131,2,18,15,1310,1,4
13,8,1,7,26,7,362,43,9,3,28,61,10,47,48,5,62,3,25,58,38,9,91,8,21,0,2,4,111,1,6,2,132,152,100,12,3,0,13,29,52,26,1,137,22,2,98,14,10,7,41,1283,125,450,2,75,3,65,10,28,4,12,9,438,8,84,9,51,33,10
27,8,1,10,12,13,635,24,14,3,6,37,14,26,98,75,38,1,4,64,55,6,78,16,24,1,1,1,276,1,9,2,49,97,59,9,4,0,23,21,111,20,2,70,100,2,151,14,6,2,27,1967,172,975,1,118,2,26,8,124,2,45,12,505,10,108,5,12,79,11
28,7,1,8,6,13,601,15,16,3,3,24,16,15,91,189,25,1,1,56,45,4,52,16,19,1,0,1,256,1,8,2,23,65,34,6,3,0,26,13,127,12,3,39,144,2,171,9,4,1,16,1692,169,1168,1,95,1,12,5,196,1,71,13,454,9,103,3,4,88,9
36,11,2,13,16,18,876,33,15,4,8,48,15,39,145,87,50,2,7,79,82,9,114,21,35,1,1,2,445,1,12,4,71,124,87,11,6,0,27,29,136,30,3,100,133,2,165,22,8,3,38,2818,207,1158,2,180,3,38,11,147,3,50,14,620,13,131,6,19,105,16
12,12,2,6,90,5,335,117,23,5,258,183,30,97,29,0,192,8,120,125,32,22,136,8,25,0,13,10,42,1,8,1,427,473,204,33,1,0,21,57,62,37,0,355,9,4,236,13,32,33,86,1175,237,588,1,53,6,191,17,18,11,11,22,921,15,166,36,176,26,13
23,11,2,11,28,12,623,50,11,4,21,69,11,59,95,16,70,3,23,75,66,12,131,15,33,0,2,4,259,1,9,3,144,171,129,14,5,0,18,38,83,38,2,162,50,2,122,24,11,7,53,2209,169,697,3,141,4,73,13,56,4,21,11,569,12,112,9,53,61,15
30,11,1,10,20,13,643,39,37,5,18,66,44,32,72,66,71,2,6,117,47,9,85,19,25,0,2,1,138,1,11,2,72,187,72,15,2,0,43,27,162,19,3,100,80,4,376,11,12,5,35,1820,315,1583,1,85,2,35,10,155,3,74,30,924,16,199,12,14,82,14
9,11,2,6,121,4,271,144,12,4,417,209,17,135,25,0,214,10,283,103,31,26,157,5,25,0,17,16,37,0,6,1,684,507,275,35,1,0,12,68,38,48,0,484,4,4,144,16,35,50,108,1062,172,353,2,52,7,303,20,7,14,4,14,736,12,124,37,391,17,12
7,11,2,6,116,4,246,136,12,4,416,199,15,128,22,0,203,11,281,95,28,25,146,5,24,0,16,15,33,0,5,1,661,482,261,33,0,0,12,63,35,45,0,462,4,4,132,15,33,48,101,966,159,320,2,47,7,292,18,7,13,4,13,684,12,115,35,383,15,12
24,10,1,10,19,12,600,37,13,3,13,54,14,40,89,29,55,2,11,72,57,9,101,15,28,1,1,3,233,1,9,3,89,137,89,12,4,0,21,28,94,27,2,112,63,2,143,18,9,5,39,1981,174,817,2,119,3,46,10,78,3,30,12,554,11,113,7,27,65,13
26,9,1,10,14,13,649,28,10,3,7,40,11,34,108,49,41,1,7,60,63,7,93,16,27,1,1,2,327,1,9,3,65,102,75,9,5,0,19,24,96,25,2,86,87,2,118,18,6,3,32,2138,153,809,2,138,3,34,9,95,2,33,10,470,10,98,5,19,74,12
27,7,1,7,8,12,531,18,33,4,5,32,39,14,61,171,35,1,1,81,34,4,47,16,16,0,1,1,123,1,9,1,26,96,32,8,2,0,40,14,158,9,3,43,110,3,334,6,6,2,17,1368,250,1596,0,62,1,13,6,222,1,101,26,661,11,152,6,4,82,9
24,16,3,13,65,12,649,100,22,6,92,149,27,99,76,7,154,6,62,135,65,21,179,16,39,0,6,8,150,1,12,3,312,379,212,29,3,0,29,62,106,50,2,310,33,5,247,24,25,19,89,2255,284,942,3,120,7,150,20,50,9,24,22,1013,18,192,23,117,58,20
8,10,3,7,102,4,276,126,5,3,252,161,6,155,34,0,157,9,368,66,40,24,180,5,28,0,9,22,70,0,5,3,726,357,313,26,3,0,7,69,27,65,0,488,4,2,62,26,23,38,111,1224,104,214,8,77,9,336,19,5,13,2,6,468,9,77,21,568,16,13
14,14,3,9,88,7,424,120,13,5,179,169,15,126,48,1,171,8,159,104,49,24,181,9,34,0,9,14,92,1,8,3,501,405,263,30,3,0,15,67,56,56,0,408,12,4,143,24,26,30,103,1639,190,487,5,91,8,233,20,17,11,8,14,756,15,133,25,262,31,16
41,7,1,10,4,18,816,11,22,3,1,18,22,11,131,795,19,0,1,61,54,3,48,23,20,1,0,0,398,1,10,2,13,53,25,5,4,0,38,11,198,10,4,27,329,2,231,9,3,1,13,2111,210,1855,0,118,1,7,5,451,1,151,17,509,9,123,3,2,142,10
16,13,2,9,64,8,434,92,23,5,124,143,30,81,43,3,150,6,63,122,41,19,134,11,28,0,7,6,71,1,9,2,292,373,172,27,2,0,25,51,81,35,1,275,18,5,245,15,25,21,74,1476,250,750,2,70,6,135,17,33,8,18,22,910,16,171,26,105,38,14
9,10,2,7,82,5,303,106,9,3,187,146,10,116,35,0,146,7,186,78,38,20,152,6,26,0,9,13,65,1,6,2,496,343,238,25,2,0,10,58,37,50,0,376,6,2,96,20,23,29,90,1223,135,315,4,69,7,229,17,9,10,5,9,561,11,96,22,295,20,13
0,2,1,1,65,0,35,60,0,0,377,71,0,78,4,0,68,6,737,14,6,10,54,0,6,0,9,18,6,0,0,0,598,145,148,9,0,0,0,26,2,24,0,270,0,0,8,7,10,33,47,186,16,19,4,12,4,259,6,0,7,0,1,92,2,13,10,855,1,2
11,11,3,7,82,6,334,107,17,5,206,162,21,98,33,1,168,7,121,106,34,21,138,7,25,0,10,9,51,1,7,2,415,408,205,29,1,0,17,56,55,39,0,342,8,4,180,15,28,30,84,1214,199,501,2,59,7,188,17,17,9,9,17,782,14,140,29,186,25,13
32,7,1,9,5,15,670,13,18,3,2,21,19,12,103,351,22,0,1,58,48,4,49,19,19,1,0,0,296,0,9,2,18,59,29,5,3,0,31,12,153,11,3,32,201,2,196,9,4,1,14,1812,185,1422,0,101,1,10,5,280,1,98,15,474,9,111,3,3,106,9
29,17,3,11,56,13,679,89,55,8,89,153,71,68,64,20,164,4,28,190,52,19,139,19,34,0,6,4,97,1,14,3,209,426,150,32,2,1,53,51,169,32,3,237,45,8,548,15,29,17,71,2028,451,1679,1,87,5,97,19,102,7,57,46,1465,25,296,31,51,73,19
30,6,1,8,5,14,614,11,18,3,2,19,18,11,93,359,20,0,1,54,42,3,43,17,17,1,0,0,263,1,8,2,15,53,25,5,3,0,29,10,146,9,3,28,192,2,191,8,3,1,13,1633,175,1366,0,89,1,8,5,275,1,98,14,443,8,104,3,2,99,8
6,9,2,6,97,4,231,117,3,2,241,143,4,153,30,0,139,9,429,53,36,22,168,4,26,0,9,24,65,0,4,3,740,310,307,23,2,0,5,64,20,65,0,473,3,2,43,26,20,37,106,1073,80,155,8,71,8,344,17,3,13,2,4,369,8,59,18,660,13,11
13,12,3,8,66,7,406,94,8,3,105,125,9,111,53,1,125,6,127,77,51,19,166,8,32,0,5,12,118,1,7,3,402,293,230,23,3,0,12,58,47,54,1,333,13,2,94,25,19,21,87,1625,142,385,5,100,7,192,17,16,9,6,9,564,11,100,17,226,30,14
28,15,3,14,44,14,740,74,18,6,43,108,20,81,100,15,110,4,36,112,75,17,168,18,40,1,3,6,237,1,12,4,216,271,175,22,5,0,26,52,111,47,2,234,51,3,199,26,17,12,73,2566,249,958,3,151,6,107,18,67,7,28,18,850,17,165,15,77,71,19
13,14,4,8,113,6,393,145,15,5,288,208,19,144,41,0,211,11,222,117,46,27,189,8,33,0,13,16,69,0,8,2,632,502,296,36,1,0,16,76,55,58,0,488,8,4,165,22,34,42,117,1520,208,485,4,79,8,288,22,14,14,7,15,848,15,147,34,338,27,16
30,7,1,9,7,14,629,17,21,3,3,27,22,16,89,204,29,1,1,67,45,4,55,18,20,1,0,1,230,1,9,2,25,77,36,7,3,0,32,14,146,12,3,43,146,2,219,9,5,1,18,1729,201,1370,1,92,1,13,6,221,1,84,17,538,10,123,4,4,94,10
22,12,2,10,39,11,548,64,22,5,48,99,26,61,64,12,103,4,28,108,51,14,123,14,30,0,3,4,126,1,10,3,174,259,132,20,3,1,27,41,100,32,2,190,36,4,230,16,17,11,57,1802,244,911,2,93,4,84,14,59,5,28,20,823,15,162,16,55,54,15
17,8,1,6,20,7,372,35,31,4,26,62,40,26,35,22,67,2,7,94,27,8,60,11,16,0,2,1,56,1,7,1,70,177,58,14,1,0,31,21,102,13,1,89,33,4,313,6,12,6,28,1054,241,1032,0,44,2,33,8,77,2,42,26,737,12,155,12,14,44,9
17,12,3,11,49,10,517,77,8,4,55,101,9,96,76,4,100,5,75,75,64,17,168,11,35,0,3,9,197,1,9,4,294,237,203,19,5,0,13,53,58,55,1,271,24,2,94,29,15,14,78,2027,146,468,6,134,6,145,16,25,7,10,9,553,11,101,13,150,41,16
7,8,2,5,62,4,234,81,6,2,138,110,7,90,27,0,110,6,147,57,30,15,118,5,20,0,6,11,53,1,4,2,383,257,186,19,2,0,8,45,28,39,0,289,5,2,69,16,17,22,70,952,99,233,4,55,5,178,13,7,8,4,6,415,8,71,16,234,15,9
13,12,2,7,85,5,339,110,29,5,245,180,38,87,29,1,191,7,93,135,31,21,125,9,24,0,12,8,37,1,8,1,373,477,183,33,0,0,25,54,70,32,0,323,10,5,290,12,33,32,79,1144,267,689,1,48,5,166,16,23,10,14,26,1005,16,184,37,136,27,13
24,6,1,7,8,11,507,17,20,3,4,28,22,15,67,117,30,1,2,63,37,4,50,14,17,0,0,1,158,1,8,1,28,80,35,7,2,0,28,14,120,11,2,44,98,2,206,8,5,2,17,1404,184,1145,0,72,1,14,6,159,1,65,16,506,9,114,4,5,72,9
23,2,0,4,1,10,412,3,11,1,0,4,10,2,71,1692,5,0,0,23,24,1,14,12,7,0,0,0,246,0,5,1,2,13,6,1,2,0,20,3,117,3,2,6,325,1,113,3,1,0,3,960,92,1123,0,53,0,1,1,441,0,134,8,197,4,52,1,0,89,4
27,13,2,12,35,13,688,62,17,5,32,90,19,65,93,18,93,3,26,102,67,14,142,17,36,0,2,5,220,1,12,4,167,230,142,19,4,0,26,44,108,39,2,189,53,3,194,23,15,9,61,2329,233,946,3,134,5,83,15,71,5,30,17,778,15,154,13,55,69,17
14,6,1,5,13,6,319,23,13,3,12,37,15,22,39,17,39,1,6,53,27,5,52,9,14,0,1,1,81,0,5,1,52,101,48,8,1,0,17,16,65,13,1,66,31,2,135,7,6,3,22,980,133,603,1,50,2,26,6,52,2,23,11,415,8,86,6,13,36,7
25,9,1,9,14,11,556,27,20,4,9,44,22,26,72,59,47,1,5,77,44,7,72,15,22,0,1,1,166,1,9,2,53,121,58,10,3,0,28,21,117,17,2,75,76,3,212,11,8,3,27,1645,206,1090,1,86,2,27,8,119,2,50,17,607,11,130,7,12,70,11
5,7,2,4,103,2,174,116,5,2,381,159,7,121,16,0,159,9,359,62,23,20,126,3,18,0,14,17,27,0,4,2,666,368,243,25,1,0,6,55,20,43,0,426,2,2,69,15,25,43,90,738,97,177,4,39,6,296,15,3,12,2,6,441,8,71,26,484,9,9
18,15,3,11,79,9,517,113,16,5,137,162,18,118,61,3,165,7,112,116,57,23,185,11,37,0,7,11,118,1,10,4,425,397,248,30,3,0,20,67,73,55,1,374,18,4,176,25,26,25,99,1924,224,637,4,106,8,201,21,27,11,13,16,853,16,154,25,196,41,18
16,8,1,8,25,8,420,42,12,3,25,63,14,43,54,10,65,2,18,68,41,9,91,10,22,0,2,3,121,1,7,2,116,160,94,13,3,0,17,29,68,25,1,129,30,2,133,14,10,7,40,1416,155,603,2,79,3,57,10,42,4,18,12,521,10,103,9,38,42,11
31,8,1,10,8,15,701,18,15,3,3,28,16,19,112,180,29,1,2,62,56,5,65,19,23,1,0,1,330,1,10,2,30,75,43,7,4,0,27,16,135,16,3,49,157,2,169,12,5,1,20,2042,180,1209,1,121,2,16,7,197,1,69,13,494,10,111,4,6,99,11
8,11,3,7,114,4,304,140,4,3,267,173,5,182,39,0,167,11,460,67,47,27,207,5,32,0,10,27,87,0,5,4,848,377,365,28,3,0,6,78,26,78,0,558,4,2,57,32,24,42,127,1388,104,210,10,91,10,395,21,5,15,2,5,474,10,76,22,720,17,14
23,7,1,8,10,11,537,21,13,3,6,33,14,22,79,66,34,1,4,59,45,5,65,14,20,0,0,1,210,1,8,2,42,88,50,8,3,0,22,18,100,16,2,60,84,2,147,11,5,2,23,1631,159,895,1,94,2,22,7,111,2,42,12,464,9,100,5,10,68,10
