52,1,230,109,346,31,78,23,12,19,96,20,693,2,42,406,6,381,1595,218,421,324,232,30,58,1195,167,1217,1032,92,19,169,2677,138,190,753,40,7,154,5,150,1532,16453,185,22,34,1769,6572,103,86,55,0,4647,100,148,5557,25,198,11,1337,19,50,3382,235,271,168,80,208,33,10,132,119,7844,280,243,7,1945,224
937,334,134606375,4793,491861,253,151,4,800,4986,5278,0,24976,0,1861,692,13,295334,417502,40217,1048647,969502,48783017,143699,919,216522,1752,26917,19213,241033,0,6583980,1643178,4745,18366,6464,274,44,30492,202,2983,128665,1810810,6458,731,671,365432,1374871,22210,151943,1252171,2,6056888,5298,17792,133084384,8486,2576,19,63912,30,9,278619,249127,799,16,47032,1381,21,0,7984,101,3745225,5722,1390,581,18679,4
6,0,0,16,33,28,41,59,0,0,14,53,219,39,2,239,4,26,134,8,7,4,0,0,38,55,16,128,372,14,280,5,180,26,21,76,12,6,11,1,24,193,351,76,7,12,115,625,12,1,1,0,91,9,53,41,3,66,19,104,6,83,821,60,149,176,6,56,3,915,9,105,476,53,34,1,770,501
298,17,102531,743,8032,60,124,9,114,321,712,5,3287,0,427,599,9,8545,23993,3984,23781,20841,138040,2164,158,20779,891,8010,3811,2077,0,16791,56943,799,1868,3808,116,14,2229,27,796,13850,344772,779,101,129,27602,87834,1228,3930,4601,0,208724,881,949,890533,333,677,10,12549,35,24,22963,3329,484,83,1514,639,71,0,1357,120,162182,1394,944,56,5673,50
32,0,39,63,139,25,68,29,6,8,54,29,442,7,22,366,6,156,737,96,134,99,37,8,43,536,106,722,710,36,53,44,1119,84,99,485,29,6,72,3,94,821,7113,122,14,23,814,3144,50,28,15,0,1591,54,85,1316,11,140,11,717,17,62,1948,108,231,209,34,152,28,47,68,119,3317,178,169,4,1436,349
14,0,2,26,36,20,55,43,2,2,22,51,229,39,7,305,5,40,223,25,21,14,1,0,29,145,47,298,407,10,235,5,293,38,35,219,18,5,21,1,43,309,1668,67,7,13,237,1004,17,4,1,0,283,19,40,135,3,81,12,253,12,83,867,37,178,270,9,90,17,477,23,118,868,86,86,1,903,641
21,0,3,34,37,16,64,36,3,3,28,50,233,39,13,348,5,50,295,45,39,28,5,1,25,248,83,481,425,7,213,6,382,47,47,398,22,4,30,1,61,401,4025,62,7,13,353,1302,19,8,2,0,531,29,34,261,3,91,9,417,17,83,885,27,196,344,11,118,39,331,38,126,1211,112,145,1,982,737
3,0,0,2,0,4,44,97,0,0,2,319,25,9795,0,259,3,0,9,1,0,0,0,0,4,9,19,73,71,0,28332,0,6,5,2,109,6,1,0,0,9,26,227,6,0,1,12,48,0,0,0,0,5,2,1,0,0,18,6,39,13,239,58,0,104,1506,0,37,55,382903,2,144,26,17,51,0,249,8495
23,1,112,66,314,44,58,31,5,9,60,21,655,2,13,315,5,244,927,74,138,98,36,10,76,435,58,501,931,131,23,142,1594,93,111,250,26,9,79,5,80,929,3225,207,21,31,831,3961,75,31,43,0,1422,46,194,1606,21,159,17,527,10,50,3159,381,224,108,56,127,7,20,52,105,4135,169,93,6,1636,175
205,29,200423,713,14598,97,104,10,96,308,711,4,4367,0,252,509,9,11114,26058,2739,20265,16941,99619,2093,253,14998,476,5228,4583,5731,0,39296,68317,807,1856,1914,101,19,2139,37,637,13971,144672,1180,134,157,24729,96109,1582,3529,9664,1,157958,690,1836,847691,500,718,15,8509,22,21,32659,9329,456,46,2064,509,20,0,953,106,172365,1227,513,70,6058,28
3,0,0,8,10,21,37,79,0,0,7,88,123,166,0,218,4,8,52,3,1,0,0,0,25,22,10,73,232,3,1021,0,62,14,9,50,8,4,4,0,14,91,148,43,3,7,46,256,4,0,0,0,26,4,25,7,0,43,18,52,6,110,404,20,125,251,2,40,3,6074,4,108,169,31,24,0,533,935
2,0,0,3,0,8,36,105,0,0,2,219,40,2833,0,216,3,0,11,0,0,0,0,0,8,7,9,47,96,0,11236,0,10,5,2,50,5,2,0,0,7,29,89,12,0,2,13,62,0,0,0,0,5,1,4,0,0,21,11,26,7,187,101,1,99,700,0,30,11,150698,1,123,34,16,25,0,287,3818
0,0,0,1,0,5,29,152,0,0,0,399,19,16698,0,186,2,0,3,0,0,0,0,0,5,1,4,21,52,0,56052,0,2,2,0,26,3,1,0,0,3,10,25,6,0,1,3,19,0,0,0,0,0,0,1,0,0,12,11,10,6,261,41,0,77,1032,0,18,10,1659656,0,125,8,7,14,0,176,7967
31,0,44,64,151,27,68,29,6,8,55,28,462,6,21,365,6,164,760,95,136,100,38,9,46,533,102,708,733,41,49,49,1166,85,101,464,29,6,73,3,94,838,6736,129,14,24,825,3241,52,29,16,0,1596,54,92,1357,12,142,11,706,16,61,2049,121,232,199,36,152,25,44,68,119,3418,179,162,4,1464,331
4,0,0,9,8,16,41,72,0,0,7,95,112,223,1,240,4,8,55,4,2,1,0,0,20,29,16,98,220,2,1221,0,62,15,10,76,9,4,4,0,17,98,260,36,3,6,54,268,4,0,0,0,35,5,18,8,0,44,14,70,8,116,359,12,131,331,1,47,7,6555,5,115,182,36,35,0,534,1193
27,0,44,60,165,31,64,32,5,7,53,28,484,6,17,347,6,162,722,78,115,83,28,7,52,444,80,591,752,51,47,56,1128,82,95,360,27,7,67,4,84,791,4726,141,15,25,737,3096,53,25,18,0,1308,47,108,1144,13,141,13,589,14,60,2169,154,226,172,36,138,17,45,57,116,3190,166,130,4,1460,295
6,0,0,9,5,11,46,65,0,0,7,109,92,375,2,267,4,6,53,6,2,1,0,0,14,37,25,134,194,0,1739,0,56,15,10,125,10,3,5,0,20,99,492,27,2,6,60,256,3,0,0,0,44,6,11,9,0,42,10,93,11,128,283,6,136,486,1,55,19,8662,7,124,179,39,54,0,509,1724
21,1,72,59,246,41,57,33,5,7,53,23,580,3,12,311,5,196,776,63,108,76,24,8,69,372,55,459,844,99,30,99,1296,83,96,237,25,9,67,5,73,807,2846,183,18,28,705,3339,63,24,31,0,1144,41,164,1173,17,146,17,471,10,53,2722,297,217,117,45,120,7,30,46,105,3400,154,89,5,1519,200
9,0,0,18,20,18,49,52,1,1,15,64,174,75,4,279,4,22,134,13,9,6,0,0,25,81,32,201,323,5,431,2,166,27,23,152,14,4,12,1,31,203,869,53,5,10,139,618,10,2,0,0,133,12,29,51,2,65,12,160,10,94,621,24,159,294,5,72,13,1242,14,117,490,63,63,0,741,811
35,0,27,61,106,21,73,29,6,8,52,33,391,11,25,388,6,134,679,103,130,97,36,8,36,566,128,807,653,24,71,29,987,81,95,597,30,5,69,3,98,784,8992,103,12,21,800,2894,44,27,10,0,1613,56,66,1196,9,134,9,784,20,67,1666,71,235,262,29,162,42,65,74,126,3052,181,204,3,1382,445
132,2,1489,233,756,28,105,15,32,58,207,14,1026,0,149,526,8,1041,4242,864,2211,1849,3392,161,61,4486,494,3377,1489,148,7,540,7582,268,457,2271,66,7,441,8,332,3531,97310,239,32,49,5468,16614,222,402,179,0,24290,273,188,40267,50,303,7,4139,34,43,5476,313,351,192,199,374,106,1,413,130,23937,566,628,13,2787,189
204,9,20536,464,3387,48,114,11,68,161,434,7,2148,0,259,556,9,3806,12097,2041,8925,7623,29535,758,116,10696,642,5324,2687,833,1,4763,25979,516,1060,2802,91,12,1155,17,543,8008,182636,515,67,90,14165,45558,641,1545,1389,0,84287,531,546,253861,166,495,9,7596,32,30,13592,1495,423,107,701,499,70,0,800,122,75774,953,735,33,4311,79
0,0,0,0,0,7,23,187,0,0,0,390,19,14395,0,152,2,0,2,0,0,0,0,0,6,0,1,10,50,0,56549,0,1,1,0,11,2,1,0,0,2,7,7,7,0,1,1,13,0,0,0,0,0,0,1,0,0,10,16,4,3,251,41,0,67,697,0,12,2,2328323,0,112,5,5,6,0,158,6083
3,0,0,6,3,13,38,82,0,0,5,124,78,511,0,226,3,4,32,2,0,0,0,0,15,17,12,72,165,0,2535,0,33,10,6,61,8,3,2,0,12,64,165,25,2,5,32,159,2,0,0,0,17,3,11,3,0,34,13,47,7,135,233,6,117,408,0,39,8,18926,3,115,100,26,29,0,425,1705
2,0,0,2,0,5,39,99,0,0,2,268,30,5795,0,234,3,0,9,1,0,0,0,0,5,8,14,58,78,0,19156,0,7,5,2,75,6,1,0,0,8,26,145,8,0,2,12,51,0,0,0,0,5,1,2,0,0,19,8,32,10,212,71,0,99,1066,0,33,27,261902,2,132,28,16,36,0,257,5965
235,26,183619,747,13040,86,111,10,105,327,737,4,4155,0,304,539,9,10895,26702,3199,22682,19252,121138,2269,226,17267,585,6098,4466,4553,0,33448,68448,832,1937,2392,107,18,2268,34,699,14500,194402,1080,128,153,26756,98098,1540,3880,8453,0,182122,769,1580,934877,467,724,13,9874,25,22,30655,7326,471,54,1991,555,29,0,1097,110,178573,1311,624,68,6081,32
0,0,0,2,1,15,27,134,0,0,1,184,51,1409,0,171,3,0,10,0,0,0,0,0,15,3,3,22,110,0,7437,0,9,4,2,17,4,3,0,0,4,24,20,19,1,3,8,55,0,0,0,0,2,0,8,0,0,21,20,12,3,165,136,4,88,354,0,20,1,131889,0,106,27,11,9,0,286,2112
126,4,2916,260,1203,37,101,15,35,68,236,12,1292,0,136,507,8,1424,5231,880,2648,2186,4339,207,81,4654,417,3162,1767,283,4,1049,9976,302,529,1864,67,9,513,10,336,4088,80216,316,40,59,6204,20412,291,486,328,0,27224,282,286,53896,71,339,9,4025,29,38,7261,586,358,144,275,366,65,0,410,124,29793,595,525,17,3094,135
5,0,0,10,10,18,41,68,0,0,8,83,127,155,1,239,4,10,66,5,2,1,0,0,23,34,16,105,244,3,888,0,78,17,12,78,10,4,5,0,18,113,287,42,4,7,64,320,5,0,0,0,44,6,22,12,1,48,15,77,7,108,422,17,134,292,2,49,7,4242,6,112,224,39,35,0,573,996
168,6,9301,367,2206,42,108,12,52,114,339,9,1733,0,202,534,8,2549,8610,1466,5505,4644,13858,451,99,7700,545,4342,2251,528,2,2555,17605,415,800,2404,80,10,833,14,448,6095,133555,418,54,75,10175,32875,464,974,768,0,53896,413,414,136882,117,422,9,5918,31,33,10452,1003,394,121,478,440,69,0,615,122,51968,788,647,25,3748,98
51,0,5,54,33,10,89,27,6,6,43,52,224,53,43,468,6,68,469,135,113,90,32,5,16,694,268,1247,442,3,224,5,574,67,77,1372,33,3,57,1,116,631,23595,49,7,14,726,2001,24,22,2,0,1700,65,21,810,3,109,5,1111,36,89,840,12,240,634,14,201,228,218,99,149,2117,187,430,1,1133,1146
149,10,19568,399,3772,59,100,13,53,130,379,7,2249,0,168,497,8,3558,10549,1379,6274,5182,16283,562,139,7441,412,3743,2713,1160,0,5512,23345,462,907,1746,78,13,946,18,431,6945,94141,583,70,92,11128,40199,621,1132,1537,0,56478,404,684,176655,173,470,12,5323,24,29,14410,2164,394,82,680,410,34,0,567,114,63970,800,485,33,4151,64
483,18,199023,1040,9834,52,147,7,181,521,989,4,3639,0,830,691,10,12443,35983,7885,50802,46673,480046,4475,144,39748,1638,13720,4267,2022,0,22958,85850,1059,2732,7173,149,13,3546,29,1178,19822,910387,787,111,144,46175,128600,1616,7871,6453,0,457173,1436,904,2139539,410,800,7,22364,49,24,26048,2971,546,100,2085,863,154,0,2410,127,259688,1940,1632,68,6503,53
70,4,1295,173,930,44,83,19,20,38,158,13,1133,0,61,426,7,899,3200,389,1064,830,974,86,89,2141,202,1664,1532,286,6,707,6053,215,333,879,50,10,293,9,210,2648,25324,309,36,51,3340,12850,208,210,215,0,10641,157,298,18778,55,276,12,2019,19,40,6179,657,309,116,185,255,26,2,206,115,16855,399,274,13,2613,129
21,0,5,37,51,19,64,37,3,3,31,45,273,27,13,347,5,62,344,47,45,32,6,2,30,263,77,477,481,12,163,9,463,52,53,365,23,5,34,2,63,449,3741,75,8,15,393,1515,24,10,3,0,592,31,44,325,5,99,10,424,16,79,1071,41,202,295,14,119,30,240,39,125,1423,119,134,2,1067,614
9,0,0,10,2,7,55,58,0,0,7,139,68,865,4,312,4,5,48,9,2,1,0,0,8,52,48,206,159,0,3140,0,46,15,10,251,12,2,5,0,25,98,1190,17,1,4,67,232,2,0,0,0,59,8,5,10,0,39,6,138,17,150,196,1,143,871,0,70,67,14516,11,139,167,45,102,0,473,3068
21,0,7,39,60,21,62,36,3,3,33,41,294,21,12,338,5,70,371,47,49,35,7,2,32,268,73,465,506,15,133,12,512,54,56,340,22,5,36,2,63,473,3531,82,9,16,412,1630,26,10,4,0,623,31,51,367,5,102,11,420,15,75,1176,51,201,261,16,117,25,188,39,121,1544,120,126,2,1096,533
436,49,1296985,1414,34358,100,131,7,224,833,1425,2,6679,0,700,619,10,29628,65009,8810,88971,79370,1072868,9387,294,46522,1099,11996,6683,11246,0,139206,184896,1479,4128,4453,155,21,5531,54,1245,30012,598270,1637,202,229,67596,229287,3388,14055,33444,1,671712,1628,2677,5140641,1041,1071,12,21787,33,17,55128,15442,569,45,5062,823,44,0,2482,111,485361,2257,1052,127,8534,20
21,0,8,39,61,21,62,36,3,4,33,41,297,21,13,341,5,72,381,49,51,36,7,2,33,277,75,477,512,15,131,13,527,55,57,350,23,5,37,2,64,483,3689,83,9,16,424,1671,27,11,4,0,650,32,51,386,5,104,10,433,15,75,1193,51,203,263,16,119,26,181,40,121,1589,123,129,2,1108,532
2,0,0,4,1,8,38,91,0,0,3,185,46,1825,0,225,3,1,16,1,0,0,0,0,9,11,12,61,110,0,7370,0,15,7,3,64,6,2,1,0,9,39,141,14,1,3,18,85,1,0,0,0,8,2,4,0,0,24,10,36,8,169,123,1,105,658,0,34,14,77516,2,122,49,20,31,0,321,3233
40,2,260,100,428,40,70,25,10,16,90,19,774,1,29,374,6,393,1515,159,330,246,149,25,74,901,112,906,1103,144,16,225,2645,131,175,491,36,9,137,6,126,1429,9124,224,25,37,1509,6300,108,69,70,0,3447,81,200,4420,28,198,14,1000,15,48,3860,378,262,128,86,179,16,9,100,113,7258,249,167,8,1968,178
25,76,54,354,1448,1497,3,103,296,2103,31,0,46,4,57,2724,768,420,46,25,109,12,3170,0,128,170,39,13,49,21,5,103,278,5,782,77,3,67,1124,3,13,668,17710,106,19,15601,115,29,418,1323,1229,43,68,215,268,3884,878,412,2,4,4,131,1,57,94,3856,1450,29,168,4,3844,8,803,162,162,108,82,15
283,7050,7252971,9503,971829,10407,6,27,10482,262123,1047,0,1148,0,1362,4115,1348,151685,6237,2238,97847,13229,130918495,1631,1609,14713,258,182,667,27917,0,1351948,80287,138,42222,418,20,319,112624,85,175,32147,847638,2643,442,217019,11912,3250,48950,882671,9554706,130,33890,6424,21128,25929872,157244,3921,4,133,5,29,101,33645,238,430,410418,146,80,0,124939,7,179476,2188,626,4884,605,0
3,24,0,64,200,1569,1,254,35,177,5,1,17,43,3,1632,545,39,4,0,2,0,7,0,99,9,3,1,19,4,64,5,24,0,107,7,0,60,105,1,2,100,426,52,7,6497,8,3,67,41,67,50,1,23,124,43,157,156,4,0,1,202,0,20,54,3546,169,8,19,240,330,7,62,34,23,26,35,29
121,474,12289,1965,23418,2634,5,48,2127,25523,189,0,184,0,466,3878,1062,6695,527,353,4051,531,962579,45,306,2222,181,74,157,336,0,6072,4253,29,6010,339,10,113,12220,13,61,4778,277684,376,74,50053,1360,299,3781,40194,60934,57,2092,1512,1376,362784,8595,1233,2,37,7,70,10,587,159,2115,19545,82,345,0,31144,9,11999,687,559,618,214,3
16,45,11,222,658,1281,3,130,173,1057,19,0,31,11,33,2525,715,193,23,12,39,4,644,0,101,84,26,8,35,9,15,31,130,3,447,52,2,59,583,2,8,389,8490,74,13,11360,58,15,226,513,404,40,26,126,168,1094,462,308,2,2,3,160,0,29,83,4746,700,22,145,17,2188,9,379,110,118,67,63,23
7,20,0,100,199,1041,2,183,69,338,8,0,17,47,11,2088,607,56,7,3,7,0,46,0,71,25,12,3,21,2,57,5,38,1,176,24,1,48,195,1,4,159,2186,43,7,6809,18,5,85,107,75,36,5,50,86,139,172,187,2,0,2,204,0,11,64,5723,222,13,89,132,807,8,111,56,62,31,41,39
12,18,1,132,201,833,3,155,101,492,10,1,17,51,22,2438,655,70,10,6,13,1,128,0,59,44,22,5,22,1,55,5,50,2,235,47,2,42,281,0,5,208,5633,39,7,7079,28,6,99,186,80,31,10,77,71,272,182,210,2,1,3,208,0,7,72,7658,263,18,218,96,1362,9,157,74,110,34,45,48
2,0,0,17,3,254,2,355,11,24,0,7,1,7380,2,1934,472,1,0,0,0,0,0,0,12,2,6,0,4,0,4410,0,1,0,19,16,0,16,16,0,0,18,529,5,0,1410,1,0,4,2,0,15,0,9,4,0,6,52,1,0,3,536,0,0,41,30701,7,6,358,50453,161,11,5,14,49,2,13,456
10,89,28,217,1413,2253,2,143,146,1055,19,0,45,3,18,2081,677,279,27,8,35,3,490,0,178,60,12,4,45,34,6,96,170,3,460,23,2,85,580,3,6,407,3174,124,19,14583,53,17,318,482,1058,58,20,98,381,1129,782,335,4,1,1,128,1,104,78,2327,1063,17,33,7,1489,7,428,97,58,91,69,11
79,830,22816,1834,42811,4421,4,55,1713,23397,184,0,247,0,253,3277,1021,8491,553,223,3167,393,595867,40,509,1486,89,45,190,973,0,14190,4942,29,5779,156,8,159,11217,19,46,4678,102079,585,100,61301,1155,318,4809,33441,127006,81,1443,1124,2770,313001,12898,1302,3,23,4,61,14,1747,150,1158,26195,63,90,0,20448,7,12216,586,282,773,229,1
1,11,0,36,68,1171,1,319,18,76,2,1,9,158,1,1489,490,14,1,0,0,0,0,0,67,3,2,0,12,1,203,0,9,0,53,5,0,47,47,0,1,51,200,30,4,4193,3,1,30,13,15,42,0,12,62,9,66,105,4,0,1,255,0,7,45,4854,65,6,19,1274,174,7,24,21,17,13,25,51
1,2,0,16,8,483,1,394,8,24,0,4,3,2153,1,1535,440,2,0,0,0,0,0,0,23,1,2,0,5,0,1796,0,1,0,20,6,0,24,15,0,0,19,167,9,1,1863,1,0,7,2,0,24,0,6,11,0,13,57,2,0,1,415,0,0,38,13419,12,4,66,21835,102,9,5,12,21,4,14,197
0,0,0,7,1,363,1,560,3,8,0,8,1,10802,0,1388,396,0,0,0,0,0,0,0,15,0,1,0,3,0,7754,0,0,0,8,3,0,19,5,0,0,8,58,5,0,1117,0,0,2,0,0,21,0,2,5,0,4,36,2,0,1,574,0,0,31,19643,3,3,59,190047,43,9,1,6,13,1,9,394
15,47,12,221,702,1341,3,131,171,1058,19,0,32,10,31,2480,710,200,23,11,39,4,633,0,105,82,24,7,36,10,14,35,133,3,448,49,2,60,583,2,8,391,7832,77,13,11593,58,15,233,512,439,41,26,124,180,1101,484,310,2,2,3,156,0,32,82,4457,726,22,128,15,2120,8,383,109,112,69,64,22
2,9,0,39,55,907,1,286,22,87,2,2,8,213,2,1641,504,13,1,0,0,0,1,0,52,5,4,0,11,0,242,0,9,0,59,8,0,40,53,0,1,55,374,25,3,3917,4,1,28,16,11,35,0,16,45,11,58,106,3,0,1,268,0,4,48,6490,61,7,39,1345,234,8,26,24,26,13,25,66
13,53,12,203,763,1528,2,139,148,939,17,0,33,9,24,2306,688,194,22,9,32,3,448,0,119,66,18,6,36,13,13,39,126,3,410,36,2,65,520,2,7,361,5212,84,14,11756,50,14,231,428,479,45,20,105,210,897,503,301,3,1,2,151,0,41,79,3745,721,19,82,16,1722,8,349,98,86,69,62,19
3,6,0,43,38,653,2,262,27,99,3,2,7,370,4,1907,535,12,1,0,0,0,2,0,38,7,7,1,10,0,352,0,8,0,64,15,0,33,60,0,1,59,806,19,3,3548,5,1,25,20,7,28,0,21,28,14,46,107,2,0,2,303,0,1,51,10098,53,9,106,1764,333,9,28,29,44,11,25,100
10,76,19,197,1141,2100,2,149,132,915,17,0,40,5,16,2072,669,232,23,7,28,2,358,0,163,53,12,4,41,26,8,70,142,3,408,22,2,80,506,3,6,363,2904,112,17,13422,47,15,274,397,788,56,16,89,328,866,661,313,4,1,1,136,1,83,76,2542,888,16,36,11,1358,7,363,90,57,80,65,13
5,15,0,73,125,989,2,217,47,211,5,1,13,85,7,1949,576,34,4,1,3,0,14,0,64,14,8,2,17,1,99,2,23,1,120,17,1,45,124,0,2,110,1204,36,5,5619,11,3,58,55,38,36,2,34,68,58,116,154,3,0,2,229,0,7,59,6174,140,11,70,313,530,8,67,42,47,22,34,49
18,35,7,216,496,1051,3,125,177,1018,18,0,27,16,38,2633,714,166,21,13,39,4,656,0,82,90,32,9,32,5,20,21,114,3,428,66,2,51,563,1,9,371,11112,61,11,10231,58,13,196,500,284,35,27,133,126,1024,378,292,2,2,4,169,0,18,83,5875,590,24,224,22,2385,9,350,112,144,59,60,30
63,105,286,729,2797,1309,5,70,748,5924,65,0,64,1,202,3567,908,1046,116,99,530,66,40613,4,127,618,118,37,68,29,2,275,725,11,1787,239,6,66,3033,4,29,1467,104982,128,26,21479,340,69,835,5680,3328,37,337,570,311,25020,1608,613,1,14,7,116,2,65,122,4758,3252,53,580,0,11737,9,2275,321,429,184,115,14
87,277,2924,1293,10754,2125,5,57,1340,13853,121,0,125,0,302,3628,983,3248,286,196,1704,218,247681,17,229,1239,136,52,114,146,0,1956,2110,20,3630,261,8,95,6816,9,43,2932,160519,258,51,36333,753,166,2111,17600,20796,50,940,968,830,119528,4597,930,2,24,7,84,6,282,141,2664,9805,66,347,0,19577,9,6095,490,451,388,167,6
0,0,0,5,2,511,0,700,2,4,0,8,1,8787,0,1126,360,0,0,0,0,0,0,0,20,0,0,0,3,0,7532,0,0,0,5,1,0,23,3,0,0,5,15,6,0,1101,0,0,2,0,0,27,0,1,7,0,4,31,4,0,0,548,0,0,27,12702,2,2,16,259505,21,8,0,4,6,1,8,288
1,5,0,29,29,755,1,324,15,55,1,2,6,456,2,1583,479,7,0,0,0,0,0,0,41,3,3,0,9,0,473,0,5,0,40,7,0,35,34,0,1,38,261,18,2,3059,2,0,18,8,4,31,0,11,29,4,35,86,3,0,1,310,0,2,44,8027,35,6,43,3498,169,8,15,19,22,9,20,93
1,1,0,16,4,333,1,373,9,24,0,6,2,4452,1,1743,456,1,0,0,0,0,0,0,16,1,4,0,4,0,3065,0,1,0,19,10,0,19,15,0,0,18,314,6,0,1573,1,0,5,2,0,19,0,7,6,0,8,54,1,0,2,482,0,0,39,21562,9,5,172,36483,129,10,5,13,33,3,13,320
91,733,20961,1928,37922,3875,5,53,1884,25026,191,0,233,0,311,3469,1042,8328,569,265,3603,455,747666,44,449,1738,111,54,184,757,0,11972,4964,30,6056,200,9,146,11973,17,51,4873,141535,530,94,59234,1262,325,4672,37278,110346,74,1695,1264,2346,351446,11980,1310,3,27,5,63,13,1341,154,1363,25236,69,133,0,23861,8,12730,629,350,749,229,2
0,3,0,12,13,910,1,518,5,16,0,3,4,1033,0,1185,405,2,0,0,0,0,0,0,43,0,0,0,6,0,1176,0,1,0,15,1,0,37,10,0,0,15,33,15,1,2168,0,0,8,1,1,38,0,3,25,0,17,55,5,0,0,364,0,1,33,6414,14,2,10,19730,46,7,4,8,7,4,14,104
57,149,517,778,4287,1693,4,71,759,6569,71,0,79,0,173,3359,904,1361,136,93,585,72,45798,5,167,598,94,33,79,55,1,509,905,12,1970,184,6,78,3343,5,28,1623,78760,167,32,25029,364,81,1052,6370,5779,44,348,557,465,30486,2191,667,2,13,6,104,3,122,122,3490,4296,50,332,0,10955,9,2676,324,339,224,124,10
2,11,0,44,72,1010,1,278,25,104,3,1,10,156,3,1664,518,17,2,0,0,0,2,0,60,6,4,0,13,0,185,0,11,0,68,8,0,44,63,0,1,64,407,29,4,4387,5,1,34,20,17,38,0,17,55,16,72,116,3,0,1,255,0,5,49,5861,77,7,36,934,260,8,32,27,26,15,27,57
74,215,1458,1061,7392,1923,5,62,1077,10354,98,0,104,0,246,3536,953,2296,213,148,1125,142,128804,11,200,939,120,44,98,97,0,1130,1508,16,2858,231,7,87,5163,7,37,2326,124069,215,42,31262,568,125,1597,11850,12364,47,642,784,651,70049,3405,815,2,19,6,92,4,198,133,3007,7044,59,351,0,15734,9,4409,418,409,311,148,7
30,13,1,210,167,488,4,111,208,947,16,1,15,75,79,3330,752,94,16,21,41,4,807,0,37,132,80,17,22,0,60,4,74,3,387,180,3,31,528,0,12,330,37443,29,6,7075,60,10,117,493,71,21,35,175,40,868,177,251,0,4,9,226,0,2,89,15062,315,32,1468,65,3713,11,275,126,353,37,51,80
62,332,2850,1117,12365,2702,4,65,1052,11259,106,0,133,0,190,3252,945,3080,251,129,1183,146,132252,12,284,848,85,35,117,215,0,2354,1916,17,3119,157,6,110,5584,10,34,2555,79040,301,54,37581,589,148,2080,12792,23809,60,619,729,1083,82245,4920,893,2,16,5,81,6,433,132,2020,9679,54,163,0,13691,8,5166,411,290,391,163,4
201,483,22316,2755,27447,2220,6,39,3371,41249,262,0,200,0,931,4555,1159,9518,782,709,8608,1186,3311691,92,273,4303,345,131,175,306,0,7760,6291,39,8762,666,13,104,19371,14,91,6816,764771,372,80,55297,2276,434,4879,79922,80478,49,4597,2494,1260,855671,10286,1456,1,68,11,69,11,491,181,2668,26232,113,808,0,56213,9,18989,964,1003,743,246,4
31,144,250,520,3512,2064,3,90,439,3706,48,0,71,1,76,2783,816,890,84,40,238,27,10513,1,190,273,43,16,69,61,2,374,565,8,1256,83,4,86,1930,5,17,1062,23834,168,29,22172,197,52,773,2807,4093,52,136,308,512,10942,1757,546,2,6,3,107,2,148,104,2676,3008,34,122,0,5446,8,1545,217,170,179,105,9
11,23,1,139,263,975,2,156,104,534,11,0,19,36,20,2376,659,84,11,6,14,1,143,0,70,44,20,5,24,3,42,8,58,2,254,41,2,47,304,1,5,225,4901,47,8,7831,30,7,115,204,114,34,10,78,91,316,222,223,2,1,3,196,0,11,73,6430,315,18,160,71,1336,9,176,76,97,39,47,39
6,3,0,47,20,387,2,227,35,109,3,3,5,851,9,2281,561,9,1,1,1,0,4,0,22,12,15,2,8,0,623,0,7,0,67,35,1,23,66,0,2,61,2266,12,2,2907,6,1,20,24,3,19,1,28,14,16,30,102,1,0,4,355,0,0,55,18813,39,12,423,2762,517,10,27,34,89,9,23,183
11,27,2,144,311,1070,2,156,107,566,12,0,21,29,20,2338,660,94,12,6,16,1,156,0,78,45,18,5,26,4,35,10,64,2,267,38,2,50,320,1,5,237,4554,52,9,8338,31,8,127,219,142,36,11,79,106,351,252,232,2,1,3,188,0,14,73,5772,355,17,133,58,1329,9,191,77,91,42,49,34
161,1239,118062,3404,88054,4307,5,39,3696,57655,344,0,352,0,667,3922,1148,20154,1256,667,12332,1633,5365163,159,554,4267,200,100,262,1634,0,41570,11979,51,11886,357,12,164,26570,26,87,9311,399914,753,140,83954,2900,693,9342,118481,367544,76,5514,2489,3650,1623755,24088,1847,3,58,6,51,23,2505,182,1182,57352,99,198,0,50080,8,31032,1024,569,1282,308,1
11,27,2,147,316,1066,2,155,109,579,12,0,21,28,20,2351,662,96,12,6,16,1,166,0,78,46,19,5,26,4,34,10,65,2,272,39,2,50,328,1,6,241,4744,52,9,8398,32,8,129,227,146,36,11,80,106,366,256,234,2,1,3,188,0,14,73,5792,361,18,137,56,1364,9,195,79,93,43,50,34
1,2,0,21,11,506,1,359,12,35,1,4,3,1530,1,1665,470,3,0,0,0,0,0,0,26,2,3,0,6,0,1291,0,2,0,27,8,0,26,22,0,0,26,268,11,1,2174,1,0,9,4,1,25,0,9,14,1,17,67,2,0,1,396,0,0,42,13359,17,5,84,12565,142,9,8,15,27,5,16,178
18,95,59,315,1783,1939,3,115,240,1793,28,0,50,2,37,2442,740,424,42,17,81,8,1888,0,163,121,24,9,51,34,4,137,268,5,698,47,3,79,964,3,10,605,9031,127,21,16549,94,27,432,1027,1548,52,47,167,367,2927,991,405,3,3,3,124,1,94,89,2839,1517,24,77,3,2777,8,718,140,105,114,81,12
289,208,2375,122,469,681,18,43,117,275,0,5,98,155,294,19,1,48,137,241,1713,108,164,12,1734,329,50,188,3076,399,43,20906,2501,39,593,4,21,207,79,390,253,6,260,178,62,18,4645,1431,194,1332,305,390,499,296,1,545,807,22,60,27,223,152,7,404,56,216,2202,11,338,6,218,50,3236,25,10,31,2767,1
975,12519,35693313,1278,131820,5588,20,19,1250,8894,13,0,1570,0,1364,20,1,5341,5551,3641,195630,12964,244812,2623,21686,5319,80,669,26993,332319,0,74630301,205690,383,10889,5,58,999,2180,6079,1177,121,1238,3430,922,171,116858,50671,9173,132754,638670,1373,30959,2488,105,320179,65123,129,168,171,137,40,248,193504,102,18,215670,26,32,0,1664,36,185223,141,11,718,13045,0
26,130,64,21,135,1229,7,117,11,22,0,9,52,535,11,9,0,5,16,7,36,1,0,0,2318,12,2,13,1586,326,207,3191,283,8,82,0,5,264,6,236,35,0,1,144,34,9,339,193,42,38,41,646,9,25,1,5,239,8,175,1,46,189,3,511,30,98,381,2,8,177,12,37,280,4,0,10,1311,1
1145,852,190998,512,4223,983,26,22,630,2227,4,2,293,11,1857,27,1,464,1014,2301,35997,2556,20911,297,3225,2987,205,848,7747,3179,3,524307,23335,144,3246,18,49,297,585,1087,921,35,3095,466,178,47,36867,9650,1153,23507,6826,455,9115,1579,5,24382,4967,56,51,161,379,93,31,2266,88,146,18052,27,788,0,1343,51,30444,86,33,128,6013,0
204,138,681,82,249,608,16,53,75,156,0,7,72,343,183,18,1,25,78,133,748,45,43,4,1442,183,36,128,2386,214,91,8231,1345,27,374,2,17,187,45,292,181,4,138,134,46,14,2656,847,117,608,124,373,228,190,0,191,482,17,62,17,200,179,5,239,51,252,1219,8,289,19,135,50,1748,18,7,21,2252,1
96,78,99,41,99,555,12,72,32,56,0,11,45,952,67,14,0,8,30,41,170,9,3,0,1170,59,15,56,1581,99,246,2154,483,14,165,1,11,165,17,189,92,1,34,92,29,9,965,347,52,152,33,364,53,80,0,31,220,11,72,6,139,212,2,131,40,262,478,5,146,104,52,47,609,9,3,11,1558,2
203,59,127,60,83,355,17,55,58,96,0,11,42,1345,189,19,0,11,44,108,413,25,17,2,797,143,45,130,1589,50,275,1721,657,19,247,4,16,127,28,168,161,2,167,71,27,9,1766,487,59,334,29,264,145,157,0,79,211,13,44,15,263,229,2,60,47,464,546,8,717,79,119,55,954,14,10,11,1732,4
95,4,0,13,1,93,16,90,13,10,0,50,7,105391,73,18,0,0,4,19,21,0,0,0,162,25,34,59,407,0,11354,10,41,4,39,3,8,47,3,29,61,0,64,10,4,1,237,52,4,18,0,118,10,41,0,1,13,4,22,4,356,518,0,0,32,2134,30,4,3099,12143,33,67,76,4,9,1,654,43
76,349,1482,61,637,1548,10,72,41,105,0,5,113,87,45,12,0,32,70,43,343,18,10,2,3510,66,7,41,3075,1349,37,30907,1428,23,288,0,11,335,31,487,94,3,15,281,72,18,1561,776,155,320,380,707,83,89,3,99,871,17,151,5,71,136,9,1636,42,78,1726,4,19,11,49,38,1436,11,1,28,2309,0
441,1890,323924,371,9167,2305,17,30,340,1439,3,1,423,3,488,18,1,523,843,755,15563,989,4770,160,7172,1087,48,287,9482,15809,1,1547199,22557,118,2398,3,33,505,383,1677,481,27,376,887,258,58,20859,8271,1385,11599,16690,822,3212,740,15,11424,7964,54,118,55,145,75,49,12355,73,51,22848,15,64,0,496,40,23251,54,8,157,6007,0
19,69,12,13,55,926,7,139,7,11,0,14,33,1612,7,8,0,2,8,4,14,0,0,0,1617,6,1,9,1116,119,543,870,133,5,49,0,4,211,3,153,25,0,1,91,22,6,186,104,22,16,11,549,3,16,0,1,118,6,158,0,46,233,1,206,26,136,178,1,10,689,7,38,137,2,0,5,1008,2
31,13,0,9,7,286,9,134,6,6,0,33,12,22680,15,12,0,0,3,5,8,0,0,0,469,7,5,16,563,6,4232,49,46,3,30,0,5,95,2,55,29,0,4,26,8,2,132,48,7,8,0,257,3,17,0,0,27,4,65,1,112,391,0,11,27,577,47,2,143,6769,10,51,62,2,1,2,696,12
19,6,0,5,2,215,8,172,3,2,0,51,7,83656,7,10,0,0,1,1,2,0,0,0,318,3,3,9,362,1,13669,9,16,1,14,0,3,75,0,33,17,0,1,15,4,1,56,20,2,2,0,221,0,9,0,0,11,2,62,0,100,498,0,3,22,786,17,1,137,38120,5,51,23,1,0,0,490,22
184,146,715,79,264,643,15,53,70,148,0,7,73,298,160,17,0,25,76,119,688,41,38,4,1521,165,31,114,2387,245,82,9034,1326,26,359,2,16,192,43,298,168,3,112,140,47,14,2492,825,118,566,134,385,206,175,0,178,496,17,66,15,180,171,5,276,49,224,1232,8,226,18,122,48,1687,17,6,21,2209,1
34,48,11,17,39,603,9,115,10,16,0,16,28,2669,16,11,0,2,9,8,26,0,0,0,1094,13,4,18,1045,55,722,558,148,6,61,0,6,163,4,127,38,0,4,68,19,5,273,121,21,26,8,408,8,26,0,2,99,6,102,1,78,259,1,90,30,234,171,2,43,714,14,44,173,4,0,5,1044,3
131,178,727,68,311,824,13,60,54,120,0,6,79,230,99,15,0,24,67,78,481,27,20,3,1902,112,18,78,2461,375,71,11299,1218,23,309,1,14,223,35,329,132,3,54,165,51,14,1952,738,117,414,159,459,135,131,1,124,540,16,85,10,132,162,5,438,45,164,1233,6,102,18,84,45,1441,14,4,21,2151,1
70,28,8,22,23,335,12,91,17,23,0,20,22,5730,44,14,0,2,11,20,50,2,0,0,633,28,13,40,924,18,1149,274,157,7,78,0,8,113,7,96,62,0,22,44,14,5,422,140,19,46,4,272,18,46,0,5,73,7,57,3,156,302,0,28,35,488,150,4,256,854,30,52,217,5,3,4,1063,7
75,302,1087,58,525,1421,10,73,38,96,0,5,103,112,45,12,0,27,63,41,304,16,8,2,3185,63,7,41,2867,1051,45,23349,1250,21,266,0,11,316,28,443,91,2,15,253,66,17,1439,700,137,283,293,671,75,85,2,83,752,16,144,5,74,143,8,1294,41,87,1492,4,22,14,47,39,1280,10,1,25,2207,0
69,65,45,30,70,565,11,86,22,37,0,13,38,1442,42,13,0,5,20,24,90,4,0,0,1129,36,10,39,1369,77,374,1297,319,11,118,0,9,164,11,164,69,1,18,82,25,7,629,241,38,84,20,377,28,55,0,14,164,9,81,4,117,232,2,110,37,262,331,4,102,214,34,47,394,7,2,8,1363,3
270,100,504,88,178,443,18,47,88,169,0,8,61,531,273,20,1,22,79,182,913,58,63,5,1065,242,56,177,2147,116,121,5185,1271,28,393,5,19,152,49,242,216,4,264,104,39,12,3028,841,104,713,83,299,300,233,0,223,387,17,46,23,271,192,4,126,53,359,1054,10,659,24,180,54,1791,20,12,18,2180,2
965,203,8832,266,631,429,28,26,347,838,1,4,115,127,1536,28,1,106,337,1263,9990,717,3012,65,1252,1570,243,722,3804,285,27,33584,6045,74,1413,23,40,163,230,425,659,15,2988,163,71,22,15404,3324,338,6615,536,273,3188,963,0,4018,1163,32,31,114,539,148,9,236,76,388,4186,24,2742,1,887,60,9268,55,44,47,3732,1
928,536,59529,374,2193,796,25,25,452,1405,2,2,212,25,1411,26,1,260,632,1531,18936,1329,7685,147,2470,1983,177,677,5978,1517,7,202177,13434,107,2216,16,42,252,377,792,731,24,2236,335,130,36,23800,6125,721,12679,2781,403,5109,1155,3,10514,2957,44,48,120,379,108,20,1165,81,185,10339,23,902,0,980,52,18072,67,30,88,4951,0
6,10,0,3,3,425,5,252,1,1,0,46,8,47676,1,7,0,0,0,0,0,0,0,0,578,0,0,2,377,5,10950,15,11,1,8,0,2,113,0,41,8,0,0,23,5,1,25,13,2,0,0,360,0,3,0,0,12,2,130,0,41,448,0,14,18,346,15,0,14,51671,1,42,13,0,0,0,440,11
30,32,4,13,22,489,9,123,8,11,0,20,21,5177,14,11,0,1,6,6,16,0,0,0,852,10,4,15,843,28,1268,254,96,5,46,0,5,139,3,97,33,0,3,51,14,4,200,86,14,17,3,358,5,21,0,1,64,5,92,1,82,292,0,49,28,295,109,2,54,1531,11,45,117,3,0,3,895,5
58,6,0,11,3,151,13,108,9,8,0,42,9,55541,36,15,0,0,3,11,14,0,0,0,255,15,15,34,465,1,7572,19,42,3,35,1,6,63,2,38,44,0,21,15,5,2,181,50,5,13,0,165,6,28,0,0,17,4,36,2,215,461,0,2,30,1219,36,3,819,9741,20,59,68,3,4,1,667,26
591,1553,300386,417,7670,1834,20,28,417,1687,3,1,390,4,733,21,1,526,919,1073,20716,1360,7806,201,5817,1498,74,400,9130,10470,1,1206947,23676,128,2691,5,37,440,447,1516,591,30,707,755,237,56,25368,8933,1359,14839,13698,702,4517,943,11,15043,7209,55,94,77,192,79,44,7932,78,68,22196,18,132,0,677,43,26070,63,12,152,6108,0
7,33,0,5,16,833,5,215,2,2,0,23,17,6421,1,6,0,0,2,0,1,0,0,0,1240,1,0,2,652,42,2086,146,34,2,16,0,2,182,0,87,10,0,0,55,12,3,48,31,7,2,1,540,0,4,0,0,41,3,194,0,28,298,0,93,19,146,51,0,4,6351,1,36,33,1,0,2,624,3
686,316,14520,251,1017,642,24,29,292,783,1,3,145,65,948,24,1,128,350,882,8263,568,2087,59,1856,1144,138,489,4405,660,17,65896,6812,73,1369,12,35,212,215,549,534,15,1360,231,90,26,13553,3484,409,5743,961,359,2388,761,1,3602,1601,34,45,79,364,130,12,558,72,239,5277,19,951,0,636,54,9411,49,25,56,3914,0
33,57,16,18,49,671,8,112,11,17,0,14,31,1922,15,10,0,3,10,8,28,1,0,0,1230,13,4,17,1120,75,552,777,169,7,66,0,6,174,5,141,38,0,4,77,21,6,290,134,24,29,11,433,8,26,0,3,116,7,110,1,72,240,1,122,30,199,200,2,33,519,14,42,192,4,0,6,1083,3
840,427,33701,322,1591,717,25,26,385,1125,2,3,181,37,1241,25,1,196,502,1261,13896,970,4744,104,2166,1631,166,609,5271,1054,10,126757,10276,92,1843,15,39,232,305,678,654,20,1924,285,111,31,19283,4915,573,9415,1792,380,3870,995,2,7001,2295,40,46,104,380,117,16,839,78,209,7882,22,973,0,844,53,14042,60,29,73,4509,0
943,28,160,124,48,126,32,31,184,265,0,14,33,3395,1583,33,1,15,86,740,2330,173,347,10,322,853,403,733,1488,9,412,830,1100,33,524,46,33,69,77,119,493,5,4372,38,20,8,5725,890,68,1530,17,127,1039,600,0,475,168,16,14,92,1023,277,1,9,66,1663,627,23,22054,54,642,76,2171,35,81,12,2047,13
507,741,58624,285,2843,1213,19,31,290,965,2,2,238,16,612,21,1,237,499,727,9873,648,2536,85,3599,997,74,343,6221,3078,5,288312,11318,87,1676,6,32,324,262,926,472,18,618,439,147,37,15258,4946,702,7172,3618,542,2413,688,5,5443,3348,41,74,60,219,99,24,2540,71,108,10133,16,225,0,509,46,13431,48,13,88,4672,0
2398,702,300980,773,4025,659,35,16,1158,3989,6,2,288,12,5160,34,1,635,1563,6085,94002,7213,104293,705,2323,7419,562,1943,8089,1902,3,504152,34513,199,5066,53,71,236,1024,1019,1616,54,14478,387,173,48,70689,14409,1407,55529,7116,339,25925,3131,3,69290,5220,66,32,380,688,96,30,1216,104,237,22609,43,3454,0,3097,58,51158,134,86,145,6827,0
285,391,8280,153,1055,1014,17,41,141,389,0,3,147,55,283,18,1,87,207,278,2634,165,309,21,2694,388,42,183,4140,1179,18,67289,4234,49,801,3,22,274,110,585,273,9,220,283,92,25,6229,2145,319,2060,894,503,689,337,2,1036,1486,27,79,28,179,125,12,1135,59,134,3984,11,167,1,235,46,5040,28,8,47,3339,0
170,77,175,59,112,451,16,59,53,95,0,10,49,916,146,18,0,12,46,90,381,23,15,1,1010,122,33,106,1752,83,210,2605,720,19,247,2,15,149,28,197,145,2,109,88,31,10,1678,510,68,316,42,312,126,140,0,77,259,13,54,13,213,215,3,100,46,354,638,7,397,62,101,52,985,14,7,13,1803,3
187,12,4,31,10,139,19,65,33,36,0,27,15,18099,176,21,0,2,14,64,118,7,2,0,279,81,62,122,751,3,2338,90,163,9,107,6,13,65,11,61,121,0,197,22,10,3,757,164,16,96,1,148,53,101,0,12,44,7,24,12,417,378,0,4,42,1415,118,7,3298,1179,85,66,286,9,15,3,1063,20
152,90,213,58,133,513,15,60,50,93,0,9,52,711,125,17,0,13,47,80,363,21,13,1,1147,111,27,93,1836,111,175,3322,756,19,245,2,14,162,27,215,135,2,84,99,34,10,1617,521,72,305,52,339,116,129,0,76,290,13,60,11,185,203,3,135,45,296,694,7,276,53,90,50,997,13,6,14,1825,2
1061,2250,1230257,704,14544,1858,24,21,793,3605,6,1,537,1,1618,24,1,1107,1846,2643,64351,4448,48284,635,6462,3586,142,762,12132,17111,0,3108031,50437,203,4956,11,52,463,924,2023,992,54,2137,961,322,74,54826,17321,2417,42731,34737,684,13735,1827,15,59636,12501,75,80,161,260,69,65,11382,93,68,43720,26,242,0,1419,45,57405,101,22,238,7927,0
156,90,220,59,134,508,15,60,52,96,0,9,53,707,130,17,0,14,48,83,378,22,14,2,1140,115,28,96,1847,110,173,3368,772,19,250,2,14,161,28,216,138,2,89,99,34,10,1664,532,73,317,53,336,121,133,0,79,293,13,60,11,189,203,3,133,46,300,706,7,290,51,93,50,1023,13,6,14,1839,2
40,14,0,12,8,273,10,117,8,9,0,29,13,17563,21,12,0,0,4,7,14,0,0,0,466,11,7,22,615,6,3222,67,61,4,38,0,6,94,2,60,36,0,8,28,9,3,180,62,8,13,0,245,5,23,0,0,32,4,58,1,129,369,0,12,28,593,60,2,197,4162,14,51,85,3,2,2,758,12
161,304,2624,96,653,1074,14,53,78,197,0,4,115,94,130,15,1,46,113,118,946,56,58,7,2626,171,21,97,3309,884,33,32975,2229,33,467,1,16,274,57,474,167,5,73,243,73,19,3106,1211,198,797,437,538,248,181,2,304,969,21,96,13,129,138,9,956,50,124,2290,7,82,6,116,44,2533,18,4,33,2679,0
70,195,148,1436,270,73,16,0,135,114,113,6,881,36,591,275,162,301,141,1207,142,2161,16730,362,66,188,11,8606,117,119,10,745,406,1177,3,87,62,99,592,8,6,3,1532,116,113,18,431,208,90,734,8,24,551,360,56,816,125,153,53,540,669,318,80,81,366,4887,5,283,8,0,138,7,968,43,140,140,51,1
16,28209,607013,3627,113540,2880,6,0,167,495,390,0,16626,0,66,120,157,12525,1349,559,567,6735,87718,3889,3121,118,0,1513,965,865087,0,4229073,9393,3814,16,1,47,1189,2354,206,3,16,25,5025,2064,172,1119,1943,2404,3682,21701,275,849,264,16909,13007,10066,508,883,152,44,71,3027,496789,366,63,287,124,0,0,52,3,9595,49,4,2283,163,0
0,643,7,107,358,881,2,6,2,2,9,6,963,13,0,59,81,41,8,2,0,2,0,1,513,0,0,46,87,2922,13,928,33,153,0,0,6,408,17,13,0,0,0,366,132,15,6,16,25,2,6,155,0,4,569,0,90,53,1013,1,15,259,90,3942,127,229,0,15,0,17,0,3,36,2,0,63,22,0
341,515,6030,5786,1449,75,26,0,754,859,465,3,2043,5,4909,420,219,2143,898,13294,2871,49795,2074154,7514,87,1920,69,48321,250,428,1,8835,2995,4026,20,518,151,114,4074,19,27,18,29329,219,253,40,3341,1206,415,12103,102,23,10548,2097,115,31097,535,347,34,3767,1516,226,227,207,582,5072,33,769,46,0,996,8,7826,152,644,456,103,0
50,143,52,1022,164,69,14,0,90,68,79,8,695,68,371,257,155,177,88,688,66,991,4993,166,59,108,7,5904,96,76,19,354,239,869,2,60,51,94,366,7,4,2,805,95,90,15,260,132,59,363,3,24,268,238,43,320,82,125,57,347,585,364,59,57,334,5348,2,229,6,1,87,7,566,32,104,102,43,1
17,115,10,482,93,88,10,1,33,23,37,10,522,121,91,189,130,72,34,159,12,170,331,32,66,26,1,1902,71,67,39,151,92,459,0,16,30,103,130,5,1,0,107,85,69,11,83,55,30,78,1,30,48,83,43,45,48,84,90,101,300,401,41,60,255,3869,1,120,1,9,25,6,195,15,33,62,31,1
116,41,11,1109,41,22,21,0,132,75,79,13,358,419,1226,360,166,97,72,1619,98,1618,11012,183,19,229,34,15422,61,7,70,51,158,838,2,289,69,45,401,3,7,2,5845,36,46,9,334,107,33,471,0,11,513,413,9,370,32,107,21,837,1589,504,26,4,371,19124,1,375,108,6,196,9,494,42,413,60,36,7
306,1,0,651,0,1,40,0,122,31,37,64,58,58750,5095,624,175,9,18,2798,44,854,4302,44,1,326,279,48424,16,0,3159,0,22,419,0,3086,85,9,178,0,11,0,80752,3,7,2,195,27,4,183,0,2,420,529,0,70,1,52,3,1959,8972,1310,2,0,384,299570,0,656,15980,433,382,16,124,40,3486,10,18,159
1,1200,118,316,1121,822,4,3,10,13,29,3,1727,3,4,86,104,174,36,17,2,35,28,15,575,3,0,194,151,6113,3,4992,150,393,0,0,13,429,76,22,0,0,0,545,230,26,34,61,77,28,35,139,7,19,846,17,248,99,683,11,32,211,184,6345,185,274,4,35,0,1,3,3,177,6,1,149,38,0
19,3439,10786,1841,7794,722,8,1,103,176,175,1,4513,0,92,150,149,1924,372,422,163,2067,14700,767,690,80,0,1941,366,22377,0,89312,1783,1834,6,5,43,454,884,53,3,6,59,1050,573,63,479,552,486,1025,638,113,356,195,1673,1907,1366,268,343,154,103,138,605,14911,331,329,42,134,0,0,47,4,2454,35,12,606,90,0
0,332,1,85,151,587,2,6,1,1,7,9,640,42,0,63,81,22,5,1,0,1,0,0,326,0,0,48,65,928,35,266,19,120,0,0,6,308,11,8,0,0,0,226,88,10,4,10,14,1,1,121,0,3,278,0,47,43,784,1,19,327,54,1325,124,388,0,15,0,55,0,3,22,1,0,41,18,0
8,21,0,163,8,39,9,2,10,4,11,27,163,2160,37,173,108,9,6,40,0,17,10,2,24,6,1,922,28,4,481,4,12,163,0,11,18,55,28,1,0,0,38,25,22,4,18,10,5,8,0,18,6,28,7,2,7,39,65,38,317,685,9,4,190,9528,0,75,2,313,8,7,31,6,25,16,15,7
6,10,0,104,2,29,8,3,6,1,6,41,103,7157,25,167,102,3,2,22,0,6,2,0,16,3,0,670,19,1,1374,0,5,107,0,9,14,44,14,0,0,0,24,15,13,2,9,5,2,3,0,15,2,18,3,0,3,28,58,25,322,866,5,1,170,13764,0,62,3,1365,5,7,14,4,22,9,11,14
38,171,55,926,192,85,13,0,75,60,73,7,749,53,260,234,149,177,81,508,52,752,3259,137,71,82,5,4438,99,110,16,442,230,812,2,40,46,106,321,7,3,2,464,110,97,16,220,124,61,294,4,28,199,193,56,252,90,123,70,262,459,346,65,84,317,4160,3,196,3,1,67,7,513,28,73,105,42,1
2,125,1,162,65,178,5,3,6,4,12,12,432,149,8,110,99,24,9,15,0,11,5,2,110,2,0,282,54,120,69,85,27,188,0,1,12,148,29,4,0,0,2,100,58,8,15,16,14,7,0,51,3,15,69,2,30,51,231,13,84,414,33,143,168,1624,0,41,0,51,3,4,45,4,4,36,20,0
15,297,59,623,306,171,9,1,38,34,51,6,930,26,71,168,132,160,58,163,19,255,610,61,134,28,1,1567,109,357,11,829,183,613,1,9,30,162,188,10,1,1,62,174,122,18,113,92,60,125,7,46,63,88,125,95,115,110,145,92,196,302,85,305,263,1800,3,111,0,1,24,5,336,17,20,111,40,0
24,33,0,373,20,36,12,1,30,15,26,19,252,871,147,230,131,27,19,181,7,118,194,16,25,28,4,2781,42,7,183,17,40,336,0,38,31,56,88,2,1,0,266,33,33,6,63,30,13,49,0,16,40,85,10,20,15,62,46,131,568,586,16,6,254,11154,0,144,9,53,30,8,106,14,73,30,23,6
2,949,87,307,863,671,4,3,11,12,28,4,1499,4,5,88,102,151,34,19,3,36,30,15,469,3,0,217,136,4049,4,3483,134,377,0,0,13,372,74,19,0,0,0,451,200,23,34,57,67,27,25,120,7,20,641,17,205,93,572,12,37,218,156,4190,183,328,3,37,0,1,3,3,166,6,1,131,36,0
10,112,5,335,78,106,8,2,20,13,26,11,475,139,43,160,118,49,22,75,5,71,86,14,75,12,0,1042,63,74,50,115,59,339,0,7,22,112,78,5,0,0,35,86,63,10,47,36,23,37,0,35,20,48,47,17,39,70,118,53,204,410,37,73,222,3044,0,85,0,17,13,6,118,10,17,51,26,1
127,72,38,1446,87,31,21,0,169,111,106,10,513,170,1358,357,173,173,112,2092,164,2700,23928,334,28,300,33,16829,81,18,32,149,269,1092,3,270,76,57,583,4,9,3,6171,54,66,12,476,164,53,782,1,13,788,510,16,755,57,133,26,978,1421,429,41,12,396,13467,2,401,70,2,235,9,791,51,384,89,44,4
981,74,413,5571,158,14,45,0,1081,769,392,7,703,107,22311,676,241,699,544,35100,3451,69073,3559880,5888,17,4344,462,163632,121,11,13,379,1277,3328,17,4190,216,39,3699,5,49,15,381498,49,87,18,3774,719,147,12479,5,7,18990,3827,11,24031,114,255,8,10960,6160,398,60,5,660,34594,9,1440,2279,0,2568,12,4962,200,4139,183,75,6
343,311,2219,4803,757,54,28,0,649,649,375,4,1487,12,5039,436,214,1338,643,11830,2026,35531,1244448,4858,61,1674,80,49209,197,180,2,3470,1961,3312,16,622,145,91,3122,14,25,14,33258,151,185,31,2632,870,278,8505,43,18,8114,1883,66,18550,328,294,28,3622,1797,263,153,90,562,7354,20,765,80,0,931,9,5475,137,764,327,89,1
0,46,0,30,10,197,2,9,0,0,2,26,174,1074,0,64,69,2,0,0,0,0,0,0,91,0,0,32,23,36,541,5,2,44,0,0,3,137,2,1,0,0,0,53,24,3,0,1,2,0,0,61,0,1,36,0,5,19,426,0,28,588,10,65,95,1310,0,11,0,1979,0,4,3,0,0,9,8,1
3,78,0,151,37,126,5,3,6,3,11,16,329,321,10,121,100,17,7,16,0,10,4,2,76,2,0,340,44,51,125,37,20,171,0,1,13,118,25,3,0,0,4,70,44,7,14,13,10,6,0,41,3,16,40,1,19,46,177,15,111,483,23,62,170,2500,0,45,0,98,3,5,36,4,5,28,18,1
66,4,0,355,2,7,21,1,42,13,22,45,90,14395,609,358,142,9,11,445,9,158,314,13,5,60,29,8673,20,0,1429,0,17,277,0,276,43,20,79,0,3,0,2945,7,11,2,69,18,4,49,0,5,69,149,0,15,3,46,12,356,2116,995,4,0,283,67871,0,257,382,387,74,11,67,18,420,12,16,44
44,2054,9707,2591,4997,384,11,0,185,283,235,1,3664,0,290,201,167,2044,489,1150,382,5284,63213,1522,389,203,3,4899,333,7551,0,48593,2126,2328,9,20,62,309,1397,40,6,9,355,685,462,56,852,705,476,2135,397,72,962,390,801,4404,1075,292,180,390,222,158,467,4579,390,707,40,222,0,0,114,5,3505,54,38,570,94,0
0,244,0,30,70,798,1,12,0,0,2,12,430,89,0,41,63,6,1,0,0,0,0,0,372,0,0,10,43,774,89,84,4,50,0,0,2,345,2,6,0,0,0,193,61,7,0,2,5,0,0,157,0,0,268,0,22,25,1399,0,7,369,33,1424,85,249,0,6,0,378,0,2,4,0,0,20,11,0
305,185,671,3660,372,41,28,0,498,431,278,5,1057,30,4361,441,208,753,412,8796,1163,20366,528858,2573,44,1230,80,43723,151,75,6,1237,1148,2539,11,636,131,74,2116,9,21,10,29264,104,132,24,1810,567,173,4950,16,15,5053,1491,38,8680,190,240,24,3001,1976,316,100,40,531,10350,11,708,115,0,751,9,3374,113,791,224,74,2
2,165,2,154,88,228,4,3,6,4,12,10,494,96,5,99,95,27,9,11,0,9,3,2,140,1,0,216,58,204,51,130,29,185,0,0,11,173,27,5,0,0,1,124,67,9,13,17,15,7,0,61,2,12,97,2,36,51,288,10,64,377,39,247,160,1173,0,35,0,40,2,4,44,4,2,40,20,0
346,241,1355,4385,546,46,28,0,605,567,337,4,1266,18,5148,444,212,1059,545,11254,1718,30325,981455,3940,51,1575,87,49958,174,116,3,2176,1592,3007,14,687,142,80,2745,11,24,13,35915,124,158,27,2348,741,228,7189,27,16,7188,1793,50,14490,257,271,25,3575,1961,283,125,59,551,8856,15,764,107,0,907,9,4599,130,837,277,82,1
6666,4,11,6721,6,0,113,0,2555,923,387,28,155,7794,338922,1528,296,173,345,241215,7772,198840,19111391,6862,1,23174,11764,1471733,45,0,299,3,483,3080,17,146432,437,7,4469,0,153,14,34274401,5,19,6,6535,439,38,21383,0,1,79295,13266,0,30461,13,183,0,80871,62748,907,9,0,872,687307,1,4552,1277877,3,15793,24,3532,380,96764,54,52,143
67,796,2358,2380,1648,180,14,0,201,244,203,2,2134,3,532,245,171,1106,355,1618,363,5334,65529,1183,180,267,7,7968,228,1348,1,10012,1301,2006,7,50,70,187,1220,22,7,7,1027,331,270,38,819,510,273,1904,97,43,1105,475,262,3312,488,242,97,586,409,207,240,824,403,1716,20,283,1,0,162,6,2571,57,85,351,78,0
2077,223,8400,13753,794,22,55,0,2968,2869,1012,3,1567,15,59928,795,287,3216,2002,128725,22481,473533,67642788,43331,30,15745,904,368255,236,64,2,3952,5639,7683,51,7904,350,56,13007,13,104,43,1353197,107,190,37,13579,2508,502,74207,58,9,108506,10227,31,261304,421,466,9,29365,7447,282,162,24,867,22458,40,2357,2565,0,7221,12,21095,419,6996,485,128,2
37,502,458,1358,764,171,12,0,102,107,114,4,1473,9,238,215,156,476,164,630,106,1486,9087,336,154,106,3,4164,165,701,3,3201,557,1218,3,26,50,173,555,16,4,3,338,245,189,27,357,245,141,603,31,44,336,238,182,729,256,174,113,277,315,251,151,495,342,1874,9,195,0,0,75,6,1077,35,49,212,59,0
61,72,15,898,70,42,16,0,87,55,66,11,463,208,499,289,156,105,64,762,54,839,3910,118,34,115,12,7493,71,22,46,105,153,737,1,101,53,66,301,4,4,1,1405,56,60,11,227,96,37,288,0,17,250,248,19,216,44,106,39,413,851,449,36,16,335,9797,1,256,20,5,100,8,410,31,165,69,36,3
465,4,0,1221,3,3,43,0,237,80,74,38,113,11780,8725,668,195,31,48,6261,159,3135,31284,181,2,735,370,75477,28,0,779,1,70,762,2,3916,116,13,430,0,18,1,151449,6,14,4,468,69,11,628,0,2,1328,986,0,377,5,82,4,3496,8942,977,5,0,458,184839,0,868,11930,60,713,16,353,66,4192,23,27,75
41,97,19,781,94,58,14,1,67,46,59,10,530,133,290,249,147,108,58,482,38,564,2116,91,47,75,6,4822,77,41,35,159,149,674,1,53,45,82,251,5,3,1,599,72,69,12,178,89,40,214,1,22,162,181,30,156,53,104,54,268,578,411,42,32,309,6461,1,201,7,4,66,7,362,26,94,74,36,2
108,2208,31041,4755,7009,287,15,0,421,678,425,1,4348,0,978,263,192,3971,1012,3986,1507,22692,601195,5619,324,663,10,13126,405,6892,0,82186,4412,3861,18,67,97,268,3224,46,13,17,2114,686,539,68,2159,1395,772,7469,707,57,3984,950,714,21309,1537,393,115,1121,409,148,578,3573,486,1009,71,386,0,0,326,5,8149,99,105,807,121,0
43,94,19,794,92,55,14,0,69,47,60,10,521,135,310,250,147,109,59,513,40,603,2359,95,45,80,7,5084,76,38,34,155,151,681,1,57,45,79,258,5,3,1,669,70,68,12,185,91,40,225,1,21,173,189,28,166,52,104,51,283,600,407,41,30,309,6657,1,206,7,4,70,7,371,26,100,74,36,2
14,20,0,220,9,32,11,2,16,6,15,27,172,2144,72,202,118,12,8,77,2,36,32,4,21,12,2,1564,30,3,431,5,17,209,0,22,23,50,42,1,0,0,102,24,23,4,29,15,6,16,0,16,13,45,6,4,8,45,50,67,456,692,10,3,215,12404,0,102,6,208,15,7,46,8,46,18,17,9
13,540,176,730,645,257,8,1,42,44,62,4,1334,9,61,155,132,264,81,165,25,331,900,91,208,29,0,1381,142,1019,5,2425,283,734,1,6,30,214,238,15,1,1,44,272,174,23,137,127,93,169,21,60,75,91,243,151,200,130,194,86,149,250,134,842,267,1100,5,105,0,0,23,5,473,18,14,159,46,0
50,503,1184,15,345,97,4,489,104,47,31,4,154,2,349,26,211,210,264,26,746,21,1093,596,58,3,86,3,6,82,2,25,67,623,268,67,9,99,157,34,182,254,397,156,750,16,491,746,506,33,1672,8,202,180,215,9033,70,155,66,199,269,139,366,308,4,111,79,99,150,45,276,29,795,427,5,132,23,11
49,20858,2057616,65,42730,1012,3,372,322,391,159,0,1626,0,298,19,241,7046,3232,65,10375,284,52801,15874,786,11,29,2,41,49428,0,27350,1610,2674,1657,17,13,517,1162,389,299,1562,165,2465,7498,103,2960,8531,9818,483,987912,38,1492,410,12125,441963,2663,528,306,274,76,43,6649,134995,6,6,2757,104,2,0,467,18,11535,960,1,1537,72,0
2,650,78,2,221,330,1,1518,8,3,5,6,121,3,6,10,135,39,35,0,12,0,0,13,146,0,1,0,4,258,6,11,9,149,37,0,2,191,13,32,19,40,0,222,614,11,31,116,160,0,624,22,2,11,527,99,35,69,331,6,31,142,271,1520,2,24,20,16,0,615,9,18,76,69,0,59,11,4
172,1365,34412,52,1743,115,6,279,424,262,106,2,346,0,1783,35,267,1213,1304,180,9141,298,59810,7807,85,25,314,13,13,338,0,283,396,1778,1064,247,20,123,803,74,549,956,3704,306,1622,33,2707,3412,2000,354,16916,8,2288,744,487,197400,275,315,52,917,465,98,986,947,7,95,402,215,414,1,1320,31,4799,1187,16,387,42,5
37,369,449,11,212,89,3,567,72,29,22,6,121,4,233,24,199,127,170,15,382,10,377,297,50,2,63,2,5,51,5,12,41,469,184,50,8,92,101,27,137,178,231,126,596,13,312,490,342,17,842,8,107,124,164,3920,47,127,69,135,240,156,272,210,4,122,49,81,126,105,185,29,486,327,3,97,19,13
18,265,104,6,114,95,2,770,33,12,12,8,89,10,88,19,174,57,79,5,104,2,46,82,48,0,27,0,3,35,10,4,18,279,92,21,5,90,44,20,73,92,58,103,443,9,129,237,186,4,336,8,29,56,134,837,26,91,87,56,159,175,185,166,3,110,24,51,52,383,76,27,203,189,1,61,14,16
51,156,119,10,76,45,4,517,73,24,19,9,73,19,372,28,199,70,122,19,337,9,344,220,25,2,120,3,3,10,13,2,25,395,152,103,8,58,85,16,156,145,536,65,363,9,284,351,201,14,232,5,111,140,60,2786,22,105,40,182,395,196,147,45,4,260,26,97,540,291,237,33,349,332,7,61,15,31
54,15,0,4,3,10,5,620,37,6,6,32,17,936,429,35,187,7,26,11,68,1,32,29,4,1,242,3,0,0,330,0,3,164,50,247,7,20,25,3,118,48,978,11,87,2,96,79,32,2,3,1,33,87,4,258,1,50,15,155,894,413,24,0,3,1499,2,97,7148,13664,178,45,68,206,18,13,7,269
7,1240,858,6,665,346,1,971,24,13,13,3,207,0,24,13,159,138,114,1,85,1,27,94,179,0,5,0,7,625,1,62,35,317,103,3,3,211,46,53,44,107,6,338,1027,18,112,347,420,4,3069,21,16,33,865,966,92,114,260,22,49,110,528,2974,3,22,65,30,1,73,33,19,282,147,0,125,18,2
36,3947,53280,28,4595,394,3,466,147,114,63,1,541,0,209,19,213,1202,839,28,2056,56,4543,2422,264,4,32,2,17,3086,0,1091,313,1177,587,21,10,259,362,128,186,562,131,728,2565,43,977,2312,2257,98,49693,21,383,209,2138,47280,477,275,179,165,106,72,1721,10174,5,20,479,83,8,1,258,21,2672,543,1,463,39,1
2,376,22,1,105,245,1,1656,6,2,3,8,83,8,5,10,129,21,22,0,7,0,0,6,103,0,1,0,3,104,14,3,5,111,26,0,1,153,8,22,16,28,0,149,430,8,21,73,97,0,229,18,1,8,300,44,20,55,283,5,34,168,172,660,2,33,11,15,0,1724,7,19,45,56,0,39,9,7
8,64,2,1,14,52,2,1178,10,2,3,19,32,132,32,17,147,8,16,0,11,0,1,7,21,0,14,0,1,3,103,0,2,106,26,12,3,56,10,7,33,27,16,37,168,4,29,53,41,0,19,6,3,19,34,51,4,45,74,19,148,283,53,22,2,222,3,31,65,9294,25,29,36,83,0,18,7,50
5,34,0,0,5,39,2,1377,6,0,2,26,20,366,20,16,133,3,8,0,4,0,0,2,15,0,11,0,0,0,253,0,0,68,14,9,2,45,5,4,22,15,9,24,109,2,15,28,21,0,5,5,1,11,18,15,2,32,68,12,138,337,31,9,2,286,1,24,68,34335,15,29,17,57,0,10,5,78
32,404,472,10,231,99,3,587,65,27,21,5,126,4,192,23,193,127,163,13,335,9,301,268,56,1,51,1,5,63,4,14,40,450,174,40,7,97,94,28,124,169,171,136,618,13,284,472,345,15,931,8,91,110,187,3464,49,125,76,115,208,149,285,260,4,105,50,74,88,100,159,27,460,303,3,98,19,12
5,224,20,2,67,130,1,1247,11,3,5,10,68,18,19,14,148,23,30,0,17,0,2,14,58,0,6,0,2,34,22,1,6,145,38,4,2,105,14,17,30,39,6,97,350,7,39,96,96,0,142,11,4,18,143,108,15,61,149,14,77,197,134,198,2,76,10,26,9,1735,20,24,67,88,0,37,10,15
19,546,485,8,297,145,2,704,45,20,17,5,141,2,95,19,180,121,136,6,196,4,120,173,78,0,24,0,5,120,3,20,35,385,139,18,5,122,70,33,86,138,57,175,698,14,197,401,344,9,1209,11,48,72,289,2032,56,118,112,65,131,139,330,523,3,66,50,54,26,105,92,25,365,232,1,101,18,8
17,103,14,4,33,53,3,830,24,6,7,13,48,49,86,21,166,23,40,3,50,0,15,33,25,0,33,0,2,6,38,0,7,189,56,28,4,59,25,11,62,56,66,51,246,6,78,124,86,2,66,6,16,44,48,295,10,65,60,49,210,233,88,36,3,215,9,49,134,1848,63,30,99,149,2,32,10,37
7,1087,681,6,564,315,1,978,24,12,13,4,193,0,26,13,161,126,108,2,82,1,26,89,162,0,5,0,6,489,1,49,32,310,101,3,3,199,45,49,46,103,7,307,956,17,110,330,386,4,2475,20,16,34,742,901,82,112,242,23,54,117,481,2337,3,26,59,31,2,90,35,20,267,148,0,117,18,3
12,240,56,4,90,102,2,894,23,8,9,8,79,13,53,17,163,41,55,2,57,1,17,45,49,0,17,0,3,32,14,3,12,221,67,13,4,92,30,18,54,68,28,97,398,8,85,171,145,2,237,9,15,38,130,412,21,78,101,36,126,182,161,164,3,99,17,41,30,658,49,25,136,145,0,50,12,16
61,246,351,13,144,57,4,475,98,37,26,7,100,8,460,29,210,121,187,28,590,17,814,410,33,3,132,4,4,22,7,7,42,518,215,111,10,69,126,22,190,203,676,91,492,11,418,531,312,25,542,5,183,183,95,5840,36,129,44,231,387,171,216,89,4,204,44,109,444,119,308,32,559,410,8,88,19,22
237,343,3120,38,318,42,7,269,371,161,71,5,151,3,2912,43,265,408,655,199,5515,191,30914,3603,29,26,694,20,7,28,2,24,155,1226,682,616,20,62,508,30,586,605,9705,108,717,17,1913,1732,774,202,1868,4,1787,748,101,79739,79,220,25,1181,926,149,355,87,7,305,128,257,3191,16,1569,38,2360,1081,38,173,30,22
156,914,13934,42,1012,93,6,297,345,191,84,3,265,0,1591,35,258,781,927,143,5997,195,31436,4818,66,20,310,12,11,174,0,129,262,1443,816,250,18,104,595,56,482,736,3358,229,1249,27,2029,2454,1390,234,8148,7,1596,620,322,111147,181,268,46,791,495,111,710,513,6,121,260,202,542,4,1116,32,3311,1021,16,288,36,8
0,76,0,0,10,113,1,2381,1,0,0,21,27,139,2,9,110,2,4,0,0,0,0,0,39,0,0,0,0,7,163,0,0,42,7,0,0,85,1,7,7,8,0,47,148,3,4,16,19,0,10,11,0,2,61,2,3,26,205,1,37,281,44,63,1,81,1,9,1,46035,2,21,7,25,0,10,4,28
5,152,9,2,41,101,1,1240,10,2,4,12,53,32,19,14,141,16,23,0,13,0,1,10,43,0,7,0,2,17,35,0,4,122,31,5,2,87,11,13,27,32,6,72,272,6,31,74,70,0,75,9,3,16,94,72,10,53,124,13,84,213,98,107,2,96,7,25,13,3022,18,24,50,79,0,28,8,20
23,27,1,2,6,20,3,815,21,4,5,25,22,406,138,25,167,7,21,4,31,0,8,16,9,0,72,1,1,0,201,0,2,133,37,67,4,31,16,4,67,36,166,19,114,3,56,65,35,1,7,3,12,44,10,125,2,47,30,62,407,349,33,3,3,654,2,59,935,11760,75,37,50,137,5,15,7,130
58,3040,50696,34,3666,286,3,408,206,151,76,1,494,0,399,24,233,1264,992,50,3311,95,10143,3569,198,7,63,3,16,1735,0,793,350,1371,722,44,12,215,474,113,262,679,354,590,2330,41,1362,2693,2275,148,38890,17,670,311,1461,75479,427,295,129,278,165,80,1526,5441,5,31,477,112,27,1,426,24,3303,701,3,457,41,1
0,240,2,0,45,263,0,2480,1,0,1,12,54,21,1,7,108,7,7,0,0,0,0,0,96,0,0,0,1,61,38,0,1,55,10,0,0,149,2,15,6,11,0,112,287,5,6,27,42,0,66,20,0,2,228,5,9,35,387,1,19,196,102,476,1,29,4,7,0,9635,2,17,13,26,0,21,6,9
127,579,4594,30,535,74,5,325,250,123,60,3,192,1,1231,34,242,447,588,97,3274,105,12383,2477,50,13,271,10,8,84,1,51,154,1079,564,223,15,87,390,41,385,513,2502,164,913,20,1336,1582,880,130,3433,6,926,460,204,50374,109,215,42,600,493,126,479,265,6,151,152,175,623,12,828,32,2009,805,15,198,30,11
5,267,26,2,82,149,1,1248,11,3,5,9,75,13,16,13,143,25,31,0,17,0,2,15,66,0,5,0,2,48,17,2,7,146,38,3,2,114,14,18,28,40,4,110,382,7,38,100,105,0,186,12,4,17,176,111,18,62,165,13,66,182,150,276,2,61,12,24,6,1356,18,22,69,85,0,40,10,12
150,752,8981,38,777,83,6,307,313,165,75,3,233,0,1519,35,255,632,788,129,4920,160,23228,3833,58,18,312,12,10,125,0,87,215,1308,720,254,17,96,516,49,455,651,3244,198,1102,24,1774,2098,1167,193,5704,7,1350,571,262,84625,147,248,44,742,515,118,605,378,6,138,211,196,628,6,1036,32,2776,953,17,249,34,9
498,48,138,29,30,9,12,238,396,105,48,13,49,94,8511,65,282,104,306,335,4001,154,22896,1744,6,38,3054,50,3,0,30,0,50,850,446,3266,25,23,341,9,809,386,65550,24,237,7,1543,809,231,131,93,1,1907,991,10,34342,14,147,7,2347,3046,274,88,2,7,1865,29,398,92839,207,2770,55,1102,1147,172,61,20,157
64,1509,14129,28,1528,177,4,406,180,110,59,2,319,0,461,25,227,695,663,47,2316,68,6187,2197,118,7,85,4,11,515,0,226,207,1087,546,63,12,154,352,72,254,511,497,348,1520,29,1061,1814,1359,102,12435,12,530,289,671,42710,222,239,91,289,219,97,896,1684,5,54,258,116,67,5,425,26,2165,633,4,296,34,3
473,898,47282,86,1338,60,9,189,931,533,168,2,307,0,7253,50,307,1611,2125,659,30500,1112,460029,22171,48,86,1297,44,13,128,0,201,594,2599,1813,1118,32,83,1589,61,1159,1559,31643,212,1419,32,6123,5338,2322,1030,13794,5,8808,1833,248,702619,254,376,25,2920,1105,107,850,315,9,206,473,402,3680,1,4046,37,8742,2107,62,414,48,10
39,952,3160,17,733,160,3,521,100,53,35,3,223,0,241,23,208,323,334,21,804,22,1139,733,97,2,52,2,8,261,1,76,96,699,305,38,9,139,177,51,162,292,205,255,1079,21,518,945,745,37,4366,12,192,161,454,11441,120,177,99,156,182,116,575,968,4,62,126,85,48,20,225,26,1003,416,2,185,26,5
37,218,156,9,107,64,3,588,61,21,18,8,87,12,236,25,194,77,118,13,261,7,215,185,35,1,72,2,4,20,10,4,26,380,142,59,7,72,76,19,127,137,257,85,430,10,240,346,224,11,342,6,79,110,93,2247,27,106,55,128,284,182,180,89,4,178,29,80,219,250,170,30,331,290,4,68,16,22
84,34,9,7,11,14,6,484,72,16,13,19,30,226,766,37,206,22,63,26,233,7,224,111,7,3,343,6,1,0,93,0,9,284,103,339,9,27,57,6,187,96,2007,20,151,4,221,183,75,9,21,2,103,161,10,1263,5,74,16,281,939,314,49,2,4,1018,7,129,6442,2235,335,43,179,328,23,26,11,142
30,261,182,8,129,77,3,621,53,20,17,7,94,9,178,23,188,80,115,10,222,5,162,166,41,1,53,1,4,30,8,5,26,365,134,42,6,81,70,21,110,130,165,99,468,10,215,338,235,10,427,7,64,94,118,1965,31,106,66,102,230,171,200,131,3,140,31,71,127,222,138,29,317,263,3,72,16,17
106,3646,146592,55,5488,255,4,311,373,294,120,1,601,0,896,28,255,2245,1768,120,9173,280,53528,9699,191,18,129,7,20,2061,0,1461,642,2022,1219,92,17,207,892,134,429,1116,1136,650,2799,50,2711,4645,3498,381,72557,15,1875,582,1561,252177,619,375,100,572,236,72,1950,5744,6,36,792,162,62,0,875,25,6413,1075,6,629,51,1
32,263,190,8,131,77,3,621,56,21,17,7,96,9,189,23,192,83,119,11,236,6,178,176,41,1,56,1,4,30,8,5,27,377,139,45,7,81,73,21,115,135,180,99,474,10,225,350,242,10,435,7,69,98,118,2098,31,108,65,108,240,174,203,129,4,145,32,73,138,220,146,29,330,273,3,74,16,18
11,66,3,2,16,47,2,1044,14,3,4,18,34,118,49,19,155,11,21,1,19,0,3,12,20,0,22,0,1,3,87,0,3,126,33,18,3,54,13,7,42,33,30,37,178,4,41,68,49,0,24,5,6,26,33,88,5,50,64,28,182,278,58,20,2,250,4,38,106,6438,36,30,49,102,1,20,8,52
21,889,1334,10,563,195,2,683,56,28,23,4,196,1,102,19,190,198,198,8,302,7,227,287,110,1,23,0,7,269,1,50,56,487,187,16,6,153,97,47,98,184,58,252,959,18,267,578,523,15,2809,14,69,86,483,3689,92,143,135,74,119,123,489,1116,4,49,83,58,17,47,107,24,547,272,1,143,22,5
65,46,32,26,12,26,53,132,10,1861,17,20,1379,1,1655,147,36,109,87,150,698,280,83,191,84,158,70,21,944,908,3,37,295,4798,266,64,38,164,128,51,10,14,21,305,20,12,36,41,771,18,32,31,822,131,171,1188,74,17,0,10,351,6,112,3915,23,16,151,74,53,66,208,197,282,11,940,6,204,4088
72,1216,24040,97,857,202,43,102,30,12774,77,3,10927,0,1675,120,43,2483,843,382,7980,3026,3070,3817,799,455,32,21,4536,229262,0,16383,4990,18185,1407,23,54,687,807,430,17,79,12,3369,157,65,194,380,10725,223,8951,114,5456,299,5623,41125,1818,54,4,16,129,2,1442,742366,31,1,3511,84,1,0,374,138,3179,25,366,58,569,230
5,55,2,5,7,73,22,346,0,216,3,24,1086,1,60,68,25,25,15,5,22,6,0,7,177,6,2,0,656,2185,8,17,55,1405,49,1,11,279,15,47,1,2,0,395,16,8,3,8,280,0,12,68,21,12,346,24,40,8,5,0,58,6,83,13902,13,4,46,16,0,660,12,137,37,2,53,2,117,2125
190,115,648,74,52,31,73,81,35,8278,51,11,2823,0,6837,192,45,512,358,805,6263,2742,2772,1830,119,813,216,68,1758,3209,0,309,1389,12067,892,197,71,200,538,101,27,48,149,557,40,24,163,160,2596,151,258,33,6843,454,357,17752,249,33,0,42,564,4,272,10757,33,14,635,147,126,4,817,208,1373,28,2424,16,352,2318
50,35,13,19,7,24,49,150,7,1242,13,23,1114,2,1163,138,34,70,59,97,387,152,32,103,74,103,53,15,788,603,6,19,191,3731,191,49,32,152,87,42,7,10,12,252,16,10,24,28,544,10,17,30,469,94,134,569,51,14,1,7,318,7,86,2784,21,18,100,63,45,140,146,196,182,8,756,4,176,4960
27,26,3,11,4,25,40,197,3,596,7,30,852,5,510,117,31,35,30,38,127,47,4,33,71,42,26,7,615,426,12,8,94,2402,106,23,23,151,43,33,4,5,3,211,12,8,11,15,323,3,7,32,155,48,112,150,32,10,1,3,226,8,61,2237,18,16,54,42,21,441,69,187,86,5,409,2,138,5704
67,17,4,18,3,14,58,145,7,1074,11,34,748,9,1738,161,36,43,45,118,348,142,29,80,42,120,93,22,598,168,15,5,128,3297,165,92,35,107,76,27,8,9,26,149,10,7,22,21,354,9,5,21,486,106,59,422,28,12,0,9,496,9,52,790,22,35,59,74,159,356,182,226,139,9,1318,3,154,10181
64,1,0,8,0,3,67,170,3,330,4,98,208,271,1779,186,33,5,10,68,78,33,2,12,10,64,156,22,227,4,245,0,22,1462,59,177,28,44,24,7,6,2,39,33,2,2,7,5,69,1,0,9,154,64,6,47,3,6,0,7,943,17,10,29,19,156,8,70,1322,10373,130,286,31,5,2437,0,82,61830
13,101,24,12,21,78,28,239,2,655,8,16,1784,0,184,85,29,77,43,20,115,38,3,41,217,24,7,3,1017,4942,2,78,172,2770,122,5,18,312,46,74,2,7,0,588,26,14,10,22,667,3,55,68,106,32,552,184,94,13,4,1,87,5,154,26067,17,4,130,28,1,104,36,144,120,4,116,6,173,1491
53,282,955,45,120,89,43,125,14,4227,33,7,4135,0,1164,120,38,516,251,175,1836,696,330,702,309,202,32,15,2122,20537,0,971,1158,8651,550,25,40,375,281,161,10,31,8,1157,60,29,70,117,2907,52,647,68,1571,159,1239,5500,399,29,2,9,165,3,437,78749,25,3,745,67,4,3,212,153,854,14,409,19,334,774
4,34,0,4,3,57,22,382,0,149,2,32,803,4,52,69,24,14,10,3,13,3,0,3,133,5,2,0,519,1017,17,6,34,1107,36,1,10,235,11,34,0,1,0,284,12,6,2,5,183,0,5,59,13,9,216,12,24,7,4,0,63,8,57,6877,12,6,28,15,0,1665,10,144,24,1,55,1,99,3210
13,7,0,4,0,15,35,287,1,155,2,63,352,51,209,105,26,6,7,10,18,6,0,3,35,11,15,3,300,59,90,0,19,1020,34,14,14,99,11,13,1,1,0,87,5,3,2,3,86,0,0,24,27,18,33,12,7,5,1,1,210,12,20,390,14,31,10,27,26,7281,25,197,18,2,277,0,79,15262
10,4,0,2,0,12,33,338,0,87,1,86,245,129,141,99,25,3,4,6,8,2,0,1,27,6,11,2,223,26,205,0,9,712,21,11,12,84,6,9,1,0,0,60,3,2,1,1,49,0,0,21,12,12,20,4,3,4,1,0,201,15,12,191,12,39,5,22,27,23559,16,202,9,1,232,0,63,22867
45,39,14,19,8,27,47,157,6,1187,12,23,1167,2,1005,134,34,71,58,86,353,136,27,96,82,92,46,13,810,725,5,22,190,3666,185,41,31,163,83,44,7,10,10,272,17,10,22,28,558,9,19,33,418,87,152,523,55,14,1,6,287,7,91,3382,21,16,103,59,34,137,131,192,178,8,651,4,177,4510
10,21,0,5,2,33,29,294,1,221,3,37,663,8,139,88,26,15,12,9,27,8,0,7,80,11,7,2,473,394,23,3,39,1341,48,6,14,167,16,27,1,2,0,194,9,6,3,6,177,0,3,40,32,18,113,24,19,7,2,0,121,9,45,2463,14,12,26,23,4,1635,21,166,32,2,143,1,103,5496
29,50,14,16,10,37,40,183,4,927,10,21,1292,1,562,115,32,68,50,51,227,83,12,67,109,57,24,8,848,1238,4,29,172,3237,155,21,26,198,65,50,5,8,3,337,19,11,16,24,559,6,24,41,250,61,219,336,61,14,1,3,196,6,103,6066,19,10,104,45,12,142,83,176,147,6,369,4,172,3310
26,11,0,8,1,15,42,214,2,360,5,46,508,21,491,123,30,15,16,29,66,24,1,15,41,31,31,7,415,108,38,1,45,1704,68,29,21,107,26,19,3,3,4,116,7,5,6,8,165,1,1,24,92,38,47,58,14,8,0,2,286,10,32,613,17,30,24,41,48,1778,57,205,45,4,503,1,107,11698
13,88,19,11,18,71,29,236,2,622,8,17,1640,0,191,86,29,69,40,20,109,36,3,38,196,24,7,3,954,3920,2,62,157,2657,116,5,18,291,44,68,2,6,0,529,24,13,9,20,607,3,44,64,103,32,474,169,83,13,3,1,92,5,139,20785,16,4,117,28,1,122,36,146,111,4,124,5,167,1664
20,24,1,9,3,27,37,228,2,429,6,33,778,6,339,108,30,26,22,24,76,27,1,20,73,28,18,5,562,397,16,6,69,1985,82,16,20,156,31,30,3,4,1,203,11,7,7,11,262,1,5,35,92,35,110,82,26,9,1,2,189,8,55,2213,17,15,42,35,14,720,47,183,61,4,297,2,126,5866
75,25,10,22,5,16,58,129,9,1488,14,26,948,4,2033,159,36,66,63,155,551,227,61,134,52,158,99,25,717,305,8,12,193,4033,216,95,38,120,104,34,10,11,32,191,13,9,30,30,502,14,12,23,728,129,85,786,42,14,0,11,471,7,70,1355,23,27,90,80,131,157,222,214,204,10,1339,4,174,7219
242,34,78,55,11,13,87,80,30,5285,35,20,1380,1,9926,227,45,195,192,834,3841,1764,1435,894,49,791,409,92,1044,395,3,37,606,8611,593,413,72,113,352,47,28,31,318,228,20,13,116,87,1129,89,37,19,5227,440,93,7650,84,24,0,50,995,6,112,1407,32,39,233,168,692,27,909,248,722,25,4726,8,261,7101
173,80,290,61,32,25,72,85,29,6214,41,13,2221,0,6088,190,43,345,263,649,4264,1864,1545,1182,95,651,211,62,1454,1796,0,154,961,9958,700,196,65,173,409,79,24,37,134,429,32,19,125,119,1873,104,135,29,4912,382,248,10566,171,28,0,36,589,5,202,6291,31,17,431,137,157,9,695,212,981,24,2429,12,307,3081
2,8,0,1,0,29,20,529,0,39,0,72,307,57,25,64,21,2,2,0,1,0,0,0,58,1,1,0,240,108,141,0,6,471,11,1,6,141,2,13,0,0,0,104,4,2,0,1,45,0,0,40,2,3,54,0,4,3,3,0,66,12,17,905,9,13,5,10,1,29977,3,156,4,0,44,0,56,9876
10,16,0,5,1,27,30,304,1,187,3,44,551,15,142,91,26,11,10,8,21,7,0,5,65,10,8,2,412,234,36,1,30,1198,41,7,13,147,13,22,1,2,0,156,8,5,3,5,140,0,1,36,27,16,82,17,14,6,2,0,135,10,35,1506,14,15,20,23,7,2766,21,174,25,2,159,1,94,7336
32,3,0,6,0,6,50,212,2,233,3,81,257,133,693,144,30,5,9,30,41,15,0,7,17,30,56,10,253,14,160,0,20,1233,46,59,21,62,17,9,3,2,8,49,3,2,4,4,74,0,0,14,71,37,13,25,4,5,0,3,488,15,13,89,16,77,9,46,241,9024,63,242,24,3,940,0,80,33716
78,225,908,53,99,67,50,111,19,5285,38,8,3804,0,1976,139,40,534,287,279,2710,1071,640,962,241,310,57,24,2058,12616,0,738,1264,9750,650,47,48,320,348,145,14,36,20,964,55,28,92,132,2905,74,523,56,2480,220,896,8057,361,31,2,15,238,3,393,46410,28,5,737,85,12,3,319,169,1012,18,692,19,346,1055
1,23,0,1,1,60,16,543,0,55,1,44,552,11,17,55,21,5,3,0,2,0,0,0,124,1,0,0,367,629,40,1,12,605,16,0,6,229,3,24,0,0,0,221,8,4,0,1,89,0,1,64,2,3,167,1,12,4,5,0,39,9,36,5048,9,5,11,8,0,7591,3,133,8,0,23,0,71,3821
148,55,112,48,18,22,71,95,22,4337,31,16,1727,0,4979,189,42,218,181,475,2568,1112,695,676,77,475,191,52,1193,984,2,71,620,7942,520,181,59,153,290,62,20,28,105,331,25,16,89,83,1292,63,65,27,3121,301,172,5403,113,24,0,29,602,6,148,3664,30,22,276,125,181,22,548,220,650,20,2298,9,266,4270
9,26,0,5,3,38,28,301,1,229,3,35,735,6,127,86,26,17,13,9,27,9,0,7,93,11,6,2,510,539,19,5,43,1390,50,5,13,184,16,30,1,2,0,223,11,6,3,7,198,0,4,44,31,17,139,26,22,7,2,0,109,8,51,3357,14,10,30,22,3,1353,20,163,34,2,126,1,107,4706
167,68,198,56,25,23,72,88,27,5475,37,14,1995,0,5850,192,43,288,229,593,3589,1568,1182,969,86,593,211,60,1340,1360,1,111,812,9179,630,199,63,162,362,71,22,34,129,382,29,18,111,104,1614,87,99,28,4245,356,209,8326,144,26,0,34,610,5,177,4867,31,19,360,135,178,13,652,217,843,23,2472,11,291,3591
423,6,4,42,1,3,121,72,30,3397,24,45,512,33,22536,305,46,57,93,1176,2622,1316,945,433,12,1000,1326,178,516,18,28,1,217,5958,386,1565,81,47,232,16,34,20,1434,63,7,6,89,42,381,55,2,8,4949,518,12,3299,19,16,0,82,2593,11,32,70,33,177,63,231,11096,253,1355,328,349,25,15620,2,179,36345
82,123,296,44,46,45,53,112,17,3983,31,11,2618,0,2191,147,39,316,200,262,1945,783,401,619,155,282,72,26,1557,4464,0,249,795,7933,505,62,47,241,266,98,14,28,27,614,38,21,73,93,1854,52,194,43,1978,204,462,4798,205,26,1,15,301,4,248,17070,27,8,431,87,27,10,314,182,694,16,898,13,291,1806
442,81,857,114,42,18,101,58,69,15017,75,11,2553,0,22061,255,51,652,540,2373,17223,8261,15398,4404,75,2222,706,177,1736,1444,0,236,1957,16574,1395,694,105,145,954,86,51,72,899,410,36,23,324,234,2950,372,220,22,21182,964,204,51680,233,38,0,111,1156,5,240,4318,40,27,730,248,782,3,2084,243,2275,46,7247,17,391,3726
54,82,78,28,23,41,48,139,10,2121,19,15,1910,0,1244,134,36,161,109,131,770,299,90,236,131,144,47,16,1191,2449,1,95,407,5391,303,40,36,219,145,73,9,17,12,467,28,16,39,52,1092,21,76,42,815,122,326,1511,119,20,1,8,256,5,167,10433,23,10,230,67,21,33,180,182,353,11,629,8,232,2433
50,22,5,16,4,18,51,158,6,963,10,30,850,6,1177,145,34,45,43,86,279,110,19,68,55,90,60,15,644,284,12,8,130,3149,153,57,31,127,68,31,7,8,14,183,12,8,19,21,383,7,7,26,365,85,84,351,33,12,0,7,371,8,61,1365,21,25,65,63,74,307,137,210,132,8,874,3,155,7543
95,4,0,13,0,5,73,136,6,709,7,64,340,77,2971,197,35,15,24,140,231,100,17,40,15,131,213,34,338,15,80,0,54,2367,111,235,37,55,51,11,9,5,75,54,4,4,16,11,146,5,0,11,415,111,12,194,8,9,0,13,987,13,19,78,22,111,20,90,1218,2102,228,276,73,8,3060,1,111,35426
42,26,6,15,4,21,47,165,5,897,10,28,907,4,928,134,33,47,42,71,243,94,15,62,63,75,46,13,666,384,10,10,131,3038,146,43,29,139,63,34,6,8,9,206,13,8,17,20,398,6,9,28,307,74,102,313,36,12,0,5,309,8,66,1872,20,20,69,56,46,274,115,198,127,7,679,3,154,6222
129,267,2317,80,142,61,59,88,32,9384,58,7,4541,0,3943,159,43,884,475,589,6549,2716,2701,2292,237,634,105,43,2439,14967,0,1278,2148,13676,1024,88,63,310,604,168,22,56,57,1058,65,34,168,213,4245,167,913,52,6029,377,962,22958,503,39,1,28,322,3,490,49717,32,6,1152,117,26,1,593,177,1805,26,1179,25,412,988
44,26,6,16,4,21,48,164,5,926,10,28,915,4,974,137,34,48,43,74,255,99,16,65,63,79,48,13,673,380,10,10,134,3103,150,45,29,139,66,34,6,8,10,206,13,8,18,21,405,6,9,28,322,77,101,330,37,12,0,6,319,8,67,1845,20,21,70,57,49,271,119,201,131,7,710,3,156,6343
17,7,0,5,0,13,38,254,1,197,3,59,367,45,290,111,27,7,9,15,27,9,0,5,33,16,20,4,314,58,77,0,23,1165,41,20,16,95,14,14,2,2,1,87,5,3,3,4,98,0,0,22,40,23,32,19,8,6,0,1,245,12,21,365,15,33,12,31,38,5182,34,201,23,2,362,0,84,15371
31,74,35,19,18,47,39,172,5,1211,13,17,1659,0,590,113,33,102,68,60,324,119,21,102,141,68,23,8,1025,2402,2,64,250,3860,194,19,27,231,85,65,5,11,3,447,24,14,21,33,782,9,50,47,335,70,331,556,91,16,2,4,176,5,141,11272,20,8,156,47,8,68,93,167,204,7,341,6,195,2306
102,93,337,2,3175,15,5,151,1213,424,27,4,489,11,228,79,51,16,42,22,69,116,262,231,16,650,39,150,1794,54,74,73,457,1770,4893,48,152,46,332,15,449,1469,2143,89,24,1,540,88,2,1397,41,256,1208,31,64,85,10,15,126,201,67,460,669,615,1,42,1,196,122,146,0,238,337,8,167,601,186,90
89,955,30232,6,61667,69,4,135,2188,1396,70,1,2087,0,174,64,55,140,183,33,299,468,2141,1496,89,1065,17,122,5300,3044,3,5267,2979,4113,13896,17,177,134,1032,68,556,4177,964,503,103,4,1457,369,15,6166,2078,672,3437,46,817,777,96,33,353,212,28,226,3998,28616,1,6,19,188,7,3,0,178,1598,13,67,2654,366,10
15,118,66,0,2609,35,2,313,247,86,9,4,435,11,17,43,39,5,11,1,4,7,3,21,32,62,3,18,1428,129,113,51,139,719,1432,3,61,73,72,15,107,465,48,117,22,0,94,27,0,138,24,481,78,5,123,4,6,9,369,22,16,456,581,1938,0,14,0,62,3,709,0,177,77,2,17,375,125,49
218,169,2570,6,8378,16,7,107,2879,1202,58,2,796,3,631,97,60,49,112,74,325,576,3038,1113,21,2064,89,346,2749,125,25,305,1332,3370,11376,110,237,52,902,23,893,3301,8627,133,39,2,1539,223,5,5887,166,262,5349,76,103,562,23,24,109,519,96,378,1217,1182,1,40,5,320,237,25,1,249,1012,16,335,1151,272,63
85,77,189,2,2382,14,5,165,974,322,22,4,425,16,179,76,50,12,32,16,46,76,137,152,15,486,32,123,1593,41,102,47,340,1494,3917,40,137,44,255,13,380,1186,1544,78,21,1,411,68,1,957,27,252,823,25,54,51,7,14,130,159,62,492,562,492,1,45,1,175,109,244,0,237,251,7,144,501,168,103
54,64,78,1,1666,15,4,201,614,190,15,5,354,23,97,67,46,7,20,8,20,32,37,69,15,256,19,75,1343,33,156,27,208,1091,2579,23,107,44,154,11,258,796,647,70,17,0,239,43,1,458,15,267,371,15,49,19,5,11,152,91,48,528,450,440,0,41,0,131,61,531,0,227,147,5,90,381,142,110
110,46,87,2,1299,9,6,157,1043,303,21,6,318,37,258,86,51,8,27,20,46,78,145,135,10,580,52,166,1310,15,192,19,263,1400,3649,68,149,33,242,9,433,1094,2879,52,15,0,411,58,1,918,12,192,912,28,29,44,4,12,93,204,90,582,393,189,1,76,0,204,297,457,0,265,215,7,230,389,154,177
122,10,4,1,205,3,7,168,732,145,11,14,129,402,310,99,49,2,10,16,18,33,40,42,3,434,89,191,669,0,1281,0,82,834,1924,129,137,17,120,3,384,576,4865,17,6,0,224,23,0,370,0,105,485,22,5,11,0,8,48,201,157,908,129,16,1,232,0,212,1679,4512,0,319,82,5,413,154,101,665
29,176,286,1,5103,36,3,243,479,188,16,3,612,5,40,51,44,13,24,4,16,24,23,70,36,153,6,36,1937,219,53,137,306,1163,2691,6,87,78,152,20,182,852,148,153,31,1,209,54,2,407,64,478,244,10,167,19,12,13,320,48,22,401,881,2882,0,14,1,91,6,202,0,186,175,4,31,598,166,39
77,339,3334,3,15677,37,4,151,1402,682,40,2,1058,0,149,65,51,48,82,21,117,185,527,498,44,659,19,107,3133,539,13,732,1117,2525,7535,20,148,86,521,34,429,2282,918,234,52,2,767,169,6,2450,334,458,1593,32,274,210,33,22,245,163,35,306,1737,5648,1,14,6,168,18,22,0,193,672,9,79,1277,255,25
14,85,31,0,1680,29,2,332,212,67,7,6,352,20,16,44,38,3,8,1,3,4,1,14,26,52,3,17,1214,74,182,26,101,614,1170,3,58,64,57,12,98,381,46,93,18,0,76,21,0,100,13,433,59,4,88,2,4,8,336,20,17,511,447,1166,0,18,0,60,4,1328,0,184,57,2,18,297,112,66
34,26,7,0,479,10,4,255,313,76,7,9,191,110,53,62,41,2,7,3,5,8,4,16,9,111,13,46,815,8,594,4,70,607,1212,17,79,32,64,5,160,382,317,37,9,0,99,17,0,134,2,214,115,7,21,3,1,7,135,49,46,698,211,128,0,64,0,97,72,3557,0,235,52,2,70,184,97,218
28,18,2,0,289,8,3,285,237,52,5,12,149,207,41,60,39,1,5,2,2,4,1,9,7,78,11,37,668,4,1041,1,45,478,887,14,69,29,44,4,131,282,232,29,7,0,69,12,0,80,0,198,70,5,14,1,0,6,130,38,45,790,155,78,0,76,0,86,76,7949,0,240,34,2,63,137,83,290
78,83,196,2,2539,15,5,170,918,308,22,4,438,14,158,73,49,12,31,14,42,69,119,142,16,442,28,111,1618,47,97,52,337,1463,3795,34,132,46,245,13,357,1153,1270,83,22,1,388,67,1,891,29,265,744,23,60,47,8,13,140,144,57,483,583,570,1,41,1,166,87,239,0,232,244,6,127,508,168,95
26,59,29,0,1234,18,3,270,315,93,9,6,304,32,36,54,41,4,10,2,6,9,5,23,17,99,7,33,1135,35,234,17,113,721,1476,8,74,49,78,9,145,470,156,69,15,0,112,24,0,165,9,318,117,7,52,5,3,8,215,39,29,557,373,517,0,31,0,84,19,1309,0,208,73,2,40,284,116,102
55,100,198,1,2981,19,4,191,715,250,19,4,470,11,98,65,47,11,27,9,29,46,64,106,20,299,17,75,1661,72,84,65,309,1311,3254,20,112,54,200,15,279,1003,611,97,23,1,303,59,1,650,34,314,489,17,79,32,8,13,180,98,41,456,638,901,1,30,1,134,38,244,0,215,207,5,79,514,163,73
54,35,24,0,788,10,4,208,518,138,12,8,245,62,100,70,45,4,13,7,13,22,20,41,10,219,22,76,1018,12,338,9,127,871,1950,28,102,34,114,7,240,602,753,45,12,0,182,30,0,306,5,210,275,13,26,10,2,9,119,88,58,630,286,170,0,64,0,131,116,1363,0,243,97,4,110,260,119,186
29,158,243,1,4514,33,3,238,473,182,15,3,573,5,41,52,43,12,23,4,16,23,22,67,33,153,6,37,1841,184,59,116,286,1126,2599,7,86,74,147,19,182,822,159,141,29,1,203,52,1,393,55,451,241,10,148,18,11,12,300,49,23,407,815,2419,0,16,1,92,8,225,0,187,166,4,33,562,160,43
43,62,55,1,1481,16,4,223,496,151,13,6,335,27,71,63,45,6,16,5,14,22,20,48,15,189,14,58,1269,33,185,23,169,955,2150,17,96,46,123,10,216,671,416,69,17,0,187,36,0,328,12,282,256,12,49,12,4,10,170,70,41,546,420,450,0,39,0,115,44,745,0,223,117,4,70,345,133,111
118,59,162,2,1858,10,6,147,1207,377,25,5,377,23,283,86,52,11,34,24,63,107,234,191,11,691,54,179,1491,24,127,33,348,1606,4372,68,157,37,298,11,475,1305,3180,63,18,0,503,72,1,1234,20,205,1190,32,38,68,6,14,97,229,86,526,485,280,1,64,1,213,254,263,0,256,278,8,229,471,169,139
279,70,598,5,2894,8,8,102,2748,923,46,4,471,14,914,110,60,25,74,85,253,469,2265,730,10,2219,157,464,1883,26,71,66,763,2716,8849,207,245,33,702,13,960,2544,17411,68,23,1,1292,150,3,4410,42,170,4924,80,37,344,10,19,66,641,152,483,640,255,1,84,2,365,928,79,2,283,672,16,592,701,220,143
207,131,1485,5,5990,14,7,111,2547,996,50,3,673,5,594,96,59,37,91,65,253,449,2091,836,17,1801,90,328,2410,82,35,188,1038,2966,9694,111,225,47,753,20,827,2820,8264,110,33,1,1297,183,4,4615,106,239,4339,68,79,400,17,22,100,478,100,405,991,802,1,46,4,307,284,39,1,253,809,15,342,958,248,77
10,31,2,0,432,17,2,406,114,27,3,10,180,107,10,42,34,0,3,0,0,1,0,3,14,24,2,12,712,14,762,3,33,345,559,2,44,44,24,5,64,185,28,45,9,0,32,8,0,30,1,323,20,2,32,0,1,5,269,12,18,692,195,274,0,32,0,47,7,9450,0,195,20,1,16,138,75,147
26,46,18,0,909,15,3,267,293,81,8,7,259,45,36,54,40,3,9,2,5,8,4,19,14,92,8,33,1001,23,306,11,93,652,1311,9,72,43,68,8,140,417,166,57,13,0,100,21,0,141,6,283,104,6,40,3,3,7,190,38,31,584,308,349,0,37,0,83,25,1816,0,209,62,2,43,241,106,123
70,15,5,0,292,5,5,201,503,109,9,12,152,231,144,81,45,2,9,8,10,18,15,28,5,238,39,103,725,2,926,1,76,722,1562,53,107,22,91,4,261,478,1480,24,7,0,156,20,0,235,1,142,258,14,9,6,1,7,75,109,92,810,158,40,0,133,0,151,430,4122,0,279,67,4,191,165,99,412
104,282,3202,4,13369,30,5,137,1739,813,45,2,985,1,227,73,54,49,91,30,160,261,895,640,36,925,30,150,3043,364,16,587,1194,2767,8574,33,170,75,618,31,533,2565,1757,201,49,2,948,186,6,3204,281,392,2290,41,211,285,30,23,195,229,47,324,1589,3688,1,18,6,202,38,22,0,208,767,11,120,1254,262,33
7,65,9,0,1025,31,2,424,112,32,4,7,273,33,6,36,33,1,4,0,0,1,0,4,25,21,1,8,953,56,317,12,51,397,659,1,41,64,28,9,57,220,13,79,14,0,36,11,0,36,6,461,19,2,75,0,2,6,411,9,11,554,327,990,0,16,0,40,1,3711,0,171,27,1,9,203,88,71
184,99,758,4,4051,12,6,116,2102,763,41,3,551,8,511,94,56,26,69,52,176,311,1204,561,14,1432,83,289,2048,52,52,107,752,2483,7749,105,205,42,584,16,722,2266,6994,89,27,1,1009,140,3,3254,62,218,3141,57,60,249,13,19,94,406,100,435,777,533,1,53,3,282,312,67,1,254,598,13,325,763,219,94
24,67,35,0,1427,21,3,276,310,94,9,6,327,26,33,52,41,4,11,2,6,9,5,24,19,94,6,31,1193,44,204,21,120,733,1501,7,73,53,79,10,141,479,134,76,16,0,112,25,0,166,11,342,114,7,61,5,4,9,235,36,27,540,407,651,0,28,0,81,15,1149,0,203,76,2,36,302,119,91
206,118,1157,5,5170,13,7,114,2450,927,48,3,631,6,590,98,59,33,84,63,229,407,1785,742,16,1723,92,327,2301,68,42,151,937,2842,9145,115,224,45,704,18,814,2663,8302,102,31,1,1218,169,4,4187,86,233,4007,66,71,346,16,21,98,469,104,428,912,673,1,51,3,308,318,49,1,260,740,14,353,892,241,87
471,19,89,4,666,2,11,89,3008,743,37,8,230,102,1961,142,62,10,48,128,227,455,2226,505,3,3071,433,856,1142,2,305,7,391,2201,7024,647,284,17,573,6,1224,1978,66737,25,11,0,1195,96,1,3661,6,88,5677,101,8,226,3,15,29,1063,335,692,265,26,1,270,0,494,8722,351,3,352,436,17,1635,367,171,487
113,182,1490,3,7826,22,5,135,1642,688,39,2,757,3,258,77,53,34,72,31,133,221,703,492,26,911,37,167,2509,169,27,272,881,2438,7365,44,170,61,527,23,536,2197,2299,145,37,2,836,148,4,2636,140,321,2069,40,129,210,20,20,156,243,57,367,1149,1760,1,27,4,211,70,41,0,221,605,10,152,969,234,49
425,126,3092,8,6926,10,9,83,4808,1906,78,3,728,4,1592,121,66,58,153,175,714,1359,11524,2193,14,4537,230,732,2703,64,27,238,1721,4304,16059,298,322,40,1405,20,1456,4528,35581,103,35,2,2620,298,6,11787,142,191,12921,138,65,1282,21,27,68,1113,171,401,1091,560,2,67,6,481,1016,19,4,283,1489,24,801,1192,294,93
83,137,601,2,5006,20,4,156,1144,441,28,3,606,5,171,71,50,21,47,18,69,112,249,251,23,565,27,119,2073,112,46,141,551,1851,5135,32,142,57,345,19,404,1553,1323,119,30,1,537,99,2,1429,74,313,1108,28,101,93,14,16,163,165,50,404,874,1262,1,28,2,174,56,91,0,218,377,8,116,726,198,59
85,55,98,1,1550,11,5,165,881,268,19,5,341,27,182,77,48,8,25,15,37,61,100,115,12,445,36,124,1348,23,155,25,257,1306,3328,45,132,37,214,10,362,1007,1690,60,17,0,351,55,1,763,15,217,698,23,37,36,5,12,111,155,69,536,431,283,1,57,0,173,157,404,0,243,198,6,160,401,151,136
154,16,18,1,403,4,7,142,1051,240,17,10,178,167,427,102,51,4,18,26,38,70,124,92,4,686,107,248,865,2,589,3,148,1137,2889,152,160,20,194,4,494,854,7236,24,8,0,361,38,0,730,2,115,926,32,9,29,1,10,50,280,158,757,193,32,1,179,0,246,1523,1497,0,306,144,7,468,227,123,444
75,62,109,1,1758,12,5,173,814,254,19,5,363,22,151,73,48,9,25,13,33,54,83,107,13,389,29,107,1398,29,139,30,259,1280,3219,36,125,41,204,11,332,980,1262,67,18,0,327,54,1,700,17,237,609,21,44,33,6,12,125,134,60,519,465,367,1,49,0,160,109,379,0,236,193,6,132,417,152,119
153,313,6100,6,16997,27,5,116,2537,1235,61,1,1113,0,382,82,57,70,131,54,304,514,2544,1197,35,1571,48,230,3434,396,11,842,1741,3546,11941,55,209,73,922,34,733,3512,3727,213,55,2,1467,262,8,5789,408,366,4391,62,217,608,38,27,166,364,60,310,1845,3733,1,20,9,258,66,12,1,217,1163,15,181,1531,298,32
78,63,113,1,1788,13,5,175,845,264,19,5,369,23,159,75,49,9,26,13,35,57,88,111,13,408,31,112,1425,29,141,31,267,1317,3323,38,129,41,211,11,344,1010,1347,68,18,0,340,56,1,732,18,239,641,22,44,35,6,12,126,140,63,529,473,367,1,50,0,165,116,380,0,241,200,6,138,426,155,122
42,27,10,0,517,9,4,238,376,92,9,9,200,104,70,66,43,2,9,4,7,11,7,22,8,144,17,57,857,8,546,4,83,682,1412,22,87,32,77,6,188,441,469,37,10,0,122,20,0,176,2,205,157,9,20,4,1,7,123,62,53,697,222,122,0,70,0,111,99,2872,0,243,63,3,88,200,103,226
56,134,358,1,4329,23,4,186,792,298,22,3,564,6,99,63,47,15,34,10,37,58,90,139,25,332,16,76,1907,118,57,112,398,1479,3787,18,116,61,237,18,293,1166,591,120,28,1,354,73,2,815,57,350,585,18,108,45,11,14,200,102,38,417,799,1425,1,24,1,136,29,149,0,208,258,6,73,623,178,56
1342,103,392,100,21,8,136,9,88,786,16,1,32,0,1,535,2,195,312,131,31,214,201,79,56,218,10,33,1053,39,5,1113,164,133,46,101,0,88,620,19,0,77,483,89,67,83,5,146,3059,169,49,312,31,31,5,368,4331,672,237,1362,25,30,320,71,121,17,216,118,30,36,658,786,281,64,30,69,3,206
1709,568,15992,224,209,21,130,7,187,2608,41,0,97,0,1,503,2,1154,1192,284,153,1037,2244,513,172,495,8,42,2465,692,0,29829,848,296,130,78,1,177,1943,59,1,210,546,311,199,200,15,537,13367,810,1046,565,118,60,32,3378,24612,1266,411,2135,16,17,1254,1035,144,5,1257,141,7,1,1128,658,1199,110,23,231,6,45
431,100,99,46,14,12,91,15,31,265,7,1,26,0,0,378,1,88,128,26,5,34,11,15,74,48,2,9,842,49,9,636,67,70,19,21,0,108,219,17,0,34,48,93,57,67,1,63,1729,35,25,432,4,10,6,51,2904,466,428,353,11,31,255,108,91,10,111,58,4,133,173,673,99,30,7,45,2,168
2380,176,2143,178,49,9,162,7,175,1811,30,0,49,0,3,619,2,471,690,330,106,758,1399,281,71,537,19,62,1514,85,1,3799,397,224,92,183,1,100,1378,28,1,148,1362,129,101,120,12,313,6133,533,162,329,102,63,8,1665,8723,961,220,2815,32,25,536,134,146,15,490,171,46,8,1388,809,683,106,51,119,4,146
1173,89,244,86,16,7,133,10,74,633,14,1,28,0,0,523,1,153,253,104,22,153,120,56,53,174,9,28,960,31,7,784,130,116,39,89,0,85,504,17,0,65,377,81,60,76,4,120,2538,125,35,309,23,26,4,246,3573,615,242,1142,24,32,278,59,116,18,172,108,28,56,548,792,222,57,27,59,2,233
844,72,115,64,11,7,118,11,52,418,10,1,23,1,0,473,1,102,173,63,11,80,45,30,49,107,6,19,816,24,10,475,86,90,27,61,0,81,339,14,0,47,205,70,51,64,2,83,1853,70,21,310,12,18,3,117,2650,516,261,763,20,33,223,48,105,18,119,87,19,106,364,762,144,43,19,46,2,254
1250,60,126,78,10,5,138,9,70,545,12,2,22,1,1,543,1,113,207,104,19,133,97,45,39,171,10,31,807,15,11,404,99,103,34,110,0,70,437,13,0,56,471,60,48,63,3,98,1940,105,19,258,21,26,2,188,2530,551,198,1193,28,35,209,30,114,25,125,112,48,94,560,825,180,54,33,47,2,325
1080,20,12,47,2,2,142,11,44,259,6,4,11,11,0,564,1,37,90,65,6,49,21,13,19,103,12,26,474,2,54,51,35,63,17,131,0,45,215,6,0,30,442,27,24,36,1,43,774,39,2,177,9,17,0,47,856,371,139,907,36,49,88,5,102,52,41,100,117,653,403,921,73,39,40,22,1,825
666,143,334,71,26,13,104,12,51,489,12,1,35,0,0,423,1,165,227,53,13,87,49,39,85,95,3,14,1085,82,4,1494,127,103,32,35,0,117,393,22,0,55,107,119,75,87,2,109,2834,82,60,440,12,16,8,157,4738,603,396,612,13,28,364,162,105,9,199,77,6,46,304,690,189,43,12,67,2,134
1393,269,2679,147,74,15,130,8,123,1390,25,0,59,0,1,510,2,489,609,174,64,431,579,192,110,300,8,33,1681,200,1,6561,378,198,77,76,0,135,1067,36,0,126,416,183,123,135,8,281,6638,348,254,458,55,41,15,1041,11054,938,349,1551,19,22,678,332,132,8,543,124,11,7,788,717,573,82,23,132,4,90
396,78,54,40,10,10,91,16,26,212,6,2,22,1,0,377,1,65,101,22,3,24,6,10,64,40,1,8,738,32,14,383,51,61,16,21,0,98,177,14,0,28,42,78,48,59,0,50,1361,25,15,403,3,8,4,34,2215,420,408,312,11,34,207,74,88,12,83,55,4,226,151,690,76,26,7,37,2,209
561,36,17,37,3,5,108,14,29,191,5,3,14,4,0,440,1,40,79,30,3,25,7,8,34,51,4,12,545,7,33,108,34,54,14,44,0,65,161,8,0,25,103,43,31,42,0,39,877,24,4,266,4,10,1,27,1182,362,245,440,18,42,121,18,90,25,48,67,20,526,203,783,60,28,15,25,1,438
475,27,7,30,2,5,105,16,22,139,4,4,11,8,0,431,1,27,57,22,2,15,3,5,29,37,3,10,465,4,54,59,24,44,11,39,0,60,118,7,0,19,78,35,25,36,0,28,648,15,2,253,2,8,1,15,854,315,242,351,18,47,95,12,85,29,34,60,21,1036,160,799,42,24,13,20,1,553
1119,92,251,85,17,8,130,10,72,620,14,1,29,0,0,513,1,154,251,98,21,146,112,55,55,166,8,27,970,33,7,828,130,115,38,82,0,87,494,17,0,64,339,84,61,77,3,119,2562,121,36,318,21,25,4,237,3659,614,252,1084,23,31,284,64,115,17,175,105,25,55,522,783,219,55,25,60,2,222
539,64,51,45,8,8,103,14,33,253,7,2,20,1,0,421,1,66,112,32,5,35,12,13,51,57,3,11,711,21,16,301,54,67,18,34,0,85,209,12,0,32,83,66,44,56,1,55,1345,34,13,341,5,11,3,46,2015,433,320,441,15,36,187,47,94,16,81,66,10,227,210,738,87,31,12,36,2,267
918,102,250,77,18,9,119,10,62,548,12,1,30,0,0,475,1,149,232,77,17,116,79,46,61,132,6,21,975,42,6,927,122,107,35,60,0,93,439,18,0,59,225,91,63,77,3,111,2529,100,39,347,17,21,5,192,3790,593,287,869,19,30,296,82,110,14,173,93,15,55,422,743,198,50,19,60,2,191
796,48,45,53,6,6,121,12,43,310,8,2,18,2,0,486,1,66,124,52,7,53,23,18,38,87,6,18,668,11,20,210,57,74,21,65,0,70,255,11,0,36,196,52,39,52,1,60,1292,47,9,272,8,15,2,66,1733,445,232,681,22,39,161,25,101,24,77,84,28,240,318,809,100,38,21,34,2,375
662,132,292,69,24,12,104,12,50,468,11,1,33,0,0,420,1,154,216,52,12,83,46,37,80,93,3,14,1039,72,5,1311,119,100,31,35,0,112,376,21,0,53,109,112,72,83,2,104,2663,78,53,422,11,16,8,146,4398,583,379,605,13,28,342,144,103,10,185,76,6,50,299,686,179,42,12,64,2,140
738,69,86,58,10,7,115,12,45,355,9,2,22,1,0,462,1,88,150,51,9,61,29,23,50,88,5,16,784,22,12,402,74,82,24,51,0,83,290,14,0,41,155,69,49,62,2,73,1667,55,17,322,9,15,3,86,2414,491,281,644,18,35,211,47,102,18,105,81,16,142,307,765,122,39,17,43,2,266
1389,76,217,91,14,6,142,9,83,679,14,1,26,0,1,556,2,148,260,127,26,181,155,62,45,208,11,34,918,22,8,631,129,120,41,118,0,76,540,15,0,67,551,71,56,72,4,122,2429,141,29,276,27,30,3,278,3240,615,207,1377,29,33,253,42,120,22,163,120,45,60,653,825,231,61,35,57,2,277
2446,94,645,143,22,5,171,7,148,1309,23,1,32,0,3,649,2,267,464,294,71,519,793,169,45,466,23,65,1127,28,4,1215,239,177,69,236,1,75,1012,19,1,111,1666,81,68,88,9,212,3786,356,56,253,76,56,3,918,4804,786,166,2749,40,30,331,47,139,25,276,172,95,22,1310,867,448,94,64,80,3,254
2197,144,1346,157,37,8,158,7,154,1509,26,1,42,0,2,606,2,372,570,283,83,592,965,214,62,460,18,57,1348,61,2,2566,317,198,79,176,1,92,1157,24,1,127,1227,111,88,106,10,260,5043,420,112,307,82,56,6,1207,7010,872,207,2523,32,26,451,99,139,17,390,161,50,11,1233,807,555,96,49,102,4,168
275,36,7,23,3,7,84,19,14,97,3,3,12,5,0,356,1,24,45,10,0,7,0,2,41,19,1,5,479,9,46,78,20,37,8,16,0,75,84,8,0,15,23,45,28,37,0,23,621,8,3,331,1,4,2,7,935,290,361,188,11,44,106,24,76,18,32,43,5,1175,87,714,31,17,6,19,1,384
520,53,35,41,6,7,102,14,30,222,6,2,18,2,0,418,1,55,97,29,4,29,9,11,45,52,3,11,646,15,20,217,45,61,16,35,0,78,185,11,0,28,81,58,39,51,1,48,1151,29,9,317,4,10,2,37,1681,401,299,417,15,38,161,36,91,18,68,64,11,300,197,740,74,29,12,32,1,304
811,26,14,42,2,3,126,12,36,226,6,3,12,7,0,506,1,38,84,46,5,37,13,11,24,76,7,19,502,3,44,70,35,59,16,82,0,53,189,7,0,27,235,33,27,39,1,41,812,31,3,211,6,13,0,37,979,366,178,660,27,46,101,9,97,38,44,84,55,602,298,859,66,34,26,23,1,630
1612,238,2551,155,66,12,137,8,135,1497,27,0,55,0,1,533,2,484,630,208,74,509,754,215,96,353,10,40,1621,157,1,5666,384,204,81,97,0,123,1146,33,0,131,582,165,116,130,9,289,6479,394,225,413,66,46,12,1199,10325,937,302,1829,21,23,632,257,134,10,528,134,16,7,922,733,602,87,29,128,4,101
257,59,19,27,6,10,79,19,16,122,4,2,17,2,0,333,1,38,61,11,1,10,1,4,59,21,1,4,599,23,23,197,29,43,10,12,0,94,104,11,0,18,18,65,38,47,0,31,900,11,8,408,1,5,3,12,1496,334,454,183,8,37,156,58,77,11,51,41,2,530,88,660,43,18,4,27,1,237
1984,117,783,135,27,7,155,7,131,1215,22,1,36,0,2,598,2,285,457,233,61,433,598,153,55,378,16,51,1199,44,3,1657,245,172,66,165,0,86,942,21,1,107,1040,96,76,95,8,210,4063,314,74,292,62,48,5,810,5532,790,202,2190,32,28,376,74,134,19,301,151,52,19,1059,818,435,86,47,85,3,200
522,69,58,46,9,8,101,14,33,257,7,2,21,1,0,412,1,70,115,31,5,35,12,14,54,56,3,11,731,24,14,346,57,68,18,32,0,88,213,13,0,32,77,70,46,58,1,57,1410,34,14,352,5,11,3,48,2153,438,333,429,14,35,197,54,93,15,86,65,9,201,205,723,90,31,11,38,2,245
2140,132,1084,149,33,7,158,7,146,1397,24,1,39,0,2,606,2,335,525,266,74,531,816,189,59,432,18,55,1287,53,3,2138,287,188,74,175,1,89,1075,23,1,119,1182,104,83,102,9,240,4633,379,94,299,74,53,6,1045,6365,841,204,2422,32,27,419,87,138,18,352,159,52,14,1178,815,507,92,49,95,4,182
2900,40,138,116,7,3,195,7,133,940,17,2,19,2,4,738,2,133,296,298,49,370,474,99,24,451,37,80,781,6,15,263,130,139,51,397,1,50,740,11,1,82,2803,43,41,60,7,136,2079,239,13,174,61,55,1,488,2212,630,109,3092,61,40,176,10,138,52,133,189,321,81,1403,997,280,87,104,48,2,580
1615,176,1374,138,44,10,141,8,123,1258,23,0,46,0,1,549,2,363,513,192,59,409,539,163,78,323,11,40,1409,93,2,3203,296,181,69,108,0,108,972,27,0,113,619,132,96,112,8,237,5091,315,133,369,55,43,9,863,7691,852,270,1777,24,25,500,157,132,13,395,134,23,12,881,766,483,82,32,105,4,135
3457,152,2506,216,45,7,186,5,236,2378,36,0,46,0,5,696,2,531,835,537,169,1257,3080,422,57,844,32,95,1506,60,1,3453,467,258,114,319,1,87,1790,26,2,179,3031,113,96,119,17,373,6543,805,155,275,171,89,6,2735,8560,1024,167,4333,44,25,510,90,157,20,528,215,103,6,2110,858,864,131,83,123,4,177
1273,138,643,108,30,9,132,9,92,876,18,1,38,0,1,518,2,245,363,130,34,237,234,94,70,220,8,31,1198,65,3,1831,200,144,51,85,0,101,688,23,0,85,405,111,80,95,5,170,3736,192,77,358,33,32,7,448,5606,728,276,1312,22,27,396,116,122,14,274,115,20,24,644,760,327,66,26,82,3,160
1122,69,143,76,11,6,132,10,66,529,12,1,24,1,0,522,1,118,208,92,17,121,84,43,45,153,9,27,845,20,10,490,102,103,33,91,0,76,425,14,0,56,366,67,51,66,3,99,2045,99,22,282,18,24,3,178,2777,558,223,1061,25,34,227,40,113,21,133,105,34,87,503,805,179,52,28,50,2,285
1371,31,35,64,4,3,151,10,62,405,9,3,14,5,1,590,1,63,141,100,13,96,59,27,24,158,14,34,598,4,29,119,59,83,26,158,0,51,330,8,0,43,657,36,32,46,2,67,1187,73,5,193,16,24,1,107,1355,455,144,1248,38,43,126,9,112,43,69,117,116,265,565,910,120,50,46,31,2,611
1049,75,155,75,12,7,128,10,64,520,12,1,25,0,0,508,1,122,208,86,16,115,78,42,48,144,8,25,865,24,9,549,104,102,33,81,0,80,418,15,0,55,314,72,53,68,3,99,2106,96,24,296,17,23,3,173,2927,560,237,988,23,33,238,46,111,20,138,100,28,82,470,789,178,51,25,51,2,262
2106,271,4413,194,84,12,150,7,179,2062,33,0,63,0,2,577,2,652,841,310,120,842,1630,347,99,518,14,54,1816,184,0,8027,522,248,105,134,1,124,1558,37,1,168,966,179,130,145,13,380,8149,616,319,404,106,62,13,2129,12745,1066,279,2535,25,22,733,284,146,10,691,160,23,4,1282,755,836,108,38,152,5,96
1069,75,158,76,13,7,129,10,65,528,12,1,25,0,0,513,1,123,211,88,17,118,81,43,48,147,8,25,871,23,9,554,105,103,33,83,0,80,424,15,0,56,325,72,54,68,3,100,2127,98,25,296,18,23,3,177,2949,565,237,1008,23,33,240,46,112,20,140,102,29,81,480,795,181,51,26,51,2,264
635,37,21,41,4,5,113,13,32,219,6,3,14,4,0,457,1,45,89,36,4,32,10,11,33,61,4,14,566,7,30,121,39,59,16,52,0,64,183,9,0,27,132,44,32,44,1,43,954,29,5,260,5,11,1,35,1269,380,233,511,20,42,127,18,93,26,54,72,25,438,236,795,69,31,17,27,1,437
967,126,409,87,25,10,119,10,70,650,14,1,34,0,0,474,1,190,279,88,22,147,112,60,70,151,6,22,1090,60,4,1414,153,120,40,60,0,102,516,21,0,68,238,106,73,87,3,132,3075,126,59,371,21,24,6,264,4748,647,304,943,18,28,353,114,113,12,218,96,13,36,463,729,243,54,19,70,3,159
444,320,39,118,36,15,988,1,450,221,321,107,25,20,10,127,501,55,164,101,381,861,1870,231,22,742,215,44,247,115,36,180,88,476,409,123,364,109,372,230,103,37,716,2613,159,85,3,5254,81,368,77,34,103,89,754,207,33,179,2,707,42,55,388,3326,163,116,37,840,125,42,335,9,87,336,494,9,118,253
2881,12983,573544,1644,7387,79,1446,0,7642,10571,5246,11,353,0,123,171,773,6501,8389,3423,87257,219964,9138060,85434,183,25206,877,331,2033,41829,0,411689,8613,5635,10013,429,1307,393,14901,2946,770,836,14071,36186,1997,726,173,229404,3872,67209,116097,86,14443,1324,27352,243712,2330,1094,4,9179,47,15,9691,637810,335,17,3708,2872,57,0,5187,7,6767,2635,1322,217,587,12
81,131,0,27,6,16,569,3,74,27,74,203,11,118,0,79,364,7,24,7,16,32,11,9,18,63,30,6,117,38,225,16,11,133,76,16,141,100,50,111,23,7,28,1480,73,40,0,879,17,19,6,39,4,13,416,4,7,77,4,87,16,75,143,1586,99,98,5,285,17,1061,40,7,9,89,90,2,58,381
1591,1398,3238,478,347,24,1397,0,2244,1692,1366,42,79,0,58,170,652,525,1175,854,7238,17973,197876,5066,45,6023,747,178,632,1055,2,4883,817,1698,2154,416,793,166,2600,666,352,185,6850,7235,467,220,31,34431,489,5956,1854,42,1680,443,2808,8371,217,436,2,3674,65,33,1536,21565,249,71,315,1915,230,0,1853,9,789,1086,1363,40,257,88
314,208,10,80,18,13,905,2,288,125,214,141,18,44,6,118,468,28,94,56,167,368,506,96,18,416,154,30,189,60,75,69,47,333,257,89,294,97,216,170,74,23,388,1946,117,65,1,3093,48,168,31,32,47,57,513,73,19,140,2,450,37,64,262,1913,145,136,20,673,109,128,209,9,46,243,378,6,95,348
168,113,1,42,6,11,754,2,136,49,110,206,11,137,2,101,412,10,38,20,42,90,58,23,13,154,81,14,125,24,216,16,17,187,120,47,202,83,88,108,41,11,126,1280,73,43,0,1329,22,46,7,30,12,27,303,13,8,93,3,203,29,78,145,917,119,158,7,450,72,668,92,9,16,140,222,3,67,522
254,103,1,53,6,9,888,2,192,68,138,209,11,150,4,117,442,12,49,34,73,161,143,38,11,257,142,24,130,18,212,16,21,226,156,86,248,74,122,106,56,14,296,1176,73,44,0,1679,25,76,8,26,23,40,252,24,9,104,2,329,41,80,146,668,132,208,9,584,163,518,147,10,23,181,372,3,73,629
78,9,0,9,0,3,692,4,32,5,23,790,1,8548,0,96,333,0,3,3,2,4,0,0,2,28,59,6,34,0,7413,0,0,47,20,39,110,33,11,21,15,1,46,225,14,11,0,158,1,2,0,14,0,7,26,0,0,33,1,66,37,171,19,24,83,655,0,269,265,81576,26,11,1,49,200,0,26,3906
210,374,23,76,36,22,744,2,241,120,214,107,25,17,3,99,445,38,103,37,142,297,363,94,30,294,78,18,231,182,39,176,58,338,256,42,253,135,208,239,58,23,153,3052,159,81,1,3429,64,151,70,45,35,44,1050,70,31,149,4,297,23,53,385,5861,136,72,29,527,28,71,143,8,50,212,195,8,102,185
1059,2277,5366,441,583,39,1170,0,1804,1522,1306,35,101,0,32,145,626,633,1196,548,5573,13155,120700,4398,71,4067,387,112,742,2686,1,10104,909,1653,2033,203,678,223,2344,884,273,177,2682,10637,601,262,26,35432,594,4861,3465,58,1157,331,5202,6983,306,452,4,2373,41,29,2093,56451,234,41,400,1502,67,0,1236,8,779,926,724,48,270,52
58,75,0,17,2,13,543,4,46,14,47,299,7,352,0,76,348,3,12,3,6,12,2,3,13,34,23,4,85,15,597,4,5,90,45,13,116,86,27,76,16,4,15,1012,50,29,0,479,9,7,1,35,1,8,246,0,3,59,4,56,15,94,88,728,90,133,2,234,18,4290,25,8,4,64,74,1,45,624
49,19,0,9,0,5,557,5,26,5,23,583,2,3024,0,79,317,0,4,2,1,3,0,0,5,18,27,3,43,1,3532,0,1,48,20,16,93,48,11,31,12,1,15,382,21,14,0,179,2,2,0,21,0,5,60,0,0,35,2,40,21,139,30,90,77,318,0,204,57,42241,16,9,1,42,94,0,29,1909
29,9,0,4,0,4,488,7,13,1,12,897,1,10934,0,71,283,0,1,0,0,0,0,0,3,7,16,1,28,0,11292,0,0,27,9,10,67,38,4,18,7,0,6,230,12,9,0,77,0,0,0,18,0,2,31,0,0,23,2,20,18,177,15,34,64,424,0,146,51,238418,8,9,0,25,65,0,20,3261
304,220,11,80,19,14,892,2,285,125,215,138,19,41,5,117,467,29,95,54,166,363,496,97,19,406,146,29,193,66,71,75,48,335,258,84,291,100,216,175,72,23,361,2028,120,66,1,3134,50,168,33,33,46,56,547,73,20,141,2,436,36,63,271,2111,145,129,21,661,98,121,203,9,47,241,359,6,96,330
76,61,0,19,2,10,602,4,55,16,51,318,6,459,0,84,358,3,13,5,8,16,3,4,11,45,34,6,81,10,696,3,5,95,49,20,129,74,30,68,20,4,28,855,45,27,0,504,8,9,1,30,2,10,186,1,3,60,3,75,20,99,78,468,94,174,2,273,36,4473,33,8,5,72,108,1,45,784
258,243,11,74,21,16,837,2,253,113,202,134,19,36,4,110,459,29,89,44,139,299,366,84,21,336,115,24,197,82,67,84,46,319,240,65,271,108,197,185,64,22,252,2211,126,68,1,2976,50,144,36,36,37,49,634,61,21,139,3,362,31,61,286,2670,141,111,21,598,66,124,170,9,43,221,287,6,95,293
102,43,0,21,1,7,678,3,64,17,53,356,5,718,1,93,366,2,13,7,10,21,6,4,7,61,55,8,72,5,930,1,5,98,52,33,144,60,33,56,24,4,57,654,38,24,0,501,7,11,0,23,3,13,121,1,2,58,2,103,27,107,63,242,98,251,2,324,85,5386,44,9,5,82,169,1,44,1099
204,335,17,72,30,21,752,2,226,109,200,117,23,22,3,100,448,33,93,34,123,257,287,80,28,271,77,18,219,151,48,138,51,319,237,42,248,131,189,223,56,22,145,2834,149,76,1,3102,58,132,56,44,31,42,941,57,27,143,4,282,23,56,351,4938,136,79,25,520,31,94,135,8,44,204,196,7,99,209
128,89,0,32,4,11,703,3,99,33,84,244,9,218,1,95,394,6,26,12,24,49,23,12,12,101,61,11,107,17,336,9,11,147,88,35,174,79,61,91,32,8,76,1101,62,37,0,941,16,27,4,30,7,19,251,6,6,80,3,144,26,86,116,704,110,167,5,380,58,1350,64,9,11,112,175,2,58,618
349,170,8,79,14,11,952,1,298,123,209,153,16,60,7,124,471,25,89,61,170,380,535,94,15,452,187,34,175,41,94,49,43,326,251,111,304,87,213,150,78,22,507,1662,104,60,1,2923,43,169,23,28,50,61,402,70,16,135,2,502,43,67,227,1314,147,166,17,716,164,158,230,9,44,249,458,5,92,425
979,404,152,217,60,13,1295,1,986,528,586,87,33,11,30,161,578,116,349,318,1440,3494,16103,848,21,2218,559,106,320,141,19,387,195,800,818,331,555,105,856,287,201,71,3349,2979,204,110,10,10733,143,1255,171,30,399,206,818,989,54,249,1,1836,69,50,536,3498,203,144,73,1386,381,12,871,10,207,598,1155,14,156,245
1210,894,997,337,182,20,1297,0,1531,1022,947,54,57,2,40,159,606,289,709,527,3564,8701,65607,2367,35,3730,593,133,483,528,5,1918,458,1226,1419,335,659,141,1606,485,266,123,4391,5254,340,168,19,21206,301,3027,763,38,874,306,1835,3379,129,343,2,2558,61,37,1032,11699,223,86,178,1593,231,2,1265,9,451,819,1141,27,208,121
17,11,0,3,0,6,398,9,8,1,9,872,1,8971,0,59,262,0,1,0,0,0,0,0,4,3,7,0,27,0,10904,0,0,22,7,4,52,47,2,20,4,0,1,274,13,9,0,59,0,0,0,23,0,1,43,0,0,21,4,10,11,171,16,59,57,286,0,104,16,311004,4,8,0,18,32,0,18,2460
63,42,0,15,1,8,579,4,41,11,39,390,5,852,0,81,343,1,9,3,4,9,1,2,8,32,30,4,66,5,1199,1,3,75,36,17,114,65,21,53,16,3,21,663,35,22,0,351,6,5,0,27,1,8,131,0,2,50,3,58,20,111,57,283,88,207,1,243,38,9685,25,9,3,59,98,0,39,1037
64,13,0,9,0,4,632,5,29,5,23,702,2,5614,0,88,327,0,3,2,1,4,0,0,3,23,41,5,38,0,5526,0,0,48,20,26,103,39,11,25,14,1,28,282,17,12,0,165,2,2,0,17,0,6,37,0,0,34,1,53,29,158,23,42,81,485,0,238,137,63721,21,10,1,46,144,0,27,2910
1195,2006,4923,455,516,34,1220,0,1940,1597,1335,36,95,0,38,150,628,614,1211,633,6194,14851,147036,4737,62,4628,468,128,710,2113,1,8564,901,1677,2092,249,708,204,2455,819,295,182,3563,9576,562,250,28,35719,571,5302,3015,53,1323,363,4410,7678,282,448,3,2715,46,29,1935,43824,237,47,382,1607,94,0,1403,8,798,973,866,46,266,58
24,32,0,7,0,10,414,7,16,3,18,485,3,1528,0,60,285,0,3,0,0,1,0,0,9,8,9,1,48,4,2367,0,0,40,15,5,68,67,7,40,7,1,3,561,26,16,0,150,2,0,0,31,0,2,118,0,0,33,5,18,10,121,38,264,67,158,0,132,10,38135,7,7,0,29,35,0,27,1048
867,540,244,224,86,16,1203,1,969,559,616,75,39,6,25,150,568,142,390,292,1504,3587,16791,942,27,2077,443,92,358,240,13,642,230,840,866,254,534,121,904,341,190,76,2486,3699,239,124,10,11969,171,1332,269,34,392,196,1146,1119,70,262,2,1642,57,45,657,5903,199,108,91,1287,225,8,793,9,231,588,912,17,164,180
78,71,0,21,2,11,598,4,59,18,55,289,7,348,0,83,359,3,15,5,9,19,5,5,12,50,34,6,87,13,549,4,6,103,55,19,133,78,34,75,20,5,29,949,50,30,0,570,10,11,2,31,2,11,216,1,4,63,3,79,19,93,88,590,95,156,3,278,32,3268,35,8,5,76,106,1,48,680
1068,723,565,287,133,18,1260,0,1282,806,798,62,48,3,34,156,590,217,558,421,2544,6161,38651,1647,31,2979,535,116,427,378,7,1223,347,1054,1166,305,607,132,1280,419,234,102,3573,4524,294,148,15,16869,239,2194,498,36,641,258,1500,2189,100,308,2,2163,60,40,856,8723,213,95,135,1468,235,3,1059,9,346,719,1056,22,189,143
567,75,2,80,5,5,1207,1,359,121,199,223,10,215,15,154,495,16,73,98,193,460,729,89,7,668,437,60,129,8,236,12,30,307,239,283,360,55,211,92,103,21,1614,886,66,43,2,2408,28,179,6,17,68,82,149,67,8,120,1,823,81,86,131,284,157,383,10,957,912,372,359,11,37,287,1052,3,81,991
893,1046,972,294,205,25,1149,0,1222,842,837,52,60,1,26,143,581,274,626,361,2547,6015,37004,1786,42,2629,384,94,492,746,5,2261,417,1107,1229,211,574,161,1332,524,213,108,2294,6004,361,172,15,18952,295,2255,860,44,595,235,2325,2397,136,329,3,1813,46,36,1106,17162,209,66,175,1321,115,2,908,8,386,694,760,27,202,98
2443,1374,5173,630,383,20,1620,0,3292,2512,1779,40,83,0,105,193,693,692,1614,1544,13623,35329,564560,9160,39,10534,1305,289,677,925,2,5747,1116,2124,2926,746,978,150,3798,681,494,247,16496,6952,486,235,48,46350,593,10574,2253,37,3268,674,2507,17150,245,494,1,6104,89,32,1634,17571,275,88,395,2495,489,0,3058,10,1146,1435,2258,46,284,96
517,541,136,159,74,20,1000,1,608,345,444,79,36,7,12,128,523,101,263,143,700,1587,4767,459,31,1058,227,51,326,274,16,515,156,636,594,126,412,134,569,327,126,53,872,3813,224,113,6,8289,134,664,208,40,176,118,1286,470,59,223,3,891,39,46,601,7342,175,84,68,932,92,14,433,8,146,418,498,14,144,161
240,123,2,55,8,10,855,2,193,72,144,190,12,112,4,113,440,14,53,33,77,168,152,41,13,252,126,22,140,26,169,23,24,235,163,74,245,81,128,118,55,14,254,1343,81,48,0,1814,28,80,10,28,23,39,309,26,10,108,2,312,37,76,166,914,131,176,10,564,121,403,141,9,25,181,328,3,76,526
159,27,0,23,0,4,834,3,83,20,57,444,4,1507,2,112,392,2,13,12,13,30,10,5,4,94,112,14,63,1,1546,0,4,103,57,72,174,45,38,43,32,5,153,453,30,21,0,500,6,15,0,17,5,18,66,2,1,57,1,166,45,125,47,92,107,448,1,427,307,7879,69,11,5,99,332,0,43,1905
235,139,3,56,9,11,842,2,195,75,149,181,13,93,4,111,441,16,57,33,81,174,161,44,14,252,118,21,148,32,147,28,26,243,170,69,245,86,133,127,55,15,235,1467,87,51,1,1925,30,84,13,29,23,39,353,28,11,111,2,307,35,73,181,1115,132,161,11,558,103,344,140,9,26,183,307,4,78,473
1974,3156,20718,750,1052,38,1430,0,3496,3274,2230,27,137,0,76,172,703,1303,2390,1401,17602,43887,768989,13910,76,10048,791,223,974,4021,0,24161,1911,2633,3760,420,957,230,4881,1151,469,320,8774,13093,797,343,58,68374,1036,14169,8240,55,3617,658,6467,27847,514,613,3,5103,58,25,3013,74114,280,44,769,2232,139,0,2682,8,1711,1503,1349,74,350,44
236,138,3,56,9,11,838,2,197,76,149,178,13,91,4,111,437,16,57,34,82,178,168,45,14,256,119,22,147,31,143,28,26,243,171,70,245,85,134,127,55,15,241,1456,87,50,1,1936,30,86,13,29,24,39,350,29,11,111,2,310,35,72,181,1106,131,160,11,558,104,331,141,9,26,184,310,4,78,467
62,23,0,11,0,6,601,5,33,7,29,534,3,2299,0,84,334,0,5,3,2,5,0,0,5,26,34,4,49,1,2704,0,1,58,26,21,106,50,15,36,14,2,23,428,24,16,0,232,3,3,0,21,0,6,69,0,0,40,2,53,24,134,35,108,83,319,0,236,71,26906,22,9,1,51,115,0,32,1768
334,391,42,106,43,19,880,1,371,190,293,100,27,15,6,115,483,55,151,71,289,632,1156,186,27,544,141,31,258,175,31,232,85,442,368,78,322,127,322,256,85,33,385,3082,174,90,3,4901,83,290,95,40,74,71,997,159,37,175,3,515,32,52,432,5189,154,88,39,707,61,41,248,8,78,292,332,9,117,199
