"","X_0002","X_0004","X_0007","X_0008","X_0010","X_0015","X_0017","X_0018","X_0019","X_0024","X_0026","X_0032","X_0038","X_0039","X_0040","X_0051","X_0054","X_0074","X_0076","X_0101","X_0143","X_0179","X_0181","X_0190","X_0198","X_0265","X_0312","X_0355"
"S_00073",11932,0,0,0,0,0,0,0,0,113,0,161,0,0,0,0,0,0,719,0,0,0,0,0,230,0,0,0
"S_00169",10453,0,0,0,0,0,0,0,0,161.5,0,118.5,0,18,0,0,0,0,631,0,0,0,0,0,158.5,0,0,0
"S_00265",8974,0,0,0,0,0,0,0,0,210,0,76,0,36,0,0,0,0,543,0,0,0,0,0,87,0,0,0
"S_00361",4452,0,0,0,0,0,0,0,0,0,0,0,0,62,0,0,0,0,0,0,0,0,0,0,62,0,0,0
"S_00457",6881,0,0,0,0,0,0,0,0,34,0,28,0,0,0,0,0,0,16,0,0,0,0,0,19,0,0,0
"S_00553",6651,0,0,0,0,0,0,0,0,77,0,14,0,0,0,0,0,346.5,46.5,0,0,0,0,0,18.5,0,0,0
"S_00649",6421,0,0,0,0,0,0,0,0,120,0,0,0,0,0,0,0,693,77,0,0,0,0,0,18,0,0,0
"S_00745",5638,0,0,0,0,0,0,0,0,0,0,0,0,0,0,0,0,0,0,0,0,0,0,0,0,0,0,0
"S_00841",14885,0,0,0,0,0,0,0,0,540,0,35,0,0,0,0,0,1756,75,0,0,0,0,0,15,0,0,0
"S_00937",12833.5,0,0,0,0,0,0,0,0,401,0,17.5,0,0,0,0,0,1538,60.5,0,0,0,0,0,16.5,0,0,0
"S_01033",10782,0,0,0,0,0,0,0,0,262,0,0,0,0,0,0,0,1320,46,0,0,0,0,0,18,0,0,0
"S_01129",9150,0,0,0,0,0,0,0,0,0,0,0,0,0,0,0,0,0,0,0,0,0,0,0,0,0,0,0
"S_01225",20437,0,0,0,0,0,0,0,0,0,0,0,0,0,0,0,0,0,0,0,0,0,0,0,0,0,0,0
"S_01321",15082.5,0,0,0,0,0,0,0,0,57.5,0,0,0,0,0,0,0,543,0,0,0,0,0,0,0,0,0,0
"S_01417",9728,0,0,0,0,0,0,0,0,115,0,0,0,0,0,0,0,1086,0,0,0,0,0,0,0,0,0,0
"S_01513",7757.5,0,0,0,0,0,0,0,0,84,0,0,0,0,0,0,0,543,0,0,0,0,0,0,0,0,0,0
"S_01609",5787,0,0,0,0,0,0,0,0,53,0,0,0,0,0,0,0,0,0,0,0,0,0,0,0,0,0,0
"S_01705",8620,0,0,0,0,0,0,0,0,26.5,0,0,0,0,0,0,0,689,0,0,0,0,0,0,0,0,0,0
"S_01801",11453,0,0,0,0,0,0,0,0,0,0,0,0,0,0,0,0,1378,0,0,0,0,0,0,0,0,0,0
"S_01897",13773,0,0,0,0,0,0,0,0,0,0,0,0,0,0,0,0,0,0,0,0,0,0,0,0,0,0,0
"S_01993",8803,0,0,0,0,0,0,0,0,0,0,0,0,0,0,0,0,0,0,0,0,0,0,0,0,0,0,0
"S_02089",10284.5,0,0,0,0,0,0,0,0,19.5,0,0,0,0,0,0,0,759,0,0,0,0,0,0,0,0,0,0
"S_02185",11766,0,0,0,0,0,0,0,0,39,0,0,0,0,0,0,0,1518,0,0,0,0,0,0,0,0,0,0
"S_02281",13948,0,0,0,0,0,0,0,0,0,0,0,0,0,0,0,0,0,0,0,0,0,0,0,0,0,0,0
"S_02377",15350,0,0,0,0,0,0,0,0,35,0,0,0,0,0,0,0,1835,0,0,0,0,0,0,0,0,0,0
"S_02473",15711.5,0,0,0,0,0,0,0,0,17.5,0,0,0,0,0,0,0,1857,0,0,0,0,0,0,0,0,0,0
"S_02569",16073,0,0,0,0,0,0,0,0,0,0,0,0,0,0,0,0,1879,0,0,0,0,0,0,0,0,0,0
"S_02665",11580,0,0,0,0,0,0,0,0,0,0,0,0,0,0,0,0,1392,0,0,0,0,0,0,0,0,0,0
"S_02761",22863,0,0,0,0,0,0,0,0,0,0,0,0,0,0,0,0,0,0,0,0,0,0,0,0,0,0,0
"S_02857",18825.5,0,0,0,0,0,0,0,0,0,0,0,0,0,0,0,0,0,0,0,0,0,0,0,0,0,0,0
"S_02953",14788,0,0,0,0,0,0,0,0,0,0,0,0,0,0,0,0,0,0,0,0,0,0,0,0,0,0,0
"S_03049",9880,0,0,0,0,0,0,0,0,0,0,0,0,0,0,0,0,0,0,0,0,0,0,0,0,0,0,0
"S_03145",10250,0,0,0,0,0,0,0,0,0,0,0,0,0,0,0,0,1200,0,0,0,0,0,0,0,0,0,0
"S_03241",9229.5,0,0,0,0,0,0,0,0,0,0,0,0,0,0,0,0,1032,0,0,0,0,0,0,0,0,0,0
"S_03337",8209,0,0,0,0,0,0,0,0,0,0,0,0,0,0,0,0,864,0,0,0,0,0,0,0,0,0,0
"S_03433",7495,0,0,0,0,0,0,0,0,0,0,0,0,0,0,0,0,0,0,0,0,0,0,0,0,0,0,0
"S_03529",10388,0,0,0,0,0,0,0,0,0,0,0,0,0,0,0,0,1019,0,0,0,0,0,0,0,0,0,0
"S_03625",11396.5,0,0,0,0,0,0,0,0,0,0,0,0,0,0,0,0,1144,0,0,0,0,0,0,0,0,0,0
"S_03721",12405,0,0,0,0,0,0,0,0,0,0,0,0,0,0,0,0,1269,0,0,0,0,0,0,0,0,0,0
"S_03817",7864,0,0,0,0,0,0,0,0,0,0,0,0,0,0,0,0,0,0,0,0,0,0,0,0,0,0,0
"S_03913",9791,0,0,0,0,0,0,0,0,0,0,0,0,0,0,0,0,1192,0,0,0,0,0,0,0,0,0,0
"S_04009",11921,0,0,0,0,0,0,0,0,0,0,0,0,0,0,0,0,596,0,0,0,0,0,0,0,0,0,0
"S_04105",14051,0,0,0,0,0,0,0,0,0,0,0,0,0,0,0,0,0,0,0,0,0,0,0,0,0,0,0
"S_04201",6433,0,0,0,0,0,0,0,0,0,0,0,0,0,0,0,0,0,0,0,0,0,0,0,0,0,0,0
"S_04297",14699,0,0,0,0,0,0,0,0,0,0,0,0,0,0,0,0,0,0,0,0,0,0,0,0,0,0,0
"S_04393",13727.5,0,0,0,0,0,0,0,0,0,0,0,0,0,0,0,0,681.5,0,0,0,0,0,0,0,0,0,0
"S_04489",12756,0,0,0,0,0,0,0,0,0,0,0,0,0,0,0,0,1363,0,0,0,0,0,0,0,0,0,0
"S_04585",10972,0,0,0,0,0,0,0,0,0,0,0,0,0,0,0,0,0,0,0,0,0,0,0,0,0,0,0
"S_04681",8625,0,0,0,0,0,0,0,0,0,0,0,0,0,0,0,0,0,0,0,0,0,0,0,0,0,0,0
"S_04777",9547.5,0,0,0,0,0,0,0,0,0,0,0,0,0,0,0,0,506.5,0,0,0,0,0,0,0,0,0,0
"S_04873",10470,0,0,0,0,0,0,0,0,0,0,0,0,0,0,0,0,1013,0,0,0,0,0,0,0,0,0,0
"S_04969",7856,0,0,0,0,0,0,0,0,0,0,0,0,0,0,0,0,0,0,0,0,0,0,0,0,0,0,0
"S_05065",15227,0,0,0,0,0,0,0,0,0,0,0,0,0,0,0,0,1910,0,0,0,0,0,0,0,0,0,0
"S_05161",10522,0,0,0,0,0,0,0,0,0,0,0,0,0,0,0,0,1233,0,0,0,0,0,0,0,0,0,0
"S_05257",13220,0,0,0,0,0,0,0,0,0,0,0,0,0,0,0,0,1500,0,0,0,0,0,0,0,0,0,0
"S_05353",15918,0,0,0,0,0,0,0,0,0,0,0,0,0,0,0,0,1767,0,0,0,0,0,0,0,0,0,0
"S_05449",11550,0,0,0,0,0,0,0,0,0,0,0,0,0,0,0,0,0,0,0,0,0,0,0,0,0,0,0
"S_05545",7564,0,0,0,0,0,0,0,0,0,0,0,0,0,0,0,0,0,0,0,0,0,0,0,0,0,0,0
"S_05641",3769,0,0,0,0,0,0,0,0,0,0,0,0,0,0,0,0,0,0,0,0,0,0,0,0,0,0,0
"S_05737",7492,0,0,0,0,0,0,0,0,0,0,0,0,0,0,0,0,0,0,0,0,0,0,0,0,0,0,0
"S_05833",6979,0,0,0,0,0,0,0,0,0,0,0,0,0,0,0,0,847,0,0,0,0,0,0,0,0,0,0
"S_05929",10786.5,0,0,0,0,0,0,0,0,0,0,0,0,0,0,0,0,423.5,0,0,0,0,0,0,0,0,0,0
"S_06025",14594,0,0,0,0,0,0,0,0,0,0,0,0,0,0,0,0,0,0,0,0,0,0,0,0,0,0,0
"S_06121",15707,0,0,0,0,0,0,0,0,0,0,0,0,0,0,0,0,0,0,0,0,0,0,0,0,0,0,0
"S_06217",10179,0,0,0,0,0,0,0,0,0,0,0,0,0,0,0,0,1099,0,0,0,0,0,0,0,0,0,0
"S_06313",12188,0,0,0,0,0,0,0,0,0,0,0,0,0,0,0,0,1342.5,0,0,0,0,0,0,0,0,0,0
"S_06409",14197,0,0,0,0,0,0,0,0,0,0,0,0,0,0,0,0,1586,0,0,0,0,0,0,0,0,0,0
"S_06505",10395,0,0,0,0,0,0,0,0,0,0,0,0,0,0,0,0,0,0,0,0,0,0,0,0,0,0,0
"S_06601",6000,0,0,0,0,0,0,0,0,0,0,0,0,0,0,0,0,620,0,0,0,0,0,0,0,0,0,0
"S_06697",5659,0,0,0,0,0,0,0,0,0,0,0,0,0,0,0,0,599.5,0,0,0,0,0,0,0,0,0,0
"S_06793",5318,0,0,0,0,0,0,0,0,0,0,0,0,0,0,0,0,579,0,0,0,0,0,0,0,0,0,0
"S_06889",4791,0,0,0,0,0,0,0,0,0,0,0,0,0,0,0,0,0,0,0,0,0,0,0,0,0,0,0
"S_06985",13329,0,0,0,0,0,0,0,0,0,0,0,0,0,0,0,0,1471,0,0,0,0,0,0,0,0,0,0
"S_07081",10958,0,0,0,0,0,0,0,0,0,0,0,0,0,0,0,0,0,0,0,0,0,0,0,0,0,0,0
"S_07177",5839,0,0,0,0,0,0,0,0,0,0,0,0,0,0,0,0,603,0,0,0,0,0,0,0,0,0,0
"S_07273",1483,0,0,0,0,0,0,0,0,0,0,0,0,0,0,0,0,0,0,0,0,0,0,0,0,0,0,0
"S_07369",15058,0,0,0,0,0,0,0,0,0,0,0,0,0,0,0,0,0,0,0,0,0,0,0,0,0,0,0
"S_07465",15058,0,0,0,0,0,0,0,0,0,0,0,0,0,0,0,0,0,0,0,0,0,0,0,0,0,0,0
"S_07561",28633,0,0,0,0,0,0,0,0,0,0,0,0,0,0,0,0,0,0,0,0,0,0,0,0,0,0,0
"S_07657",22732,0,0,0,0,0,0,0,0,0,0,0,0,0,0,0,0,0,0,0,0,0,0,0,0,0,0,0
"S_07753",8100,0,0,0,0,0,0,0,0,0,0,0,0,0,0,0,0,0,0,0,0,0,0,0,0,0,0,0
"S_07849",7848.5,0,0,0,0,0,0,0,0,0,0,0,0,0,0,0,0,0,0,0,0,0,0,0,0,0,0,0
"S_07945",7597,0,0,0,0,0,0,0,0,0,0,0,0,0,0,0,0,0,0,0,0,0,0,0,0,0,0,0
"S_08041",10809,0,0,0,0,0,0,0,0,0,0,0,0,0,0,0,0,0,0,0,0,0,0,0,0,0,0,0
"S_08137",15138,0,0,0,0,0,0,0,0,0,0,0,0,0,0,0,0,1709,0,0,0,0,0,0,0,0,0,0
"S_08233",17466.5,0,0,0,0,0,0,0,0,0,0,0,0,0,0,0,0,2023,0,0,0,0,0,0,0,0,0,0
"S_08329",19795,0,0,0,0,0,0,0,0,0,0,0,0,0,0,0,0,2337,0,0,0,0,0,0,0,0,0,0
"S_08425",20513,0,0,0,0,0,0,0,0,0,0,0,0,0,0,0,0,2237,0,0,0,0,0,0,0,0,0,0
"S_08521",21231,0,0,0,0,0,0,0,0,0,0,0,0,0,0,0,0,2137,0,0,0,0,0,0,0,0,0,0
"S_08617",32340,0,0,0,0,0,0,0,0,0,0,0,0,0,0,0,0,0,0,0,0,0,0,0,0,0,0,0
"S_08713",18156,0,0,0,0,0,0,0,0,0,0,0,0,0,0,0,0,1783,0,0,0,0,0,0,0,0,0,0
"S_08809",6455,0,0,0,0,0,0,0,0,0,0,0,0,0,0,0,0,0,0,0,0,0,0,0,0,0,0,0
"S_08905",12232,0,0,0,0,0,0,0,0,0,0,0,0,0,0,0,0,1142,0,0,0,0,0,0,0,0,0,0
"S_09001",8926,0,0,0,38,0,0,0,0,0,0,0,0,0,0,0,0,571,0,0,0,0,0,0,0,0,0,0
"S_09097",5620,0,0,0,76,0,0,0,0,0,0,0,0,0,0,0,0,0,0,0,0,0,0,0,0,0,0,0
"S_09193",10552,0,0,0,0,0,0,0,0,0,0,0,0,0,0,0,0,0,0,0,0,0,0,0,0,0,0,0
"S_09289",8639,0,0,0,150,0,0,0,0,0,0,0,0,0,0,0,0,0,0,0,0,0,0,0,0,0,0,0
"S_09385",9339,0,0,0,126.5,0,0,0,0,0,0,0,0,0,0,0,0,0,0,0,0,0,0,0,0,0,0,0
"S_09481",10039,0,0,0,103,0,0,0,0,0,0,0,0,0,0,0,0,0,0,0,0,0,0,0,0,0,0,0
"S_09577",6973,0,0,0,0,0,0,0,0,0,0,0,0,0,0,0,0,0,0,0,0,0,0,0,0,0,0,0
"S_09673",17816,0,0,0,0,0,0,0,0,0,0,0,0,0,0,0,0,1583,0,0,0,0,0,0,0,0,0,0
"S_09769",13714.5,0,0,0,229,0,0,0,0,0,0,0,0,0,0,0,0,1312.5,0,0,0,0,0,0,0,0,0,0
"S_09816",9613,0,0,0,458,0,0,0,0,0,0,0,0,0,0,0,0,1042,0,0,0,0,0,0,0,0,0,0
"S_09961",1689,0,0,0,2042,0,0,0,0,0,0,0,0,0,0,0,0,0,0,0,0,0,0,0,0,0,0,0
"S_10057",4311,0,0,0,709,0,0,0,0,0,0,0,0,0,0,0,0,0,0,0,0,0,0,0,0,0,0,0
"S_10153",5284,0,0,0,852,0,0,0,0,0,0,0,0,0,0,0,0,0,0,0,0,0,0,0,0,0,0,0
"S_10249",4842,0,0,0,1496,0,0,0,0,0,0,0,0,0,0,0,0,0,0,0,0,0,0,0,0,0,0,0
"S_10345",8327,0,0,0,2153,0,0,0,0,0,0,0,0,0,0,0,0,0,0,0,0,0,0,0,0,0,0,0
"S_10441",6190,0,0,0,1810,0,0,0,0,0,0,0,0,0,0,0,0,0,0,0,0,0,0,0,0,0,0,0
"S_10537",6190,0,0,0,1810,0,0,0,0,0,0,0,0,0,0,0,0,0,0,0,0,0,0,0,0,0,0,0
"111",NA,NA,NA,NA,NA,NA,NA,NA,NA,NA,NA,NA,NA,NA,NA,NA,NA,NA,NA,NA,NA,NA,NA,NA,NA,NA,NA,NA
"S_00074",11532,0,0,0,0,0,0,0,0,0,0,0,0,0,0,0,0,0,0,0,38,0,0,0,0,0,0,231
"S_00170",11323,0,0,0,0,0,0,0,0,0,0,0,0,0,0,0,0,0,0,0,0,0,0,0,0,0,0,105
"S_00266",9593,0,0,0,0,0,0,0,0,0,0,0,0,0,0,0,0,0,0,0,30,0,0,0,0,0,0,34
"S_00362",7574,0,0,0,0,0,0,0,0,0,0,0,0,0,0,0,0,0,0,0,0,0,0,0,0,0,0,0
"S_00458",4481,0,0,0,0,0,0,0,0,0,0,0,0,0,0,0,0,0,0,0,0,0,0,0,0,0,0,0
"S_00554",8020,0,0,0,0,0,0,0,0,0,0,0,0,0,0,0,0,0,0,0,90,0,0,0,0,0,0,30
"S_00650",5070,0,0,0,0,0,0,0,0,177,0,0,0,0,0,0,0,0,0,0,0,0,0,0,0,0,0,36
"S_00746",3768,0,0,0,0,0,0,0,0,368,0,0,0,0,0,0,0,0,0,0,0,0,0,0,0,0,0,0
"S_00842",8993,0,0,0,0,0,0,0,0,816,0,0,0,0,0,0,0,0,0,0,47,0,0,0,0,0,0,87
"S_00938",5294,0,0,0,0,0,0,0,0,614,0,0,0,0,0,0,0,0,0,0,0,0,0,0,0,0,0,0
"S_01034",7016,0,0,0,0,0,0,0,0,942,0,0,0,36,0,0,0,0,0,0,0,0,39,0,0,0,0,0
"S_01130",4551,0,0,0,0,0,0,0,0,525,0,0,0,0,0,0,0,0,0,0,0,0,0,0,0,0,0,0
"S_01226",6916,0,0,0,0,0,0,0,0,1724,0,0,0,0,0,0,0,0,0,0,0,0,119,0,0,0,0,0
"S_01322",6483,0,0,0,0,0,0,0,0,1031,0,0,0,72,0,0,0,0,0,0,0,0,41,0,0,0,0,0
"S_01418",5150,0,0,0,0,0,0,0,0,664,0,0,0,46,0,0,0,0,0,0,0,0,23,0,0,0,0,0
"S_01514",3564,0,0,0,0,0,0,0,0,51,0,0,0,0,0,0,0,0,0,0,0,0,0,0,0,0,0,0
"S_01610",6080,0,0,0,0,0,0,0,0,933,0,0,0,0,0,0,0,0,0,0,0,0,16,0,0,0,0,0
"S_01706",6794,0,0,0,0,0,0,0,0,783,0,0,0,0,0,0,0,0,0,0,0,0,56,0,0,0,0,0
"S_01802",9359,0,0,0,0,0,0,0,0,899,0,0,0,0,0,0,0,0,0,0,0,0,67,0,0,0,0,0
"S_01898",9383,0,0,0,0,0,0,0,0,1908,0,0,0,0,0,0,0,0,0,0,0,0,101,0,0,0,0,0
"S_01994",11875,0,0,0,0,0,0,0,0,1506,0,0,0,0,0,0,0,0,0,0,0,0,106,0,0,0,0,0
"S_02090",7932,0,0,0,0,0,0,0,0,1963,0,0,0,0,0,0,0,0,0,0,0,0,240,0,0,0,0,0
"S_02186",8019,0,0,0,0,0,0,0,0,3685,0,0,0,0,0,0,0,0,0,0,0,0,92,0,0,0,0,0
"S_02282",8801,0,0,0,0,0,0,0,0,2762,0,0,0,0,0,0,0,0,0,0,0,0,69,0,0,0,0,0
"S_02378",9583,0,0,0,0,0,0,0,0,1839,0,0,0,0,0,0,0,0,0,0,0,0,46,0,0,0,0,0
"S_02474",10278,0,0,0,0,0,0,0,0,2048,0,0,0,21,0,0,0,0,0,0,0,0,66,0,0,0,0,0
"S_02570",7924,0,0,0,0,0,0,0,0,3237,0,0,0,0,0,0,0,0,0,0,0,0,52,0,0,0,0,0
"S_02666",7907,0,0,0,0,0,0,0,0,1775,0,0,0,0,0,0,0,0,0,0,0,0,11,0,0,0,0,0
"S_02762",8224,0,0,0,0,0,0,0,0,1572,0,0,0,0,0,0,0,0,0,0,0,0,31,0,0,0,0,0
"S_02858",9678,0,0,0,0,0,0,0,0,1640,0,0,0,0,0,0,0,0,0,0,0,0,71,0,0,0,0,0
"S_02954",7130,0,0,0,0,0,0,0,0,1080,0,0,0,0,0,0,0,0,0,0,0,0,76,0,0,0,0,0
"S_03050",6374,0,0,0,0,0,0,0,0,1578,0,0,0,0,0,0,0,0,0,0,0,0,0,0,0,0,0,0
"S_03146",7722,0,0,0,0,0,0,0,0,3116,0,0,0,0,0,0,0,0,0,0,81,0,141,0,0,0,0,0
"S_03242",6441,0,0,0,0,0,0,0,0,4495,0,0,0,0,0,0,0,0,0,0,70,0,94,0,0,0,0,0
"S_03338",4913,0,0,0,0,0,0,0,0,954,0,0,0,0,0,0,0,0,0,0,23,0,37,0,0,0,0,0
"S_03434",5195,0,0,0,0,0,0,0,0,3090,0,0,0,0,0,0,0,0,0,0,0,0,99,0,0,0,0,0
"S_03530",7064,0,0,0,0,0,0,0,0,2688,0,0,0,0,0,0,0,0,0,0,0,0,67,0,0,0,0,0
"S_03626",6149,0,0,0,0,0,0,0,0,1449,0,0,0,0,0,0,0,0,0,0,0,0,0,0,0,0,0,0
"S_03722",8225,0,0,0,0,0,0,0,0,1208,0,0,0,0,0,0,0,0,0,0,79,0,49,0,0,0,0,0
"S_03818",8231,0,0,0,0,0,0,0,0,8141,0,0,0,0,0,0,0,0,0,0,0,0,0,0,0,0,0,0
"S_03914",6933,0,0,0,0,0,0,0,0,4884,0,0,0,0,0,0,0,0,0,0,116,0,99,0,0,0,0,0
"S_04010",6132,0,0,0,0,0,0,0,0,1144,0,0,0,0,0,0,0,0,0,0,0,0,52,0,0,0,0,0
"S_04106",7586,0,0,0,0,0,0,0,0,1331,0,0,0,0,0,0,0,0,0,0,0,0,30,0,0,0,0,0
"S_04202",5470,0,0,0,0,0,0,0,0,1807,0,0,0,0,0,0,0,0,0,0,0,0,0,0,0,0,0,0
"S_04298",7703,0,0,0,0,0,0,0,0,3801,0,0,0,0,0,0,0,0,0,0,70,0,60,0,0,0,0,0
"S_04394",6549,0,0,0,0,0,0,0,0,1244,0,0,0,0,0,0,0,0,0,0,51,0,67,0,0,0,0,0
"S_04490",10142,0,0,0,0,0,0,0,0,5154,0,0,0,0,0,0,0,0,0,0,81,0,127,0,0,0,0,0
"S_04586",5048,0,0,0,0,0,0,0,0,5525,0,0,0,0,0,0,0,0,0,0,0,0,0,0,0,0,0,0
"S_04682",4886,0,0,0,0,0,0,0,0,3623,0,0,0,0,0,0,0,0,0,0,0,0,114,0,0,0,0,0
"S_04778",5177,0,0,0,0,0,0,0,0,3540.5,0,0,0,0,0,0,0,0,0,0,0,0,98.5,0,0,0,0,0
"S_04874",5468,0,0,0,0,0,0,0,0,3458,0,0,0,0,0,0,0,0,0,0,0,0,83,0,0,0,0,0
"S_04970",5893,0,0,0,0,0,0,0,0,6283,0,0,0,0,0,0,0,0,0,0,0,0,0,0,0,0,0,0
"S_05066",9438,0,0,0,0,0,0,0,0,4782,0,0,0,0,0,0,0,0,0,0,0,0,201,0,0,0,0,0
"S_05162",8835,0,0,0,0,0,0,0,0,1299,0,0,0,0,0,0,0,0,0,0,0,0,111,0,0,0,0,0
"S_05258",9766,0,0,0,0,0,0,0,0,960,0,0,0,0,0,0,0,0,0,0,30,0,98,0,0,0,0,0
"S_05354",11258,0,0,0,0,0,0,0,0,2157,0,0,0,0,0,0,0,0,0,0,21,0,144,0,0,0,0,0
"S_05450",7441,0,0,0,0,0,0,0,0,5595,0,0,0,0,0,0,0,0,0,0,0,0,158,0,0,0,0,0
"S_05546",9304,0,0,0,0,0,0,0,0,6053,0,0,0,0,0,0,0,0,0,0,0,0,86,0,0,0,0,0
"S_05642",5642,0,0,0,0,0,0,0,0,1358,0,0,0,0,0,0,0,0,0,0,0,0,29,0,0,0,0,0
"S_05738",4873,0,0,0,0,0,0,0,0,7134,0,0,0,0,0,0,0,0,0,0,0,0,0,0,0,0,0,0
"S_05834",7602,0,0,0,0,0,0,0,0,682,0,0,0,0,0,0,0,0,0,0,13,0,13,0,0,0,0,0
"S_05930",6826,0,0,0,0,0,0,0,0,1331,0,0,0,0,0,0,0,0,0,0,0,0,0,0,0,0,0,0
"S_06026",9567,0,0,0,0,0,0,0,0,1967,0,0,0,0,0,0,0,0,0,0,53,0,62,0,0,0,0,0
"S_06122",7177,0,0,0,0,0,0,0,0,1747,0,0,0,0,0,0,0,0,0,0,73,0,58,0,0,0,0,0
"S_06218",6976,0,0,0,0,0,0,0,0,1425,0,0,0,0,0,0,0,0,0,0,0,0,67,0,0,0,0,0
"S_06314",5546,0,0,0,0,0,0,0,0,1319,0,0,0,0,0,0,0,0,0,0,0,0,44,0,0,0,0,0
"S_06410",7638,0,0,0,0,0,0,0,0,1053,0,0,0,0,0,0,0,0,0,0,0,0,32,0,0,0,0,0
"S_06506",6180,0,0,0,0,0,0,0,0,5215,0,0,0,0,0,0,0,0,0,0,0,0,0,0,0,0,0,0
"S_06602",10143,0,0,0,0,0,0,0,0,1206,0,0,0,0,0,0,0,0,0,0,0,0,0,0,0,0,0,0
"S_06698",8142,0,0,0,0,0,0,0,0,773,0,0,0,0,0,0,0,0,0,0,0,0,45,0,0,0,0,0
"S_06794",11302,0,0,0,0,0,0,0,0,2023,0,0,0,0,0,0,0,0,0,0,0,0,0,0,0,0,0,0
"S_06890",6629,0,0,0,0,0,0,0,0,4112,0,0,0,0,0,0,0,0,0,0,0,0,0,0,0,0,0,0
"S_06986",8400,0,0,0,0,0,0,0,0,998,0,0,0,0,0,0,0,0,0,0,0,0,15,0,0,0,0,0
"S_07082",8364,0,0,0,0,0,0,0,0,781,0,0,0,0,0,0,0,0,0,0,0,0,32,0,0,0,0,0
"S_07178",17149,0,0,0,0,0,0,0,0,951,0,0,0,0,0,0,0,0,0,0,0,0,51,0,0,0,0,0
"S_07274",13589,0,0,0,0,0,0,0,0,975,0,0,0,0,0,0,0,0,0,0,0,0,0,0,0,0,0,0
"S_07370",12143,0,0,0,0,0,0,0,0,93,0,0,0,0,0,0,0,0,0,0,0,0,16,0,0,0,0,0
"S_07466",16544,0,0,0,0,0,0,0,0,1398,0,0,0,0,0,0,0,0,0,0,0,0,71,0,0,0,0,0
"S_07562",24166,0,0,0,0,0,0,0,0,609,0,0,0,0,0,0,0,0,0,0,0,0,70,0,0,0,0,0
"S_07658",17284,0,0,0,0,0,0,0,0,456,0,0,0,0,0,0,0,0,0,0,0,0,62,0,0,0,0,0
"S_07754",7391,0,0,0,0,0,0,0,0,1685,0,0,0,0,0,0,0,0,0,0,0,0,53,0,0,0,0,0
"S_07850",6946,0,0,0,0,0,0,0,0,137,0,0,0,0,0,0,0,0,0,0,0,0,0,0,0,0,0,0
"S_07946",9578,0,0,0,0,0,0,0,0,738,0,0,0,0,0,0,0,0,0,0,0,0,62,0,0,0,0,0
"S_08042",13089,0,0,0,0,0,0,0,0,1749,0,0,0,0,0,0,0,0,0,0,0,0,0,0,0,0,0,0
"S_08138",9776,0,0,0,0,0,0,0,0,1572,0,0,0,0,0,0,0,0,0,0,0,0,111,0,0,0,0,0
"S_08234",8686,0,0,0,0,0,0,0,0,645,0,0,0,0,0,0,0,0,0,0,0,0,105,0,0,0,0,0
"S_08330",9356,0,0,0,0,0,0,0,0,795,0,0,0,0,0,0,0,0,0,0,0,0,77,0,0,0,0,0
"S_08426",9895,0,0,0,0,0,0,0,0,1232,0,0,0,0,0,0,0,0,0,0,0,0,80.5,0,0,0,0,0
"S_08522",10434,0,0,0,0,0,0,0,0,1669,0,0,0,0,0,0,0,0,0,0,0,0,84,0,0,0,0,0
"S_08618",9763,0,0,0,0,0,0,0,0,842,0,0,0,0,0,0,0,0,0,0,0,0,59,0,0,0,0,0
"S_08714",8793,0,0,0,132,0,0,0,0,1221,0,0,0,0,0,0,0,0,0,0,0,0,57,0,0,0,0,0
"S_08810",10655,0,0,0,0,0,0,0,0,325,0,0,0,0,0,0,0,0,0,0,0,0,0,0,0,0,0,0
"S_08906",6474,0,0,0,392,0,0,0,0,896,0,0,0,0,0,0,0,0,0,0,0,0,45,0,0,0,0,0
"S_09002",5723,0,0,0,53,0,0,0,0,352,0,0,0,0,0,0,0,0,0,0,0,0,53,0,0,0,0,0
"S_09098",7109,0,0,0,347,0,0,0,0,246,0,0,0,0,0,0,0,0,0,0,0,0,0,0,0,0,0,0
"S_09194",5321,0,0,0,467,0,0,0,0,464,0,0,0,0,0,0,0,0,0,0,0,0,0,0,0,0,0,0
"S_09290",10759,0,0,0,395,0,0,0,0,263,0,0,0,0,0,0,0,0,0,0,0,0,0,0,0,0,0,0
"S_09386",6495,0,0,0,1254,0,0,0,0,305,0,0,0,0,0,0,0,0,0,0,0,0,0,0,0,0,0,0
"S_09482",7215,0,0,0,1966,0,0,0,0,495,0,0,0,0,0,0,0,0,0,0,0,0,0,0,0,0,0,0
"S_09578",3768,0,0,0,1974,0,0,0,0,813,0,0,0,0,0,0,0,0,0,0,0,0,0,0,0,0,0,0
"S_09674",8878,0,0,0,626,0,0,0,0,307,0,0,0,0,0,0,0,0,0,0,0,0,0,0,0,0,0,0
"S_09770",9240,0,0,0,2170,0,0,0,0,150,0,0,0,0,0,0,0,0,0,0,0,0,0,0,0,0,0,0
"S_09815",6050,0,0,0,991,0,0,0,0,116,0,0,0,0,0,0,0,0,0,0,0,0,0,0,0,0,0,0
"S_09962",5252,0,0,0,496,0,0,0,0,0,0,0,0,0,0,0,0,0,0,0,0,0,0,0,0,0,0,0
"S_10058",10499,0,0,0,2997,0,0,0,0,102,0,0,0,0,0,0,0,0,0,0,0,0,0,0,0,0,0,0
"S_10154",7498,0,0,0,3319,0,0,0,0,0,0,0,0,0,0,0,0,0,0,0,0,0,0,0,0,0,0,0
"S_10250",9128,0,0,0,3064,0,0,0,0,65,0,0,0,0,0,0,0,0,0,0,0,0,0,0,0,0,0,0
"S_10346",6674,0,0,0,5840,0,0,0,0,0,0,0,0,0,0,0,0,0,0,0,0,0,0,0,0,0,0,0
"S_10442",6553,0,0,0,5501,0,0,0,0,49,0,0,0,0,0,0,0,0,0,0,0,0,0,0,0,0,0,0
"S_10538",14360,0,0,0,6197,0,0,0,0,66,0,0,0,0,0,0,0,0,0,0,0,0,0,0,0,0,0,0
"1111",NA,NA,NA,NA,NA,NA,NA,NA,NA,NA,NA,NA,NA,NA,NA,NA,NA,NA,NA,NA,NA,NA,NA,NA,NA,NA,NA,NA
"S_00075",10331,0,0,0,0,0,0,0,0,236,0,0,1824,0,0,0,0,0,0,0,0,0,0,162,0,0,0,0
"S_00171",5346,0,0,0,0,0,0,0,0,570,0,0,4458,0,0,0,0,0,0,0,106,0,0,295,0,0,0,0
"S_00267",4546.5,0,0,0,0,0,0,0,0,686.5,0,0,4280.5,0,0,0,0,0,0,0,53,0,0,193,0,0,0,0
"S_00363",3747,0,0,0,0,0,0,0,0,803,0,0,4103,0,0,0,0,0,0,0,0,0,0,91,0,0,0,0
"S_00459",2362,0,0,0,0,0,0,0,0,1241,0,0,4362,0,0,0,0,0,0,0,46,0,0,39,0,0,0,0
"S_00555",2868,0,0,0,0,0,0,0,0,721,0,0,4028,0,0,0,0,0,0,0,101,0,0,86,0,0,0,0
"S_00651",3353,0,0,0,0,0,0,0,0,463,0,0,1629,0,0,0,0,0,0,0,0,0,0,0,0,0,0,0
"S_00747",3241,0,0,0,0,0,0,0,0,429,0,0,1654,0,0,0,0,0,0,0,0,0,0,0,0,0,0,0
"S_00843",6680,0,0,0,0,0,0,0,0,1656,0,0,3777,0,0,0,0,0,0,0,0,0,0,0,0,0,0,0
"S_00939",4867,0,0,0,0,0,0,0,0,835,0,0,2493,0,0,0,0,0,0,0,0,0,0,0,0,0,0,0
"S_01035",5373,0,0,0,0,0,0,0,0,1825,0,0,1888,0,0,0,0,0,0,0,0,0,0,0,0,0,0,0
"S_01131",4432.5,0,0,0,0,0,0,0,0,3532,0,0,3315,0,0,0,10.5,0,0,0,0,0,0,0,0,0,15.5,0
"S_01227",3492,0,0,0,0,0,0,0,0,5239,0,0,4742,0,0,0,21,0,0,0,0,0,0,0,0,0,31,0
"S_01323",4943,0,0,0,0,0,0,0,0,2433,0,0,2196,0,0,0,0,0,0,0,0,0,0,0,0,59,0,0
"S_01419",3623,0,0,0,0,0,0,0,0,901,0,0,1104,0,0,0,0,0,0,0,0,0,0,0,0,0,0,0
"S_01515",4361.5,0,0,0,0,0,0,0,0,1438,0,0,1410.5,0,0,0,0,0,0,0,0,0,0,0,0,41,0,0
"S_01611",5100,0,0,0,0,0,0,0,0,1975,0,0,1717,0,0,0,0,0,0,0,0,0,0,0,0,82,0,0
"S_01707",4606,0,0,0,0,0,0,0,0,4362,0,0,3883,0,0,0,0,0,0,0,0,0,0,0,0,41,0,0
"S_01803",4546,0,0,0,0,0,0,0,0,4773.5,0,0,3541,0,0,0,0,0,0,0,0,0,0,0,0,20.5,23,0
"S_01899",4486,0,0,0,0,0,0,0,0,5185,0,0,3199,0,0,0,0,0,0,0,0,0,0,0,0,0,46,0
"S_01995",4648,0,0,0,0,0,0,0,0,6018,0,0,2832,0,0,0,0,0,0,0,42,0,0,0,0,0,33,0
"S_02091",1732,0,0,0,0,0,0,0,0,3328,0,0,1293,0,0,0,0,0,0,0,0,0,0,0,0,48,0,0
"S_02187",3751,0,0,0,0,0,0,0,0,5885,0,0,1884,0,0,0,0,0,0,0,0,0,0,0,0,0,0,0
"S_02283",5773,0,0,0,0,0,0,0,0,3487,0,0,2145,0,0,0,0,0,0,0,0,0,0,0,0,104,0,0
"S_02379",6714,0,0,0,0,0,0,0,0,3389,0,0,2425,0,0,0,0,0,0,0,0,0,0,0,0,0,0,0
"S_02475",6141,0,0,0,0,0,0,0,0,5263,0,0,1583,0,0,0,0,0,0,0,0,0,0,0,0,85,48,0
"S_02571",4221,0,0,0,0,0,0,0,0,2837,0,0,1882,0,0,0,0,0,0,0,0,0,0,0,0,59,37,0
"S_02667",5912,0,0,0,0,0,0,0,0,2744,0,0,1804,0,0,0,0,0,0,0,0,0,0,0,0,163,23,0
"S_02763",6704,0,0,0,0,0,0,0,0,2190,0,0,1829,0,0,0,0,0,0,0,0,0,0,0,0,104,12,0
"S_02859",8511,0,0,0,0,0,0,0,0,3823,0,0,1331,0,0,0,0,0,0,0,0,0,0,0,0,160,49,0
"S_02955",5841,0,0,0,0,0,0,0,0,1333,0,0,995,0,0,0,0,0,0,0,0,0,0,0,0,97,52,0
"S_03051",7180,0,0,0,0,0,0,0,0,3370.5,0,0,785,0,0,0,0,0,0,0,0,0,0,0,0,111,67.5,0
"S_03147",8519,0,0,0,0,0,0,0,0,5408,0,0,575,0,0,0,0,0,0,0,0,0,0,0,0,125,83,0
"S_03243",6918,0,0,0,0,0,0,0,0,4702,0,0,555,0,0,0,0,0,0,0,0,0,0,0,0,113,78,0
"S_03339",6679,0,0,0,0,0,0,0,0,3800,0,0,414.5,0,0,0,0,0,0,0,0,0,0,0,0,121.5,77.5,0
"S_03435",6440,0,0,0,0,0,0,0,0,2898,0,0,274,0,0,0,0,0,0,0,0,0,0,0,0,130,77,0
"S_03531",10062,0,0,0,0,0,0,0,0,5943,0,0,356,0,0,0,0,0,0,0,74,0,0,0,0,128,70,0
"S_03627",6592,0,0,0,0,0,0,0,0,2549,0,0,326,0,0,0,0,0,0,0,0,0,0,0,0,96,0,0
"S_03723",9814,0,0,0,0,0,0,0,0,3609,0,0,315,0,0,0,0,0,0,0,0,0,0,0,0,86,45,0
"S_03819",11440,0,0,0,0,0,0,0,0,4998,0,0,154,0,0,0,0,0,0,0,0,0,0,0,0,0,106,0
"S_03915",8776,0,0,0,0,0,0,0,0,4128,0,0,145,0,0,0,0,0,0,0,47,0,0,0,0,0,28,0
"S_04011",6216,0,0,0,0,0,0,0,0,1533,0,0,224,0,0,0,0,0,0,0,0,0,0,0,0,0,22,0
"S_04107",4998,0,0,0,0,0,0,0,0,1295,0,0,171,0,0,0,0,0,0,0,0,0,0,0,0,0,0,0
"S_04203",8710.5,0,0,0,0,0,0,0,0,2520,0,0,156,0,0,0,0,0,0,0,0,0,0,0,0,0,0,0
"S_04299",12423,0,0,0,0,0,0,0,0,3745,0,0,141,0,0,0,0,0,0,0,0,0,0,0,0,0,0,0
"S_04395",7228,0,0,0,0,0,0,0,0,1753,0,0,168,0,0,0,0,0,0,0,0,0,0,0,0,0,0,0
"S_04491",7633,0,0,0,0,0,0,0,0,5020,0,0,93,0,0,0,0,0,0,0,0,0,0,0,0,0,46,0
"S_04587",7400.5,0,0,0,0,0,0,0,0,4448.5,0,0,102,0,0,0,0,0,0,0,0,0,0,0,0,0,32,0
"S_04683",7168,0,0,0,0,0,0,0,0,3877,0,0,111,0,0,0,0,0,0,0,0,0,0,0,0,0,18,0
"S_04779",5993,0,0,0,0,0,0,0,0,3855,0,0,66,0,0,0,0,0,0,0,0,0,0,0,0,0,0,0
"S_04875",7405,0,0,0,0,0,0,0,0,2955,0,0,0,0,0,0,0,0,0,0,0,0,0,0,0,0,0,0
"S_04971",9250.5,0,0,0,0,0,0,0,0,2997.5,0,0,40,0,0,0,0,0,0,0,0,0,0,0,0,0,11.5,0
"S_05067",11096,0,0,0,0,0,0,0,0,3040,0,0,80,0,0,0,0,0,0,0,0,0,0,0,0,0,23,0
"S_05163",5905,0,0,0,0,0,0,0,0,1279,0,0,157,0,0,0,0,0,0,0,0,0,0,0,0,0,0,0
"S_05259",6963,0,0,0,0,0,0,0,0,1333,0,0,81,0,0,0,0,0,0,0,0,0,0,0,0,0,0,0
"S_05355",7577,0,0,0,0,0,0,0,0,1012,0,0,102,0,0,0,0,0,0,0,0,0,0,0,0,0,0,0
"S_05451",11002,0,0,0,0,0,0,0,0,3169,0,0,0,0,0,0,0,0,0,0,0,0,0,0,0,0,0,0
"S_05547",9106,0,0,0,0,0,0,0,0,2480,0,0,0,0,0,0,0,0,0,0,0,0,0,0,0,0,0,0
"S_05643",7054,0,0,0,0,0,0,0,0,1350,0,0,0,0,0,0,0,0,0,0,0,0,0,0,0,0,0,0
"S_05739",10538,0,0,0,0,0,0,0,0,0,0,0,0,0,0,0,0,0,0,0,0,0,0,0,0,0,0,0
"S_05835",18721,0,0,0,0,0,0,0,0,2261,0,0,0,0,0,0,0,0,0,0,0,0,0,0,0,0,0,0
"S_05931",18803,0,0,0,0,0,0,0,0,1830,0,0,0,0,0,0,0,0,0,0,0,0,0,0,0,0,0,0
"S_06027",7779,0,0,0,0,0,0,0,0,419,0,0,0,0,0,0,0,0,0,0,0,0,0,0,0,0,0,0
"S_06123",7355.5,0,0,0,0,0,0,0,0,627,0,0,34.5,0,0,0,0,0,0,0,0,0,0,0,0,0,0,0
"S_06219",6932,0,0,0,0,0,0,0,0,835,0,0,69,0,0,0,0,0,0,0,0,0,0,0,0,0,0,0
"S_06315",5795,0,0,0,0,0,0,0,0,616,0,0,55,0,0,0,0,0,0,0,0,0,0,0,0,0,0,0
"S_06411",7456,0,0,0,0,0,0,0,0,412,0,0,0,0,0,0,0,0,0,0,0,0,0,0,0,0,0,0
"S_06507",12174,0,0,0,0,0,0,0,0,1029,0,0,0,0,0,0,0,0,0,0,0,0,0,0,0,0,0,0
"S_06603",16892,0,0,0,0,0,0,0,0,1646,0,0,0,0,0,0,0,0,0,0,0,0,0,0,0,0,0,0
"S_06699",9556,0,0,0,0,0,0,0,0,544,0,0,0,0,0,0,0,0,0,0,0,0,0,0,0,0,0,0
"S_06795",21444,0,0,0,0,0,0,0,0,1114,0,0,0,0,0,0,0,0,0,0,0,0,0,0,0,0,0,0
"S_06891",12038,0,0,0,0,0,0,0,0,520,0,0,0,0,0,0,0,0,0,0,0,0,0,0,0,0,0,0
"S_06987",8196,0,0,0,0,0,0,0,0,374,0,0,0,0,0,0,0,0,0,0,0,0,0,0,0,0,0,0
"S_07083",157075,0,0,0,0,0,0,0,0,4091,0,0,0,0,0,0,0,0,0,0,0,0,0,0,0,0,0,0
"S_07179",18797,0,0,0,0,0,0,0,0,343,0,0,0,0,0,0,0,0,0,0,0,0,0,0,0,0,0,0
"S_07275",21313,0,0,0,0,0,0,0,0,422,0,0,0,0,0,0,0,0,0,0,0,0,0,0,0,0,0,0
"S_07371",12441,0,0,0,0,0,0,0,0,176,0,0,0,0,0,0,0,0,0,0,0,0,0,0,0,0,0,0
"S_07467",19724,0,0,0,0,0,0,0,0,337,0,0,0,0,0,0,0,0,0,0,0,0,0,0,0,0,0,0
"S_07563",31802,0,0,0,0,0,0,0,0,159,0,0,0,0,0,0,0,0,0,0,0,0,0,0,0,0,0,0
"S_07659",22101,0,0,0,0,0,0,0,0,159,0,0,12.5,0,0,0,0,0,0,0,0,0,0,0,0,0,0,0
"S_07755",12400,0,0,0,0,0,0,0,0,159,0,0,25,0,0,0,0,0,0,0,0,0,0,0,0,0,0,0
"S_07851",13635,0,0,0,0,0,0,0,0,179,0,0,0,0,0,0,0,0,0,0,0,0,0,0,0,0,0,0
"S_07947",14091,0,0,0,0,0,0,0,0,0,0,0,0,0,0,0,0,0,0,0,0,0,0,0,0,0,0,0
"S_08043",13326,0,0,0,0,0,0,0,0,40.5,0,0,15,0,0,0,0,0,0,0,0,0,0,0,0,0,0,0
"S_08139",12561,0,0,0,0,0,0,0,0,81,0,0,30,0,0,0,0,0,0,0,0,0,0,0,0,0,0,0
"S_08235",7802,0,0,0,0,0,0,0,0,90,0,0,0,0,0,0,0,0,0,0,0,0,0,0,0,0,0,0
"S_08331",8283,0,0,0,0,0,0,0,0,0,0,0,46,0,0,0,0,0,0,0,0,0,0,0,0,0,0,0
"S_08427",13178.5,0,0,0,33.5,0,0,0,0,45,0,0,60.5,0,0,10,0,0,0,0,0,0,0,0,0,0,0,0
"S_08523",18074,0,0,0,67,0,0,0,0,90,0,0,75,0,0,20,0,0,0,0,0,0,0,0,0,0,0,0
"S_08619",8839,0,0,0,0,0,0,0,0,55,0,0,0,0,0,0,0,0,0,0,0,0,0,0,0,0,0,0
"S_08715",17878,0,0,0,109,0,0,0,0,0,0,0,0,0,0,0,0,0,0,0,0,0,0,0,0,0,0,0
"S_08811",24447,0,0,0,0,0,0,0,0,0,0,0,0,0,0,0,0,0,0,0,0,0,0,0,0,0,0,0
"S_08907",13350,0,0,0,97,0,0,0,0,0,0,0,52,0,0,0,0,0,0,0,0,0,0,0,0,0,0,0
"S_09003",5580,0,0,0,62,0,0,0,0,0,0,0,18,0,0,0,0,0,0,0,0,0,0,0,0,0,0,0
"S_09099",8140,0,0,0,188,0,0,0,0,0,0,0,0,0,0,0,0,0,0,0,0,0,0,0,0,0,0,0
"S_09195",11145,0,0,0,341.5,0,0,0,0,18,0,0,0,0,0,0,0,0,0,0,0,0,0,0,0,0,0,0
"S_09291",14150,0,0,0,495,0,0,0,0,36,0,0,0,0,0,0,0,0,0,0,0,0,0,0,0,0,0,0
"S_09387",12580,0,0,0,419,0,0,0,0,0,0,0,0,0,0,0,0,0,0,0,0,0,0,0,0,0,0,0
"S_09483",19391,0,0,0,1419,0,0,0,0,0,0,0,0,0,0,0,0,0,0,0,0,0,0,0,0,0,0,0
"S_09579",14110.5,0,0,0,820.5,0,0,0,0,0,0,0,0,0,0,0,0,0,0,0,0,0,0,0,0,0,0,0
"S_09675",8830,0,0,0,222,0,0,0,0,0,0,0,0,0,0,0,0,0,0,0,0,0,0,0,0,0,0,0
"S_09771",14184,0,0,0,976,0,0,0,0,0,0,0,52,0,0,0,0,0,0,0,0,0,0,0,0,0,0,0
"S_09814",11654,0,0,0,1141,0,0,0,0,0,0,0,33,0,0,0,0,0,0,0,0,0,0,0,0,0,0,0
"S_09963",9913,0,0,0,926,0,0,0,0,0,0,0,0,0,0,0,0,0,0,0,0,0,0,0,0,0,0,0
"S_10059",10875,0,0,0,1424.5,0,0,0,0,0,0,0,0,0,0,0,0,0,0,0,0,0,0,0,0,0,0,0
"S_10155",11837,0,0,0,1923,0,0,0,0,0,0,0,0,0,0,0,0,0,0,0,0,0,0,0,0,0,0,0
"S_10251",9454,0,0,0,2118,0,0,0,0,0,0,0,0,0,0,0,0,0,0,0,0,0,0,0,0,0,0,0
"S_10347",21878,0,0,0,5462,0,0,0,0,0,0,0,0,0,0,0,0,0,0,0,0,0,0,0,0,0,0,0
"S_10443",13659,0,0,0,3989,0,0,0,0,0,0,0,71,0,0,0,0,0,0,0,0,0,0,0,0,0,0,0
"S_10539",25801,0,0,0,12148,0,0,0,0,0,0,0,0,0,0,0,0,0,0,0,0,0,0,0,0,0,0,0
"1112",NA,NA,NA,NA,NA,NA,NA,NA,NA,NA,NA,NA,NA,NA,NA,NA,NA,NA,NA,NA,NA,NA,NA,NA,NA,NA,NA,NA
"S_00076",11528,0,0,0,0,0,0,0,0,0,0,0,0,0,0,0,0,0,0,0,0,0,0,0,0,0,0,0
"S_00172",11528,0,0,0,0,0,0,0,0,0,0,0,0,0,0,0,0,0,0,0,0,0,0,0,0,0,0,0
"S_00268",9432,0,0,0,0,0,0,0,0,0,0,0,0,0,0,0,0,809,0,0,0,0,0,0,0,0,0,0
"S_00364",6356,0,0,0,0,0,0,0,0,0,0,0,0,0,0,0,0,0,0,0,0,0,0,0,0,0,0,0
"S_00460",7955,0,0,0,0,0,0,0,0,0,0,0,0,0,0,0,0,0,0,0,0,0,0,0,0,0,0,0
"S_00556",9554,0,0,0,0,0,0,0,0,0,0,0,0,0,0,0,0,0,0,0,0,0,0,0,0,0,0,0
"S_00652",7825.5,0,0,0,0,0,0,0,0,0,0,0,0,0,0,0,0,0,0,0,0,0,0,0,0,0,0,0
"S_00748",6097,0,0,0,0,0,0,0,0,0,0,0,0,0,0,0,0,0,0,0,0,0,0,0,0,0,0,0
"S_00844",7657,0,0,0,0,0,0,0,0,0,0,0,0,0,0,0,0,0,0,0,0,0,0,0,0,0,0,0
"S_00940",9217,0,0,0,0,0,0,0,0,0,0,0,0,0,0,0,0,0,0,0,0,0,0,0,0,0,0,0
"S_01036",10300,0,0,0,0,0,0,0,0,0,0,0,0,0,0,0,0,0,0,0,0,0,0,0,0,0,0,0
"S_01132",6836,0,0,0,0,0,0,0,0,0,0,0,0,0,0,0,0,797,0,0,0,0,0,0,0,0,0,0
"S_01228",8459.5,0,0,0,0,0,0,0,0,0,0,0,0,0,0,0,0,398.5,0,0,0,0,0,0,0,0,0,0
"S_01324",10083,0,0,0,0,0,0,0,0,0,0,0,0,0,0,0,0,0,0,0,0,0,0,0,0,0,0,0
"S_01420",9835,0,0,0,0,0,0,0,0,0,0,0,0,0,0,0,0,1235,0,0,0,0,0,0,0,0,0,0
"S_01516",9682,0,0,0,0,0,0,0,0,0,0,0,0,0,0,0,0,617.5,0,0,0,0,0,0,0,0,0,0
"S_01612",9682,0,0,0,0,0,0,0,0,0,0,0,0,0,0,0,0,617.5,0,0,0,0,0,0,0,0,0,0
"S_01708",9529,0,0,0,0,0,0,0,0,0,0,0,0,0,0,0,0,0,0,0,0,0,0,0,0,0,0,0
"S_01804",11049,0,0,0,0,0,0,0,0,0,0,0,0,0,0,0,0,0,0,0,0,0,0,0,0,0,0,0
"S_01900",5247,0,0,0,0,0,0,0,0,0,0,0,0,0,0,0,0,0,0,0,0,0,0,0,0,0,0,0
"S_01996",7630,0,0,0,0,0,0,0,0,0,0,0,0,0,0,0,0,0,0,0,0,0,0,0,0,0,0,0
"S_02092",10013,0,0,0,0,0,0,0,0,0,0,0,0,0,0,0,0,0,0,0,0,0,0,0,0,0,0,0
"S_02188",4607,0,0,0,0,0,0,0,0,0,0,0,0,0,0,0,0,0,0,0,0,0,0,0,0,0,0,0
"S_02284",21550,0,0,0,0,0,0,0,0,0,0,0,0,0,0,0,0,0,0,0,0,0,0,0,0,0,0,0
"S_02380",18580,0,0,0,0,0,0,0,0,0,0,0,0,0,0,0,0,0,0,0,0,0,0,0,0,0,0,0
"S_02476",15610,0,0,0,0,0,0,0,0,0,0,0,0,0,0,0,0,0,0,0,0,0,0,0,0,0,0,0
"S_02572",11626,0,0,0,0,0,0,0,0,0,0,0,0,0,0,0,0,0,0,0,0,0,0,0,0,0,0,0
"S_02668",12939,0,0,0,0,0,0,0,0,0,0,0,0,0,0,0,0,1448,0,0,0,0,0,0,0,0,0,0
"S_02764",11786.5,0,0,0,0,0,0,0,0,0,0,0,0,0,0,0,0,724,0,0,0,0,0,0,0,0,0,0
"S_02860",10634,0,0,0,0,0,0,0,0,0,0,0,0,0,0,0,0,0,0,0,0,0,0,0,0,0,0,0
"S_02956",13794,0,0,0,0,0,0,0,0,0,0,0,0,0,0,0,0,0,0,0,0,0,0,0,0,0,0,0
"S_03052",12069,0,0,0,0,0,0,0,0,0,0,0,0,0,0,0,0,0,0,0,0,0,0,0,0,0,0,0
"S_03148",11171,0,0,0,0,0,0,0,0,0,0,0,0,0,0,0,0,0,0,0,0,0,0,0,0,0,0,0
"S_03244",10273,0,0,0,0,0,0,0,0,0,0,0,0,0,0,0,0,0,0,0,0,0,0,0,0,0,0,0
"S_03340",6528,0,0,0,0,0,0,0,0,0,0,0,0,0,0,0,0,705,0,0,0,0,0,0,0,0,0,0
"S_03436",11110,0,0,0,0,0,0,0,0,0,0,0,0,0,0,0,0,1333,0,0,0,0,0,0,0,0,0,0
"S_03532",3873,0,0,0,0,0,0,0,0,0,0,0,0,0,0,0,0,0,0,0,0,0,0,0,0,0,0,0
"S_03628",6223,0,0,0,0,0,0,0,0,0,0,0,0,0,0,0,0,0,0,0,0,0,0,0,0,0,0,0
"S_03724",13218,0,0,0,0,0,0,0,0,0,0,0,0,129,0,0,0,1393,0,0,0,0,0,0,0,0,0,0
"S_03820",18285,0,0,0,0,0,0,0,0,0,0,0,0,74,0,0,0,0,0,0,0,0,0,0,0,0,0,0
"S_03916",13083.5,0,0,0,0,0,0,0,0,0,0,0,0,85.5,0,0,0,0,0,0,0,0,0,0,0,0,0,0
"S_04012",7882,0,0,0,0,0,0,0,0,0,0,0,0,97,0,0,0,0,0,0,0,0,0,0,0,0,0,0
"S_04108",11009,0,0,0,0,0,208,0,0,0,0,0,0,147,0,0,0,0,0,0,0,0,0,0,0,0,0,0
"S_04204",7099,0,0,0,0,0,123,0,0,0,0,0,0,69,0,0,0,0,0,0,0,0,0,0,0,0,0,0
"S_04300",8685.5,0,0,0,0,0,61.5,0,0,0,0,0,0,34.5,0,0,0,0,0,0,0,0,0,0,0,0,0,0
"S_04396",10272,0,0,0,0,0,0,0,0,0,0,0,0,0,0,0,0,0,0,0,0,0,0,0,0,0,0,0
"S_04492",13654,0,0,127,0,0,906,0,0,0,0,0,0,66,0,0,0,1485,0,0,0,0,0,0,0,0,0,0
"S_04588",6811,0,0,61,0,0,410,0,0,0,0,0,0,0,0,0,0,0,0,0,0,0,0,0,0,0,0,0
"S_04684",9702,0,0,0,0,0,0,0,0,0,0,0,0,0,0,0,0,0,0,0,0,0,0,0,0,0,0,0
"S_04780",4215,0,18,0,0,0,719,0,0,0,0,0,0,0,0,0,0,0,0,0,0,0,0,0,0,0,0,0
"S_04876",12248,0,0,106,0,0,735,0,0,0,0,0,0,0,0,0,0,1438,0,0,0,0,0,0,0,0,0,0
"S_04972",9000,0,0,74,0,0,642,0,0,0,0,0,0,0,0,0,0,0,0,0,0,0,0,0,0,0,0,0
"S_05068",9971,0,39,115,0,0,627.5,0,0,0,0,0,0,0,0,0,0,0,0,0,0,0,0,0,0,0,0,0
"S_05164",10942,0,78,156,0,0,613,0,0,0,0,0,0,0,0,0,0,0,0,0,0,0,0,0,0,0,0,0
"S_05260",9423.5,0,83,122,0,0,466,0,0,0,0,0,0,0,0,0,0,401,0,0,0,0,0,0,0,0,0,0
"S_05356",7905,0,88,88,0,0,319,0,0,0,0,0,0,0,0,0,0,802,0,0,0,0,0,0,0,0,0,0
"S_05452",13165,0,154,473,0,0,1128,0,0,0,0,0,0,0,0,0,0,1502,0,0,0,0,0,0,0,0,0,0
"S_05548",7724,0,0,227,0,0,530,0,0,0,0,0,0,0,0,0,0,0,0,0,0,0,0,0,0,0,0,0
"S_05644",7107,0,192,283,0,0,1046,0,0,0,0,0,0,0,0,0,0,688,0,0,0,0,0,0,0,0,0,0
"S_05740",10093,0,356,628,0,0,1657,0,0,0,0,0,0,0,0,0,0,0,0,0,0,0,0,0,0,0,0,0
"S_05836",9179.5,0,357.5,502.5,0,0,1401,0,0,0,0,0,0,0,0,0,0,0,0,0,0,0,0,0,0,0,0,0
"S_05932",8266,0,359,377,0,0,1145,0,0,0,0,0,0,0,0,0,0,0,0,0,0,0,0,0,0,0,0,0
"S_06028",10421,0,244,191,0,0,905,0,0,0,0,0,0,0,0,0,0,992,0,0,0,0,0,0,0,0,0,0
"S_06124",8234,0,448,211,0,0,644,0,0,0,0,0,0,0,0,0,0,984,0,0,0,0,0,0,0,0,0,0
"S_06220",6901.5,0,369.5,220,0,0,574.5,0,0,0,0,0,0,0,0,0,0,492,0,0,0,0,0,0,0,0,0,0
"S_06316",5569,0,291,229,0,0,505,0,0,0,0,0,0,0,0,0,0,0,0,0,0,0,0,0,0,0,0,0
"S_06412",6516,0,950,270,0,0,950,0,0,0,0,0,0,0,0,0,0,717,0,0,0,0,0,0,0,0,0,0
"S_06508",8895,0,850,696,0,0,817,0,0,0,0,0,0,0,0,0,0,1000,0,0,0,0,0,0,0,0,0,0
"S_06604",5420,0,703,418.5,0,0,554,0,0,0,0,0,0,0,0,0,0,500,0,0,0,0,0,0,0,0,0,0
"S_06700",1945,0,556,141,0,0,291,0,0,0,0,0,0,0,0,0,0,0,0,0,0,0,0,0,0,0,0,0
"S_06796",982,0,711,126,0,0,268,0,0,0,0,0,0,0,0,0,0,0,0,0,0,0,0,0,0,0,0,0
"S_06892",6869,0,2428,1350,0,0,839,0,0,0,0,0,0,0,0,0,0,743,0,0,0,0,0,0,0,0,0,0
"S_06988",7094,0,1959.5,755.5,0,0,733,0,0,0,0,0,0,0,0,0,0,371.5,0,0,0,0,0,0,0,0,0,0
"S_07084",7319,0,1491,161,0,0,627,0,0,0,0,0,0,0,0,0,0,0,0,0,0,0,0,0,0,0,0,0
"S_07180",2601,0,1848,1085,0,0,730,0,0,0,0,0,0,0,0,0,0,0,0,0,0,0,0,0,0,0,0,0
"S_07276",1621,0,4995,1321,0,0,1243,0,0,0,0,0,0,0,0,0,0,0,0,0,0,0,0,0,0,0,0,0
"S_07372",2433,0,5709.5,2037,0,0,1392,0,0,0,0,0,0,0,0,0,0,0,0,0,0,0,0,0,0,0,0,0
"S_07468",3245,0,6424,2753,0,0,1541,0,0,0,0,0,0,0,0,0,0,0,0,0,0,0,0,0,0,0,0,0
"S_07564",12111,0,21287,3952,0,0,971,0,0,0,0,0,0,0,0,0,0,0,0,0,0,0,0,0,0,0,0,0
"S_07660",3980,0,7651,1584,0,0,353,0,0,0,0,0,0,0,0,0,0,0,0,0,0,0,0,0,0,0,0,0
"S_07756",2438,0,5552.5,1432.5,0,0,417,0,0,0,0,0,0,0,0,0,0,0,0,0,0,0,0,0,0,0,0,0
"S_07852",896,0,3454,1281,0,0,481,0,0,0,0,0,0,0,0,0,0,0,0,0,0,0,0,0,0,0,0,0
"S_07948",3310,0,4534,2367,0,0,489,0,0,0,0,0,0,0,0,0,0,0,0,0,0,0,0,0,0,0,0,0
"S_08044",2536,0,3173,2905,0,0,372,0,0,0,0,0,0,0,0,0,0,0,0,0,0,0,0,0,0,0,0,0
"S_08140",2842,0,2065,1979,0,0,422,0,0,0,0,0,0,0,0,0,0,0,0,0,0,0,0,0,0,0,0,0
"S_08236",3148,0,957,1053,0,0,472,0,0,0,0,0,0,0,0,0,0,0,0,0,0,0,0,0,0,0,0,0
"S_08332",3516,1285,2561,1606,0,20,825,0,0,0,0,0,0,0,0,0,0,0,0,0,0,0,0,0,0,0,0,0
"S_08428",4070,4765,3259,2292.5,0,68.5,649,0,0,0,0,0,0,0,0,0,0,0,0,0,0,0,0,0,0,0,0,0
"S_08524",4624,8245,3957,2979,0,117,473,0,0,0,0,0,0,0,0,0,0,0,0,0,0,0,0,0,0,0,0,0
"S_08620",2397,2269,763,375,0,0,189,0,0,0,0,0,0,0,0,0,0,0,0,0,0,0,0,0,0,0,0,0
"S_08716",4468,9640,4089,3852,0,71,743,0,0,0,0,0,0,0,0,0,0,0,0,0,0,0,0,0,0,0,0,0
"S_08812",1260,4613,3242,3004,76,29,872,12,0,0,0,0,0,0,0,0,0,0,0,0,0,0,0,0,0,0,0,0
"S_08908",1397,4009,1924,1841.5,38,37.5,530,6,0,0,0,0,0,0,0,0,0,0,0,0,0,0,0,0,0,0,0,0
"S_09004",1534,3405,606,679,0,46,188,0,0,0,0,0,0,0,0,0,0,0,0,0,0,0,0,0,0,0,0,0
"S_09100",1578,3265,3036,2140,125,36,177,18,0,0,0,0,0,0,0,0,0,0,0,0,0,0,0,0,0,0,0,0
"S_09196",675,4571,1907,2157,125,0,301,17,0,0,0,0,0,0,0,0,0,0,0,0,0,0,0,0,0,0,0,0
"S_09292",863,27386,2695,2642,0,243,539,0,0,0,0,0,0,0,0,0,0,0,0,0,0,0,0,0,0,0,0,0
"S_09388",2226,6704,2638,1747,199,120,159,86,0,0,0,0,0,0,0,0,0,0,0,0,0,0,0,0,0,0,0,0
"S_09484",2695,7014,3076,2951,206,58,188,76,0,0,0,0,0,0,0,0,0,0,0,0,0,0,0,0,0,0,0,0
"S_09580",2428,6802,3063,3212,187,30,196,94,0,0,0,0,0,0,0,0,0,0,0,0,0,0,0,0,0,0,0,0
"S_09676",1619.5,9657,2766.5,3056.5,296,201.5,294,163,0,0,0,0,0,0,0,0,0,0,0,0,0,0,0,0,0,0,0,0
"S_09772",811,12512,2470,2901,405,373,392,232,0,0,0,0,0,0,0,0,0,0,0,0,0,0,0,0,0,0,0,0
"S_09813",1473,11412,3965,3106,375,334,188,224,0,0,0,0,0,0,0,0,0,0,0,0,0,0,0,0,0,0,0,0
"S_09964",272,74,1845,1458,201,0,489,143,0,0,0,0,0,0,0,0,0,0,0,0,0,0,0,0,0,0,0,0
"S_10060",1559,12657,4755,3850,695,411,576,440,0,0,0,0,0,0,0,0,0,0,0,0,0,0,0,0,0,0,0,0
"S_10156",803,9301,2332,3057,406,302,276,406,0,0,0,0,0,0,0,0,0,0,0,0,0,0,0,0,0,0,0,0
"S_10252",921,12829,3597,4504,637,122,291,542,0,0,0,0,0,0,0,0,0,0,0,0,0,0,0,0,0,0,0,0
"S_10348",1349,13820,3915,5434,576,314,255,602,0,0,0,0,0,0,0,0,0,0,0,0,0,0,0,0,0,0,0,0
"S_10444",0,42811,0,1916,0,1664,0,0,0,0,0,0,0,0,0,0,0,0,0,0,0,0,0,0,0,0,0,0
"S_10540",1237,16195,5138,5456,1528,311,1653,1197,0,0,0,0,0,0,0,0,0,0,0,0,0,0,0,0,0,0,0,0
"1113",NA,NA,NA,NA,NA,NA,NA,NA,NA,NA,NA,NA,NA,NA,NA,NA,NA,NA,NA,NA,NA,NA,NA,NA,NA,NA,NA,NA
"S_00089",13735,0,0,0,0,0,0,0,0,139,0,0,0,217,0,0,0,0,239,0,0,67,0,0,0,0,0,0
"S_00185",13878,0,0,0,0,0,0,0,0,374,0,0,0,223,0,0,0,1381,0,0,0,115,0,0,0,0,0,0
"S_00281",9450,0,0,0,0,0,0,0,0,296,0,0,0,165,0,0,0,0,0,0,0,44,0,0,0,0,0,0
"S_00377",7312,0,0,0,0,0,0,0,0,193,0,0,0,0,0,0,0,0,0,0,0,0,0,0,0,0,0,0
"S_00473",9715,0,0,0,0,0,0,0,0,458,0,0,0,0,0,0,0,0,0,0,0,0,0,0,0,0,0,0
"S_00569",10560,0,0,0,0,0,0,0,0,415,0,0,0,87,0,0,0,0,0,0,0,58,0,0,0,0,0,0
"S_00665",5678,0,0,0,0,0,0,0,0,391,0,0,0,54,0,0,0,0,0,0,0,0,0,0,0,0,0,0
"S_00761",5433,0,0,0,0,0,0,0,0,310,0,0,0,0,0,0,0,0,0,0,0,0,0,0,0,0,0,0
"S_00857",13192,0,0,0,0,0,0,0,0,1370,0,0,0,0,0,0,0,1650,0,0,0,87,0,0,0,0,0,0
"S_00953",7227,0,0,0,0,0,0,0,0,596,0,0,0,0,0,0,0,0,0,0,0,0,0,0,0,0,0,0
"S_01049",8240,0,0,0,0,0,0,0,0,567,0,0,0,0,0,0,0,0,0,0,0,47,0,0,0,0,0,0
"S_01145",9657,0,0,0,0,0,0,0,0,602,0,0,0,0,0,0,0,0,0,0,0,0,0,0,0,0,0,0
"S_01241",12438,0,0,0,0,0,0,0,0,462,0,0,0,0,0,0,0,1453,0,0,0,0,0,0,0,0,0,0
"S_01337",9314,0,0,0,0,0,0,0,0,567,0,0,0,0,0,0,0,0,0,0,0,0,0,0,0,0,0,0
"S_01433",9120,0,0,0,0,0,0,0,0,550,0,0,0,0,0,0,0,0,0,0,0,0,0,0,0,0,0,0
"S_01529",9515.5,0,0,0,0,0,0,0,0,560,0,0,0,0,0,0,0,558,0,0,0,0,0,0,0,0,0,0
"S_01625",9911,0,0,0,0,0,0,0,0,570,0,0,0,0,0,0,0,1116,0,0,0,0,0,0,0,0,0,0
"S_01721",9002,0,0,0,0,0,0,0,0,265,0,0,0,0,0,0,0,1088,0,0,0,0,0,0,0,0,0,0
"S_01817",7692,0,0,0,0,0,0,0,0,321,0,0,0,0,0,0,0,0,0,0,0,0,0,0,0,0,0,0
"S_01913",12894,0,0,0,0,0,0,0,0,280,0,0,0,0,0,0,0,0,0,0,0,0,0,0,0,0,0,0
"S_02009",13029,0,0,0,0,0,0,0,0,317,0,0,0,0,0,0,0,1432,0,0,0,0,0,0,0,0,0,0
"S_02105",10892,0,0,0,0,0,0,0,0,608,0,0,0,0,0,0,0,0,0,0,0,0,0,0,0,0,0,0
"S_02201",8421,0,0,0,0,0,0,0,0,908,0,0,0,0,0,0,0,0,0,0,0,0,0,0,0,0,0,0
"S_02297",15535,0,0,0,0,0,0,0,0,764,0,0,0,0,0,0,0,0,0,0,0,0,0,0,0,0,0,0
"S_02393",15368,0,0,0,0,0,0,0,0,977,0,0,0,0,0,0,0,1444,0,0,0,0,0,0,0,0,0,0
"S_02489",15308,0,0,0,0,0,0,0,0,720,0,0,0,0,0,0,0,1791,0,0,0,0,0,0,0,0,0,0
"S_02585",3136,0,0,0,0,0,0,0,0,111,0,0,0,0,0,0,0,0,0,0,0,0,0,0,0,0,0,0
"S_02681",10418,0,0,0,0,0,0,0,0,748,0,0,0,0,0,0,0,0,0,0,0,0,0,0,0,0,0,0
"S_02777",17391,0,0,0,0,0,0,0,0,723,0,0,0,0,0,0,0,1961,0,0,0,0,0,0,0,0,0,0
"S_02873",16130,0,0,0,0,0,0,0,0,1055,0,0,0,0,0,0,0,0,0,0,0,0,0,0,0,0,0,0
"S_02969",11398,0,0,0,0,0,0,0,0,1061,0,0,0,0,0,0,0,0,0,0,0,0,0,0,0,0,0,0
"S_03065",12860,0,0,0,0,0,0,0,0,699,0,0,0,0,0,0,0,0,0,0,0,0,0,0,0,0,0,0
"S_03161",9000,0,0,0,0,0,0,0,0,300,0,0,0,0,0,0,0,974,0,0,0,0,0,0,0,0,0,0
"S_03257",9821,0,0,0,0,0,0,0,0,1986,0,0,0,0,0,0,0,0,0,0,0,0,0,0,0,0,0,0
"S_03353",5765,0,0,0,0,0,0,0,0,214,0,0,0,0,0,0,0,0,0,0,0,0,0,0,0,0,0,0
"S_03449",9269,0,0,0,0,0,0,0,0,112,0,0,0,0,0,0,0,0,0,0,0,0,0,0,0,0,0,0
"S_03545",8434,0,0,0,0,0,0,0,0,1279,0,0,0,0,0,0,0,845,0,0,0,0,0,0,0,0,0,0
"S_03641",9080,0,0,0,0,0,0,0,0,295,0,0,0,0,0,0,0,0,0,0,0,0,0,0,0,0,0,0
"S_03737",8710,0,0,0,0,0,0,0,0,334,0,0,0,0,0,0,0,0,0,0,0,0,0,0,0,0,0,0
"S_03833",10032,0,0,0,0,0,0,0,0,265,0,0,0,0,0,0,0,0,0,0,0,0,0,0,0,0,0,0
"S_03929",8019,0,0,0,0,0,0,0,0,306,0,0,0,0,0,0,0,803,0,0,0,0,0,0,0,0,0,0
"S_04025",12539,0,0,0,0,0,0,0,0,553,0,0,0,0,0,0,0,0,0,0,0,0,0,0,0,0,0,0
"S_04121",4541,0,0,0,0,0,0,0,0,0,0,0,0,0,0,0,0,0,0,0,0,0,0,0,0,0,0,0
"S_04217",9137,0,0,0,0,0,0,0,0,190,0,0,0,0,0,0,0,0,0,0,0,0,0,0,0,0,0,0
"S_04313",9738,0,0,0,0,0,0,0,0,514,0,0,0,0,0,0,0,0,0,0,0,0,0,0,0,0,0,0
"S_04409",10592,0,0,0,0,0,0,0,0,489,0,0,0,0,0,0,0,1100,0,0,0,0,0,0,0,0,0,0
"S_04505",8906,0,0,0,0,0,0,0,0,130,0,0,0,0,0,0,0,0,0,0,0,0,0,0,0,0,0,0
"S_04601",10070,0,0,0,0,0,0,0,0,0,0,0,0,0,0,0,0,0,0,0,0,0,0,0,0,0,0,0
"S_04697",8116,0,0,0,0,0,0,0,0,103,0,0,0,0,0,0,0,850,0,0,0,0,0,0,0,0,0,0
"S_04793",2385,0,0,0,0,0,0,0,0,0,0,0,0,0,0,0,0,0,0,0,0,0,0,0,0,0,0,0
"S_04889",8620,0,0,0,0,0,0,0,0,149,0,0,0,0,0,0,0,0,0,0,0,0,0,0,0,0,0,0
"S_04985",9174,0,0,0,0,0,0,0,0,96,0,0,0,0,0,0,0,0,0,0,0,0,0,0,0,0,0,0
"S_05081",15084,0,0,0,0,0,0,0,0,150,0,0,0,0,0,0,0,0,0,0,0,0,0,0,0,0,0,0
"S_05177",13347.5,0,0,0,0,0,0,0,0,114,0,0,0,0,0,0,0,0,0,0,0,0,0,0,0,0,0,0
"S_05273",13347.5,0,0,0,0,0,0,0,0,114,0,0,0,0,0,0,0,0,0,0,0,0,0,0,0,0,0,0
"S_05369",13347.5,0,0,0,0,0,0,0,0,114,0,0,0,0,0,0,0,0,0,0,0,0,0,0,0,0,0,0
"S_05465",11611,0,0,0,0,0,0,0,0,78,0,0,0,0,0,0,0,0,0,0,0,0,0,0,0,0,0,0
"S_05561",9166,0,0,0,0,0,0,0,0,0,0,0,0,0,0,0,0,0,0,0,0,0,0,0,0,0,0,0
"S_05657",4066,0,0,0,0,0,0,0,0,0,0,0,0,0,0,0,0,0,0,0,0,0,0,0,0,0,0,0
"S_05753",7961,0,0,0,0,0,0,0,0,66,0,0,0,0,0,0,0,0,0,0,0,0,0,0,0,0,0,0
"S_05849",8744,0,0,0,0,0,0,0,0,100,0,0,0,0,0,0,0,0,0,0,0,0,0,0,0,0,0,0
"S_05945",8337,0,0,0,0,0,0,0,0,0,0,0,0,0,0,0,0,0,0,0,0,0,0,0,0,0,0,0
"S_06041",11528,0,0,0,0,0,0,0,0,143,0,0,0,0,0,0,0,0,0,0,0,0,0,0,0,0,0,0
"S_06137",14136,0,0,0,0,0,0,0,0,107,0,0,0,0,0,0,0,0,0,0,0,0,0,0,0,0,0,0
"S_06233",11944,0,0,0,0,0,0,0,0,197,0,0,0,0,0,0,0,1217,0,0,0,0,0,0,0,0,0,0
"S_06329",9485,0,0,0,0,0,0,0,0,116,0,0,0,0,0,0,0,968,0,0,0,0,0,0,0,0,0,0
"S_06425",12186,0,0,0,0,0,0,0,0,235,0,0,0,0,0,0,0,1407,0,0,0,0,0,0,0,0,0,0
"S_06521",11199,0,0,0,0,0,0,0,0,239,0,0,0,0,0,0,0,1174,0,0,0,0,0,0,0,0,0,0
"S_06617",4713,0,0,0,0,0,0,0,0,0,0,0,0,0,0,0,0,0,0,0,0,0,0,0,0,0,0,0
"S_06713",17173,0,0,0,0,0,0,0,0,260,0,0,0,0,0,0,0,1745,0,0,0,0,0,0,0,0,0,0
"S_06809",15551,0,0,0,0,0,0,0,0,323,0,0,0,0,0,0,0,872.5,0,0,0,0,0,0,0,0,0,0
"S_06905",13929,0,0,0,0,0,0,0,0,386,0,0,0,0,0,0,0,0,0,0,0,0,0,0,0,0,0,0
"S_07001",14605,0,0,0,0,0,0,0,0,420,0,0,0,0,0,0,0,1443,0,0,0,0,0,0,0,0,0,0
"S_07097",16389,0,0,0,0,0,0,0,0,342,0,0,0,0,0,0,0,1739,0,0,0,0,0,0,0,0,0,0
"S_07193",7975,0,0,0,0,0,0,0,0,104,0,0,0,0,0,0,0,0,0,0,0,0,0,0,0,0,0,0
"S_07289",5220,0,0,0,0,0,0,0,0,20,0,0,0,0,0,0,0,0,0,0,0,0,0,0,0,0,0,0
"S_07385",7009,0,0,0,0,0,0,0,0,0,0,0,0,0,0,0,0,0,0,0,0,0,0,0,0,0,0,0
"S_07481",15183,0,0,0,0,0,0,0,0,535,0,0,0,0,0,0,0,1147,0,0,0,0,0,0,0,0,0,0
"S_07577",48054,0,0,0,0,0,0,0,0,506,0,0,0,0,0,0,0,0,0,0,0,0,0,0,0,0,0,0
"S_07673",29934,0,0,0,0,0,0,0,0,209,0,0,0,0,0,0,0,0,0,0,0,0,0,0,0,0,0,0
"S_07769",11074,0,0,0,0,0,0,0,0,681,0,0,0,0,0,0,0,0,0,0,0,0,0,0,0,0,0,0
"S_07865",2570,0,0,0,0,0,0,0,0,0,0,0,0,0,0,0,0,0,0,0,0,0,0,0,0,0,0,0
"S_07961",9133,0,0,0,0,0,0,0,0,328,0,0,0,0,0,0,0,0,0,0,0,0,0,0,0,0,0,0
"S_08057",9249,0,0,0,0,0,0,0,0,820,0,0,0,0,0,0,0,0,0,0,0,0,0,0,0,0,0,0
"S_08153",18709,0,0,0,0,0,0,0,0,582,0,0,0,0,0,0,0,0,0,0,0,0,0,0,0,0,0,0
"S_08249",21498,0,0,0,0,0,0,0,0,1146,0,0,0,0,0,0,0,0,0,0,0,0,0,0,0,0,0,0
"S_08345",17862,0,0,0,0,0,0,0,0,997,0,0,0,0,0,0,0,0,0,0,0,0,0,0,0,0,0,0
"S_08441",21315,518,0,0,76.5,0,0,0,0,2008,0,0,0,0,0,0,0,1124.5,0,0,0,0,0,0,0,0,0,0
"S_08537",24768,1036,0,0,153,0,0,0,0,3019,0,0,0,0,0,0,0,2249,0,0,0,0,0,0,0,0,0,0
"S_08633",25357,160,0,0,114,0,0,0,0,2299,0,0,0,0,0,0,0,0,0,0,0,0,0,0,0,0,0,0
"S_08729",20251,162,0,0,251,0,0,0,0,1548,0,0,0,0,0,0,0,0,0,0,0,0,0,0,0,0,0,0
"S_08825",4900,70,0,0,644,0,0,0,0,249,0,0,0,0,0,0,0,0,0,0,0,0,0,0,0,0,0,0
"S_08921",13077,113,0,0,252,0,0,0,0,932,0,0,0,0,0,0,0,1079,0,0,0,0,0,0,0,0,0,0
"S_09017",9758,20,0,0,63,0,0,0,0,263,0,0,0,0,0,0,0,0,0,0,0,0,0,0,0,0,0,0
"S_09113",6048,107,0,0,521,0,0,0,0,155,0,0,0,0,0,0,0,0,0,0,0,0,0,0,0,0,0,0
"S_09209",9256,149,0,0,605,0,0,0,0,183,0,0,0,0,0,0,0,0,0,0,0,0,0,0,0,0,0,0
"S_09305",9003,641,0,0,735,0,0,0,0,152,0,0,0,0,0,0,0,0,0,0,0,0,0,0,0,0,0,0
"S_09401",10280,301,0,0,800,0,0,0,0,231,0,0,0,0,0,0,0,0,0,0,0,0,0,0,0,0,0,0
"S_09497",7366,348,0,0,712,0,0,0,0,481,0,0,0,0,0,0,0,0,0,0,0,0,0,0,0,0,0,0
"S_09593",9767,257,0,0,849,0,0,0,0,377,0,0,0,0,0,0,0,0,0,0,0,0,0,0,0,0,0,0
"S_09689",19905,167,0,0,185,0,0,0,0,565,0,0,0,0,0,0,0,0,0,0,0,0,0,0,0,0,0,0
"S_09785",6898,819,0,0,1347,0,0,0,0,182,0,0,0,0,0,0,0,0,0,0,0,0,0,0,0,0,0,0
"S_09800",4163.5,424,0,0,2592,0,0,0,0,91,0,0,0,0,0,0,0,0,0,0,0,0,0,0,0,0,0,0
"S_09977",1429,29,0,0,3837,0,0,0,0,0,0,0,0,0,0,0,0,0,0,0,0,0,0,0,0,0,0,0
"S_10073",4884,957,0,0,1504,0,0,0,0,77,0,0,0,0,0,0,0,0,0,0,0,0,0,0,0,0,0,0
"S_10169",7552,940,0,0,1406,0,0,0,0,70,0,0,0,0,0,0,0,0,0,0,0,0,0,0,0,0,0,0
"S_10265",7279,1386,0,0,1865,0,0,32,0,32,0,0,0,0,0,0,0,0,0,0,0,0,0,0,0,0,0,0
"S_10361",8600,1584,0,0,1620,0,0,0,0,143,0,0,0,0,0,0,0,0,0,0,0,0,0,0,0,0,0,0
"S_10457",10986,2939,0,0,2228,0,0,86,0,258,0,0,0,0,0,0,0,0,0,0,0,0,0,0,0,0,0,0
"S_10553",8076,3102,0,0,2747,0,0,101,0,118,0,0,0,0,0,0,0,0,0,0,0,0,0,0,0,0,0,0
"1114",NA,NA,NA,NA,NA,NA,NA,NA,NA,NA,NA,NA,NA,NA,NA,NA,NA,NA,NA,NA,NA,NA,NA,NA,NA,NA,NA,NA
"S_00090",9167,0,0,0,0,0,0,0,0,247,0,0,0,0,0,0,0,0,0,0,0,0,0,0,0,0,0,0
"S_00186",7977,0,0,0,0,0,0,0,0,321,0,0,0,0,0,0,0,0,0,0,0,0,0,0,0,0,0,0
"S_00282",7516,0,0,0,0,0,0,0,0,397,0,0,0,0,0,0,0,0,0,0,0,0,0,0,0,0,0,0
"S_00378",2894,0,0,0,0,0,0,0,0,20,0,0,0,0,0,0,0,0,0,0,0,0,0,0,0,0,0,0
"S_00474",4069,0,0,0,0,0,0,0,0,33,0,0,0,0,0,0,0,0,0,0,0,0,0,0,0,0,0,0
"S_00570",5754,0,0,0,0,0,0,0,0,579,0,0,0,0,0,0,0,0,0,0,0,0,0,0,0,0,0,0
"S_00666",7464,0,0,0,0,0,0,0,0,846,0,0,0,0,0,0,0,0,0,0,0,0,0,0,0,0,0,0
"S_00762",5613,0,0,0,0,0,0,0,0,692,0,0,0,0,0,0,0,0,0,0,0,0,0,0,0,0,0,0
"S_00858",10967,0,0,0,0,0,0,0,0,1812,0,0,0,0,0,0,0,0,0,0,0,0,0,0,0,0,0,0
"S_00954",4854,0,0,0,0,0,0,0,0,594,0,0,0,0,0,0,0,0,0,0,0,0,0,0,0,0,0,0
"S_01050",8562,0,0,0,0,0,0,0,0,1460,0,0,0,0,0,0,0,0,0,0,0,0,0,0,0,0,0,0
"S_01146",5534,0,0,0,0,0,0,0,0,522,0,0,0,0,0,0,0,0,0,0,0,0,0,0,0,0,0,0
"S_01242",10839,0,0,0,0,0,0,0,0,2689,0,0,0,0,0,0,0,0,0,0,0,0,0,0,0,0,0,0
"S_01338",9460,0,0,0,0,0,0,0,0,1610,0,0,0,0,0,0,0,0,0,0,0,0,0,0,0,0,0,0
"S_01434",8314,0,0,0,0,0,0,0,0,1073,0,0,0,0,0,0,0,0,0,0,0,0,0,0,0,0,0,0
"S_01530",13603,0,0,0,0,0,0,0,0,834,0,0,0,0,0,0,0,0,0,0,0,0,0,0,0,0,0,0
"S_01626",9995,0,0,0,0,0,0,0,0,1390,0,0,0,0,0,0,0,0,0,0,0,0,0,0,0,0,0,0
"S_01722",18475,0,0,0,0,0,0,0,0,2474,0,0,0,0,0,0,0,0,0,0,0,0,0,0,0,0,0,0
"S_01818",13173,0,0,0,0,0,0,0,0,2813,0,0,0,0,0,0,0,0,0,0,0,0,0,0,0,0,0,0
"S_01914",13052,0,0,0,0,0,0,0,0,1743,0,0,0,0,0,0,0,0,0,0,0,0,0,0,0,0,0,0
"S_02010",19718,0,0,0,0,0,0,0,0,2283,0,0,0,0,0,0,0,0,0,0,0,0,0,0,0,0,0,0
"S_02106",11050,0,0,0,0,0,0,0,0,1594,0,0,0,0,0,0,0,0,0,0,0,0,0,0,0,0,0,0
"S_02202",10353,0,0,0,0,0,0,0,0,2056,0,0,0,0,0,0,0,0,0,0,0,0,0,0,0,0,0,0
"S_02298",15088,0,0,0,0,0,0,0,0,1899,0,0,0,0,0,0,0,0,0,0,0,0,0,0,0,0,0,0
"S_02394",43516,0,0,0,0,0,0,0,0,4628,0,0,0,0,0,0,0,0,0,0,0,0,0,0,0,0,0,0
"S_02490",8551,0,0,0,0,0,0,0,0,529,0,0,0,0,0,0,0,0,0,0,0,0,0,0,0,0,0,0
"S_02586",12857,0,0,0,0,0,0,0,0,827,0,0,0,0,0,0,0,0,0,0,0,0,0,0,0,0,0,0
"S_02682",12009,0,0,0,0,0,0,0,0,871,0,0,0,0,0,0,0,0,0,0,0,0,0,0,0,0,0,0
"S_02778",15663,0,0,0,0,0,0,0,0,1028,0,0,0,0,0,0,0,0,0,0,0,0,0,0,0,0,0,0
"S_02874",13649,0,0,0,0,0,0,0,0,880,0,0,0,0,0,0,0,0,0,0,0,0,0,0,0,0,0,0
"S_02970",13549,0,0,0,0,0,0,0,0,817,0,0,0,31,0,0,0,0,0,0,0,0,0,0,0,0,0,0
"S_03066",14702,0,0,0,0,0,0,0,0,1088,0,0,0,0,0,0,0,0,0,0,0,0,0,0,0,0,0,0
"S_03162",12851,0,0,0,0,0,0,0,0,779,0,0,0,0,0,0,0,0,0,0,0,0,0,0,0,0,0,0
"S_03258",10245,0,0,0,0,0,0,0,0,575,0,0,0,0,0,0,0,0,0,0,0,0,0,0,0,0,0,0
"S_03354",6858,0,0,0,0,0,0,0,0,473,0,0,0,0,0,0,0,0,0,0,0,0,0,0,0,0,0,0
"S_03450",7253,0,0,0,0,0,0,0,0,335,0,0,0,0,0,0,0,0,0,0,0,0,0,0,0,0,0,0
"S_03546",10431,0,0,0,0,0,0,0,0,154,0,0,0,0,0,0,0,0,0,0,0,0,0,0,0,0,0,0
"S_03642",9097,0,0,0,0,0,0,0,0,477,0,0,0,0,0,0,0,0,0,0,0,0,0,0,0,0,0,0
"S_03738",17522,0,0,0,0,0,0,0,0,808,0,0,0,0,0,0,0,0,0,0,0,0,0,0,0,0,0,0
"S_03834",11348,0,0,0,0,0,0,0,0,196,0,0,0,0,0,0,0,0,0,0,0,0,0,0,0,0,0,0
"S_03930",11188,0,0,0,0,0,0,0,0,133,0,0,0,0,0,0,0,0,0,0,0,0,0,0,0,0,0,0
"S_04026",9274,0,0,0,0,0,0,0,0,121,0,0,0,0,0,0,0,0,0,0,0,0,0,0,0,0,0,0
"S_04122",20629,0,0,0,0,0,0,0,0,397,0,0,0,0,0,0,0,0,0,0,0,0,0,0,0,0,0,0
"S_04218",6457,0,0,0,0,0,0,0,0,0,0,0,0,0,0,0,0,0,0,0,0,0,0,0,0,0,0,0
"S_04314",11004,0,0,0,0,0,0,0,0,89,0,0,0,0,0,0,0,0,0,0,0,0,0,0,0,0,0,0
"S_04410",8137,0,0,0,0,0,0,0,0,95,0,0,0,0,0,0,0,0,0,0,0,0,0,0,0,0,0,0
"S_04506",17080,0,0,0,0,0,0,0,0,87,0,0,0,0,0,0,0,0,0,0,0,0,0,0,0,0,0,0
"S_04602",12623,0,0,0,0,0,0,0,0,39,0,0,0,0,0,0,0,0,0,0,0,0,0,0,0,0,0,0
"S_04698",11630,0,0,0,0,0,0,0,0,29,0,0,0,0,0,0,0,0,0,0,0,0,0,0,0,0,0,0
"S_04794",6551,0,0,0,0,0,0,0,0,0,0,0,0,0,0,0,0,0,0,0,0,0,0,0,0,0,0,0
"S_04890",9888,0,0,0,0,0,0,0,0,0,0,0,0,0,0,0,0,0,0,0,0,0,0,0,0,0,0,0
"S_04986",7929,0,0,0,0,0,0,0,0,0,0,0,0,0,0,0,0,0,0,0,0,0,0,0,0,0,0,0
"S_05082",34467,0,0,0,0,0,0,0,0,0,0,0,0,0,0,0,0,0,0,0,0,0,0,0,0,0,0,0
"S_05178",17209,0,0,0,0,0,0,0,0,82,0,0,0,0,0,0,0,0,0,0,0,0,0,0,0,0,0,0
"S_05274",14891,0,0,0,0,0,0,0,0,54,0,0,0,0,0,0,0,0,0,0,0,0,0,0,0,0,0,0
"S_05370",12573,0,0,0,0,0,0,0,0,26,0,0,0,0,0,0,0,0,0,0,0,0,0,0,0,0,0,0
"S_05466",12548,0,0,0,0,0,0,0,0,0,0,0,0,0,0,0,0,0,0,0,0,0,0,0,0,0,0,0
"S_05562",8634,0,0,0,0,0,0,0,0,0,0,0,0,0,0,0,0,0,0,0,0,0,0,0,0,0,0,0
"S_05658",9190,0,0,0,0,0,0,0,0,0,0,0,0,0,0,0,0,0,0,0,0,0,0,0,0,0,0,0
"S_05754",8479,0,0,0,0,0,0,0,0,0,0,0,0,0,0,0,0,0,0,0,0,0,0,0,0,0,0,0
"S_05850",18896,0,0,0,0,0,0,0,0,0,0,0,0,0,0,0,0,0,0,0,0,0,0,0,0,0,0,0
"S_05946",12814,0,0,0,0,0,0,0,0,0,0,0,0,0,0,0,0,0,0,0,0,0,0,0,0,0,0,0
"S_06042",17703,0,0,0,0,0,0,0,0,20,0,0,0,0,0,0,0,0,0,0,0,0,0,0,0,0,0,0
"S_06138",12568,0,0,0,0,0,0,0,0,0,0,0,0,0,0,0,0,0,0,0,0,0,0,0,0,0,0,0
"S_06234",13332,0,0,0,0,0,0,0,0,0,0,0,0,0,0,0,0,0,0,0,0,0,0,0,0,0,0,0
"S_06330",11066,0,0,0,0,0,0,0,0,0,0,0,0,0,0,0,0,0,0,0,0,0,0,0,0,0,0,0
"S_06426",11620,0,0,0,0,0,0,0,0,0,0,0,0,0,0,0,0,0,0,0,0,0,0,0,0,0,0,0
"S_06522",11243,0,0,0,0,0,0,0,0,0,0,0,0,0,0,0,0,0,0,0,0,0,0,0,0,0,0,0
"S_06618",15709,0,0,0,0,0,0,0,0,0,0,0,0,0,0,0,0,0,0,0,0,0,0,0,0,0,0,0
"S_06714",15364,0,0,0,0,0,0,0,0,0,0,0,0,0,0,0,0,0,0,0,0,0,0,0,0,0,0,0
"S_06810",18135,0,0,0,0,0,0,0,0,0,0,0,0,0,0,0,0,0,0,0,0,0,0,0,0,0,0,0
"S_06906",17053.5,0,0,0,0,0,0,0,0,0,0,0,0,0,0,0,0,0,0,0,0,0,0,0,0,0,0,0
"S_07002",15972,0,0,0,0,0,0,0,0,0,0,0,0,0,0,0,0,0,0,0,0,0,0,0,0,0,0,0
"S_07098",14434,0,0,0,0,0,0,0,0,0,0,0,0,0,0,0,0,0,0,0,0,0,0,0,0,0,0,0
"S_07194",10379,0,0,0,0,0,0,0,0,0,0,0,0,0,0,0,0,0,0,0,0,0,0,0,0,0,0,0
"S_07290",19629,0,0,0,0,0,0,0,0,0,0,0,0,0,0,0,0,0,0,0,0,0,0,0,0,0,0,0
"S_07386",29370,0,0,0,0,0,0,0,0,0,0,0,0,0,0,0,0,0,0,0,0,0,0,0,0,0,0,0
"S_07482",18079,0,0,0,0,0,0,0,0,0,0,0,0,0,0,0,0,0,0,0,0,0,0,0,0,0,0,0
"S_07578",39626,0,0,0,0,0,0,0,0,0,0,0,0,0,0,0,0,0,0,0,0,0,0,0,0,0,0,0
"S_07674",23768,0,0,0,0,0,0,0,0,0,0,0,0,0,0,0,0,0,0,0,0,0,0,0,0,0,0,0
"S_07770",13154,0,0,0,0,0,0,0,0,0,0,0,0,0,0,0,0,0,0,0,0,0,0,0,0,0,0,0
"S_07866",19169,0,0,0,0,0,0,0,0,0,0,0,0,0,0,0,0,0,0,0,0,0,0,0,0,0,0,0
"S_07962",11628,0,0,0,0,0,0,0,0,0,0,0,0,0,0,0,0,0,0,0,0,0,0,0,0,0,0,0
"S_08058",11613,0,0,0,0,0,0,0,0,0,0,0,0,0,0,0,0,0,0,0,0,0,0,0,0,0,0,0
"S_08154",12345,0,0,0,0,0,0,0,0,0,0,0,0,0,0,0,0,0,0,0,0,0,0,0,0,0,0,0
"S_08250",14518,0,0,0,0,0,0,0,0,0,0,0,0,0,0,0,0,0,0,0,0,0,0,0,0,0,0,0
"S_08346",12416,0,0,0,0,0,0,0,0,0,0,0,0,0,0,0,0,0,0,0,0,0,0,0,0,0,0,0
"S_08442",13633,77,0,0,0,0,55.5,0,0,0,0,0,0,0,0,0,0,0,0,0,0,0,0,0,0,0,0,0
"S_08538",14850,154,0,0,0,0,111,0,0,0,0,0,0,0,0,0,0,0,0,0,0,0,0,0,0,0,0,0
"S_08634",14450,47,0,0,0,0,0,0,0,0,0,0,0,0,0,0,0,0,0,0,0,0,0,0,0,0,0,0
"S_08730",13604,544,0,0,108,0,0,0,0,0,0,0,0,0,0,0,0,0,0,0,0,0,0,0,0,0,0,0
"S_08826",14043,181,0,0,235,0,0,0,0,0,0,0,0,0,0,0,0,0,0,0,0,0,0,0,0,0,0,0
"S_08922",9411,239,0,0,102,0,0,0,0,0,0,0,0,0,0,0,0,0,0,0,0,0,0,0,0,0,0,0
"S_09018",7720,58,0,0,85,0,0,0,0,0,0,0,0,0,0,0,0,0,0,0,0,0,0,0,0,0,0,0
"S_09114",9755,176,0,0,345,0,0,0,0,0,0,0,0,0,0,0,0,0,0,0,0,0,0,0,0,0,0,0
"S_09210",7468,199,0,0,213,0,0,0,0,0,0,0,0,0,0,0,0,0,0,0,0,0,0,0,0,0,0,0
"S_09306",16743,1309,0,0,1284,0,0,88,0,0,0,0,0,0,0,0,0,0,0,0,0,0,0,0,0,0,0,0
"S_09402",8017,1052,0,0,461,0,0,73,0,0,0,0,0,0,0,0,0,0,0,0,0,0,0,0,0,0,0,0
"S_09498",10385,1385,0,34,983,0,0,85,0,0,0,0,0,0,0,0,0,0,0,0,0,0,0,0,0,0,0,0
"S_09594",10710,3563,0,0,1279,0,0,175,0,0,0,0,0,0,0,0,0,0,0,0,0,0,0,0,0,0,0,0
"S_09690",15126,943,0,0,980,0,0,102,0,0,0,0,0,0,0,0,0,0,0,0,0,0,0,0,0,0,0,0
"S_09786",13780,4371,0,0,1218,0,0,184,0,0,0,0,0,0,0,0,0,0,0,0,0,0,0,0,0,0,0,0
"S_09799",12293,1441,0,0,1086,0,0,198,0,0,0,0,0,0,0,0,0,0,0,0,0,0,0,0,0,0,0,0
"S_09978",7812,44,0,0,1798,0,0,183,0,0,0,0,0,0,0,0,0,0,0,0,0,0,0,0,0,0,0,0
"S_10074",16489,4409,0,0,1687,0,0,488,0,0,0,0,0,0,0,0,0,0,0,0,0,0,0,0,0,0,0,0
"S_10170",11544,4001,0,0,1600,0,0,274,0,0,0,0,0,0,0,0,0,0,0,0,0,0,0,0,0,0,0,0
"S_10266",17616,3628,0,49,2416,0,0,613,0,0,0,0,0,0,0,0,0,0,0,0,0,0,0,0,0,0,0,0
"S_10362",14205,3307,0,41,3200,0,99,405,0,0,0,0,0,0,0,0,0,0,0,0,0,0,0,0,0,0,0,0
"S_10458",15265,2281,0,22,2852,0,0,465,0,0,0,0,0,0,0,0,0,0,0,0,0,0,0,0,0,0,0,0
"S_10554",11952,2985,0,0,2965,0,0,468,0,0,0,0,0,0,0,0,0,0,0,0,0,0,0,0,0,0,0,0
"1115",NA,NA,NA,NA,NA,NA,NA,NA,NA,NA,NA,NA,NA,NA,NA,NA,NA,NA,NA,NA,NA,NA,NA,NA,NA,NA,NA,NA
"S_00091",9051,0,0,0,0,0,0,0,0,0,0,0,0,0,107,0,0,0,0,0,0,0,0,0,0,0,0,0
"S_00187",9816,0,0,0,0,0,0,0,0,11,0,0,0,0,134,0,0,0,0,0,0,0,0,0,0,0,0,0
"S_00283",8414.5,0,0,0,0,0,0,0,0,5.5,0,0,0,0,129.5,0,0,0,0,0,0,0,0,0,0,0,0,0
"S_00379",7013,0,0,0,0,0,0,0,0,0,0,0,0,0,125,0,0,0,0,0,0,0,0,0,0,0,0,0
"S_00475",6713,0,0,0,0,0,0,0,0,0,0,0,0,0,59,0,0,0,0,0,0,0,0,0,0,0,0,0
"S_00571",8565,0,0,0,0,0,0,0,0,0,0,0,0,0,110,0,0,0,0,0,0,0,0,0,0,0,0,0
"S_00667",2397,0,0,0,0,0,0,0,0,0,0,0,0,0,0,0,0,0,0,0,0,0,0,0,0,0,0,0
"S_00763",2526,0,0,0,0,0,0,0,0,0,0,0,0,0,0,0,0,0,0,0,0,0,0,0,0,0,0,0
"S_00859",6453,0,0,0,0,0,0,0,0,0,0,0,0,0,109,0,0,0,0,0,0,0,0,0,0,0,0,0
"S_00955",4053,0,0,0,0,0,0,0,0,0,0,0,0,0,0,0,0,0,0,0,0,0,0,0,0,0,0,0
"S_01051",4860,0,0,0,0,0,0,0,0,0,0,0,0,0,68,0,0,0,0,0,0,0,0,0,0,0,0,0
"S_01147",2414,0,0,0,0,0,0,0,0,0,0,0,0,0,71,0,0,0,0,0,0,0,0,0,0,0,0,0
"S_01243",9133,0,0,0,0,0,0,0,0,0,0,0,0,0,123,0,0,0,0,0,0,0,0,0,0,0,0,0
"S_01339",7338,0,0,0,0,0,0,0,0,0,0,0,0,0,97,0,0,0,0,0,0,0,0,0,0,0,0,0
"S_01435",4290,0,0,0,0,0,0,0,0,0,0,0,0,0,92,0,0,0,0,0,0,0,0,0,0,0,0,0
"S_01531",3526,0,0,0,0,0,0,0,0,0,0,0,0,0,660,0,0,0,0,0,0,0,0,0,0,0,0,0
"S_01627",6225,0,0,0,0,0,0,0,0,0,0,0,0,0,232,0,0,0,0,0,0,0,0,0,0,0,0,0
"S_01723",11386,0,0,0,0,0,0,0,0,0,0,0,0,0,40,0,0,0,0,0,0,0,0,0,0,0,0,0
"S_01819",16411,0,0,0,0,0,0,0,0,0,0,0,0,0,524,0,0,0,0,0,0,0,0,0,0,0,0,0
"S_01915",11211,0,0,0,0,0,0,0,0,0,0,0,0,0,396,0,0,0,0,0,0,0,0,0,0,0,0,0
"S_02011",10296,0,0,0,0,0,0,0,0,0,0,0,0,0,215,0,0,0,0,0,0,0,0,0,0,0,0,0
"S_02107",11706,0,0,0,0,0,0,0,0,0,0,0,0,0,295,0,0,0,0,0,0,0,0,0,0,0,0,0
"S_02203",8589,0,0,0,0,0,0,0,0,0,0,0,0,0,120,0,0,0,0,0,0,0,0,0,0,0,0,0
"S_02299",11992,0,0,0,0,0,0,0,0,0,0,0,0,0,276,0,0,0,0,0,0,0,0,0,0,0,0,0
"S_02395",8377,0,0,0,0,0,0,0,0,0,0,0,0,0,920,0,0,0,0,0,0,0,0,0,0,0,0,0
"S_02491",13642,0,0,0,0,0,0,0,0,0,0,0,0,0,782,0,0,0,0,0,0,0,0,0,0,0,0,0
"S_02587",8252,0,0,0,0,0,0,0,0,0,0,0,0,0,133,0,0,0,0,0,0,0,0,0,0,0,0,0
"S_02683",5660,0,0,0,0,0,0,0,0,0,0,0,0,0,165,0,0,0,0,0,0,0,0,0,0,0,0,0
"S_02779",7406,0,0,0,41,0,0,0,0,0,0,0,0,0,521,0,0,0,0,0,0,0,0,0,0,0,0,0
"S_02875",8678,0,0,0,0,0,0,0,0,0,0,0,0,0,255,0,0,0,0,0,0,0,0,0,0,0,0,0
"S_02971",6091,0,0,0,0,0,0,0,0,0,0,0,0,0,265,0,0,0,0,0,0,0,0,0,0,0,0,0
"S_03067",6460,0,0,0,0,0,0,0,0,0,0,0,0,0,153,0,0,0,0,0,0,0,0,0,0,0,0,0
"S_03163",9656,0,0,0,0,0,0,0,0,0,0,0,0,0,212,0,0,0,0,0,0,0,0,0,0,0,0,0
"S_03259",10130,0,0,0,0,0,0,0,0,0,0,0,0,0,682,0,0,0,0,0,0,0,0,0,0,0,0,0
"S_03355",8327,0,0,0,0,0,0,0,0,0,0,0,0,0,341,0,0,0,0,0,0,0,0,0,0,0,0,0
"S_03451",6524,0,0,0,0,0,0,0,0,0,0,0,0,0,0,0,0,0,0,0,0,0,0,0,0,0,0,0
"S_03547",9095,0,0,0,0,0,0,0,0,0,0,0,0,0,383,0,0,0,0,0,0,0,0,0,0,0,0,0
"S_03643",7970,0,0,0,0,0,0,0,0,0,0,0,0,0,119,0,0,0,0,0,0,0,0,0,0,0,0,0
"S_03739",6016,0,0,0,0,0,0,0,0,0,0,0,0,0,190,0,0,0,0,0,0,0,0,0,0,0,0,0
"S_03835",8683,0,0,0,0,0,0,0,0,0,0,0,0,0,345,0,0,0,0,0,0,0,0,0,0,0,0,0
"S_03931",12973,0,0,0,0,0,0,0,0,0,0,0,0,0,191,0,0,0,0,0,0,0,0,0,0,0,0,0
"S_04027",6657,0,0,0,0,0,0,0,0,0,0,0,0,0,90,0,0,0,0,0,0,0,0,0,0,0,0,0
"S_04123",5637,0,0,0,0,0,0,0,0,0,0,0,0,0,156,0,0,0,0,0,0,0,0,0,0,0,0,0
"S_04219",8415,0,0,0,0,0,0,0,0,0,0,0,0,0,374,0,0,0,0,0,0,0,0,0,0,0,0,0
"S_04315",9867,0,0,0,0,0,0,0,0,0,0,0,0,0,155,0,0,0,0,0,0,0,0,0,0,0,0,0
"S_04411",7358,0,0,0,0,0,0,0,0,0,0,0,0,0,81,0,0,0,0,0,0,0,0,0,0,0,0,0
"S_04507",6806,0,0,0,0,0,0,0,0,0,0,0,0,0,151,0,0,0,0,0,0,0,0,0,0,0,0,0
"S_04603",7515,0,0,0,0,0,0,0,0,0,0,0,0,0,146,0,0,0,0,0,0,0,0,0,0,0,0,0
"S_04699",7591,0,0,0,0,0,0,0,0,0,0,0,0,0,0,0,0,0,0,0,0,0,0,0,0,0,0,0
"S_04795",7744,0,0,0,0,0,0,0,0,0,0,0,0,0,141,0,0,0,0,0,0,0,0,0,0,0,0,0
"S_04891",6730,0,0,0,0,0,0,0,0,0,0,0,0,0,87,0,0,0,0,0,0,0,0,0,0,0,0,0
"S_04987",7413,0,0,0,0,0,0,0,0,0,0,0,0,0,156,0,0,0,0,0,0,0,0,0,0,0,0,0
"S_05083",10177,0,0,0,0,0,0,0,0,0,0,0,0,0,433,0,0,0,0,0,0,0,0,0,0,0,0,0
"S_05179",8925,0,0,0,0,0,0,0,0,0,0,0,0,0,1455,0,0,0,0,0,0,0,0,0,0,0,0,0
"S_05275",8946,0,0,0,0,0,0,0,0,0,0,0,0,0,859,0,0,0,0,0,0,0,0,0,0,0,0,0
"S_05371",8967,0,0,0,0,0,0,0,0,0,0,0,0,0,263,0,0,0,0,0,0,0,0,0,0,0,0,0
"S_05467",9510,0,0,0,0,0,0,0,0,0,0,0,0,0,151,0,0,0,0,0,0,0,0,0,0,0,0,0
"S_05563",8421,0,0,0,0,0,0,0,0,0,0,0,0,0,334,0,0,0,0,0,0,0,0,0,0,0,0,0
"S_05659",7344.5,0,0,0,0,0,0,0,0,0,0,0,0,0,233.5,0,0,0,0,0,0,0,0,0,0,0,0,0
"S_05755",6268,0,0,0,0,0,0,0,0,0,0,0,0,0,133,0,0,0,0,0,0,0,0,0,0,0,0,0
"S_05851",11714,0,0,0,0,0,0,0,0,0,0,0,0,0,106,0,0,0,0,0,0,0,0,0,0,0,0,0
"S_05947",7870,0,0,0,0,0,0,0,0,0,0,0,0,0,562,0,0,0,0,0,0,0,0,0,0,0,0,0
"S_06043",10917,0,0,0,0,0,0,0,0,0,0,0,0,0,0,0,0,0,0,0,0,0,0,0,0,0,0,0
"S_06139",6224,0,0,0,0,0,0,0,0,0,0,0,0,0,1130,0,0,0,0,0,0,0,0,0,0,0,0,0
"S_06235",6764,0,0,0,0,0,0,0,0,0,0,0,0,0,0,0,0,0,0,0,0,0,0,0,0,0,0,0
"S_06331",5688,0,0,0,0,0,0,0,0,0,0,0,0,0,172,0,0,0,0,0,0,0,0,0,0,0,0,0
"S_06427",5734,0,0,0,0,0,0,0,0,0,0,0,0,0,0,0,0,0,0,0,0,0,0,0,0,0,0,0
"S_06523",8245,0,0,0,0,0,0,0,0,0,0,0,0,0,0,0,0,0,0,0,0,0,0,0,0,0,0,0
"S_06619",9387,0,0,0,0,0,0,0,0,0,0,0,0,0,54,0,0,0,0,0,0,0,0,0,0,0,0,0
"S_06715",8971,0,0,0,0,0,0,0,0,0,0,0,0,0,146,0,0,0,0,0,0,0,0,0,0,0,0,0
"S_06811",9500,0,0,0,0,0,0,0,0,0,0,0,0,0,0,0,0,0,0,0,0,0,0,0,0,0,0,0
"S_06907",10720,0,0,0,0,0,0,0,0,0,0,0,0,0,791,0,0,0,0,0,0,0,0,0,0,0,0,0
"S_07003",7604,0,0,0,0,0,0,0,0,0,0,0,0,0,876,0,0,0,0,0,0,0,0,0,0,0,0,0
"S_07099",11100,0,0,0,0,0,0,0,0,0,0,0,0,0,364,0,0,0,0,0,0,0,0,0,0,0,0,0
"S_07195",14947,0,0,0,0,0,0,0,0,0,0,0,0,0,713,0,0,0,0,0,0,0,0,0,0,0,0,0
"S_07291",13978,0,0,0,0,0,0,0,0,0,0,0,0,0,446,0,0,0,0,0,0,0,0,0,0,0,0,0
"S_07387",12937,0,0,0,0,0,0,0,0,0,0,0,0,0,70,0,0,0,0,0,0,0,0,0,0,0,0,0
"S_07483",15976,0,0,0,0,0,0,0,0,0,0,0,0,0,1628,0,0,0,0,0,0,0,0,0,0,0,0,0
"S_07579",18102,0,0,0,0,0,0,0,0,0,0,0,0,0,0,0,0,0,0,0,0,0,0,0,0,0,0,0
"S_07675",17522,0,0,0,0,0,0,0,0,0,0,0,0,0,122,0,0,0,0,0,0,0,0,0,0,0,0,0
"S_07771",8821,0,0,0,0,0,0,0,0,0,0,0,0,0,252,0,0,0,0,0,0,0,0,0,0,0,0,0
"S_07867",11043,0,0,0,0,0,0,0,0,0,0,0,0,0,1507,0,0,0,0,0,0,0,0,0,0,0,0,0
"S_07963",9989,0,0,0,0,0,0,0,0,0,0,0,0,0,1049,0,0,0,0,0,0,0,0,0,0,0,0,0
"S_08059",8401,0,0,0,0,0,0,0,0,0,0,0,0,0,710,0,0,0,0,0,0,0,0,0,0,0,0,0
"S_08155",8799,0,0,0,0,0,0,0,0,0,0,0,0,0,525,0,0,0,0,0,0,0,0,0,0,0,0,0
"S_08251",8501,0,0,0,0,0,0,0,0,0,0,0,0,0,551,0,0,0,0,0,0,0,0,0,0,0,0,0
"S_08347",10504,0,0,0,0,0,0,0,0,0,0,0,0,0,432,0,0,0,0,0,0,0,0,0,0,0,0,0
"S_08443",11274,0,0,0,56.5,0,0,0,0,0,0,0,0,0,777.5,0,0,0,0,0,0,0,0,0,0,0,0,0
"S_08539",12044,0,0,0,113,0,0,0,0,0,0,0,0,0,1123,0,0,0,0,0,0,0,0,0,0,0,0,0
"S_08635",13257,0,0,0,0,0,0,0,0,0,0,0,0,0,910,0,0,0,0,0,0,0,0,0,0,0,0,0
"S_08731",19871,0,0,0,0,0,0,0,0,0,0,0,0,0,0,0,0,0,0,0,0,0,0,0,0,0,0,0
"S_08827",9542,0,0,0,147,0,0,0,0,0,0,0,0,0,1050,0,0,0,0,0,0,0,0,0,0,0,0,0
"S_08923",7916,0,0,0,297,0,0,0,0,0,0,0,0,0,550,0,0,0,0,0,0,0,0,0,0,0,0,0
"S_09019",8088,0,0,0,90,0,0,0,0,0,0,0,0,0,324,0,0,0,0,0,0,0,0,0,0,0,0,0
"S_09115",6793,0,0,0,515,0,0,0,0,0,0,0,0,0,421,0,0,0,0,0,0,0,0,0,0,0,0,0
"S_09211",9069,59,0,0,221,0,0,0,0,0,0,0,0,0,150,0,0,0,0,0,0,0,0,0,0,0,0,0
"S_09307",9565,1121,0,0,1025,0,0,0,0,0,0,0,0,0,2094,82,0,0,0,0,0,0,0,0,0,0,0,0
"S_09403",7902,568,0,0,1278,0,0,0,0,0,0,0,0,0,1065,0,0,0,0,0,0,0,0,0,0,0,0,0
"S_09499",5437,1381,0,0,1238,0,0,0,0,0,0,0,0,0,933,95,0,0,0,0,0,0,0,0,0,0,0,0
"S_09595",6403,2185,0,0,1637,0,0,0,0,0,0,0,0,0,1192,79,0,0,0,0,0,0,0,0,0,0,0,0
"S_09691",9320,3698,0,0,606,0,0,0,0,0,0,0,0,0,1829,150,0,0,0,0,0,0,0,0,0,0,0,0
"S_09787",10711,3324,0,0,1629,0,0,0,0,0,0,0,0,0,3207,167,0,0,0,0,0,0,0,0,0,0,0,0
"S_09798",10282,2945,0,0,2169,0,0,0,0,0,0,0,0,0,2821,169,0,0,0,0,0,0,0,0,0,0,0,0
"S_09979",3581,0,0,0,111,0,0,0,0,0,0,0,0,0,2483,0,0,0,0,0,0,0,0,0,0,0,0,0
"S_10075",7170,4606,0,0,2386,0,0,0,0,0,0,0,0,0,1323,280,0,0,0,0,0,0,0,0,0,0,0,0
"S_10171",10145,4242,0,0,3492,0,0,0,0,0,0,0,0,0,1837,287,0,0,0,0,0,0,0,0,0,0,0,0
"S_10267",6718,15484,0,0,2751,0,0,0,0,0,0,0,0,0,1855,1152,0,0,0,0,0,0,0,0,0,0,0,0
"S_10363",8507,7437,0,0,4565,0,0,0,0,0,0,0,0,0,2206,633,0,0,0,0,0,0,0,0,0,0,0,0
"S_10459",6780,4171,0,0,2880,0,0,0,0,0,0,0,0,0,1737,284,0,0,0,0,0,0,0,0,0,0,0,0
"S_10555",11495,5939,0,0,4818,0,0,0,0,0,0,0,0,0,2491,402,0,0,0,0,0,0,0,0,0,0,0,0
"1116",NA,NA,NA,NA,NA,NA,NA,NA,NA,NA,NA,NA,NA,NA,NA,NA,NA,NA,NA,NA,NA,NA,NA,NA,NA,NA,NA,NA
"S_00092",13441,0,0,0,0,0,0,0,0,0,0,0,0,0,0,0,0,0,0,0,0,0,0,0,0,0,0,0
"S_00188",9904,0,0,0,0,0,0,0,0,0,0,0,0,0,0,0,0,0,0,70,107,0,0,0,0,0,0,0
"S_00284",10008,0,0,0,0,0,0,0,0,0,0,0,0,0,0,0,0,0,0,0,56,0,0,0,0,0,0,0
"S_00380",5909,0,0,0,0,0,0,0,0,0,85,0,0,0,0,0,0,0,0,46,40,0,0,0,0,0,0,0
"S_00476",7038,0,0,0,0,0,0,0,0,0,63,0,0,0,0,0,0,0,0,0,0,0,0,0,0,0,0,0
"S_00572",7212,0,0,0,0,0,0,0,0,0,0,0,0,0,0,0,0,0,0,0,0,0,0,0,0,0,0,0
"S_00668",6118,0,0,0,0,0,0,0,0,0,31,0,0,0,0,0,0,0,0,0,0,0,0,0,0,0,0,0
"S_00764",5162,0,0,0,0,0,0,0,0,0,0,0,0,0,0,0,0,0,0,0,37,0,0,0,0,0,0,0
"S_00860",9203,0,0,0,0,0,0,0,0,0,0,0,0,0,0,0,0,0,0,0,0,0,0,0,0,0,0,0
"S_00956",6450,0,0,0,0,0,0,0,0,0,0,0,0,0,0,0,0,0,0,0,0,0,0,0,0,0,0,0
"S_01052",10487,0,0,0,0,0,0,0,0,97,36,0,0,0,0,0,39,0,0,18,36,0,0,0,0,0,0,0
"S_01148",8118,0,0,0,0,0,0,0,19,86,30,0,0,0,0,0,0,0,0,0,42,0,0,0,0,0,0,0
"S_01244",14137,0,0,0,0,0,0,0,0,188,30,0,0,0,0,0,56,0,0,21,98,0,0,0,0,0,0,0
"S_01340",9304,0,0,0,0,0,0,0,0,180,0,0,0,0,0,0,0,0,0,0,0,0,0,0,0,0,0,0
"S_01436",10974,0,0,0,0,0,0,0,0,179,0,0,0,0,0,0,0,0,0,0,0,0,0,0,0,0,0,0
"S_01532",4056,0,0,0,0,0,0,0,0,46,52,0,0,0,0,0,0,0,0,30,0,0,0,0,0,0,0,0
"S_01628",11949,0,0,0,0,0,0,0,0,192,0,0,0,0,0,0,0,0,0,0,0,0,0,0,0,0,0,0
"S_01724",9969,0,0,0,0,0,0,0,0,318,0,0,0,0,0,0,0,0,0,119,0,0,0,0,0,0,0,0
"S_01820",14627,0,0,0,0,0,0,0,0,389,0,0,0,0,0,0,0,0,0,88,0,0,0,0,0,0,0,0
"S_01916",14202,0,0,0,0,0,0,0,0,484,0,0,0,0,0,0,0,0,0,0,0,0,0,0,0,0,0,0
"S_02012",12429,0,0,0,0,0,0,0,0,430,0,0,0,0,0,0,0,0,0,33,0,0,0,0,0,0,0,0
"S_02108",9631,0,0,0,0,0,0,0,0,355,0,0,0,0,0,0,0,0,0,0,0,0,0,0,0,0,0,0
"S_02204",5779,0,0,0,0,0,0,0,0,208,0,0,0,0,0,0,0,0,0,0,0,0,0,0,0,0,0,0
"S_02300",15610,0,0,0,0,0,0,0,25,527,0,0,0,0,0,0,0,0,0,0,0,0,0,0,0,0,0,0
"S_02396",15424,0,0,0,0,0,0,0,31,710,0,0,0,0,0,0,0,0,0,0,0,0,0,0,0,0,0,0
"S_02492",13645,0,0,0,0,0,0,0,0,490,0,0,0,0,0,0,0,0,0,56,0,0,0,0,0,0,0,0
"S_02588",14370,0,0,0,0,0,0,0,0,838,0,0,0,0,0,0,0,0,0,10,0,0,0,0,0,0,0,0
"S_02684",11929,0,0,0,0,0,0,0,27,1110,0,0,0,0,0,0,0,0,0,0,0,0,0,0,0,0,0,0
"S_02780",14154,0,0,0,0,0,0,0,38,1343,0,0,0,0,0,0,0,0,0,0,0,0,0,0,0,0,0,0
"S_02876",9595,0,0,0,0,0,0,0,0,1092,0,0,0,0,0,0,0,0,0,0,0,0,0,0,0,0,0,0
"S_02972",9480,0,0,0,0,0,0,0,40,2485,0,0,0,0,0,0,26,0,0,0,0,0,0,0,0,0,0,0
"S_03068",10747,0,0,0,0,0,0,0,44,2903,0,0,0,0,0,0,0,0,0,0,44,0,0,0,0,0,0,0
"S_03164",9261,0,0,0,0,0,0,0,0,3457,0,0,0,0,0,0,0,0,0,0,0,0,0,0,0,0,0,0
"S_03260",5610,0,0,0,0,0,0,0,0,5635,0,0,0,0,0,0,0,0,0,0,89,0,0,0,0,0,0,0
"S_03356",6842,0,0,0,0,0,0,0,56,2109,0,0,0,0,0,0,0,0,0,0,0,0,0,0,0,0,0,0
"S_03452",7307,0,0,0,0,0,0,0,0,3487,0,0,0,0,0,0,0,0,0,0,39,0,0,0,0,0,0,0
"S_03548",7941,0,0,0,0,0,0,0,0,4639,0,0,0,0,0,0,0,0,0,0,0,0,0,0,0,0,0,0
"S_03644",6432,0,0,0,0,0,0,0,0,2644,0,0,0,0,0,0,89,0,0,0,0,0,0,0,0,0,0,0
"S_03740",7279,0,0,0,0,0,0,0,60,2832,0,0,0,0,0,0,124,0,0,0,40,0,0,0,0,0,0,0
"S_03836",8994,0,0,0,0,0,0,0,0,4901,0,0,0,0,0,0,53,0,0,0,0,0,0,0,0,0,0,0
"S_03932",7080,0,0,0,0,0,0,0,0,3138,0,0,0,0,0,0,16,0,0,0,0,0,0,0,0,0,0,0
"S_04028",5940,0,0,0,0,0,0,0,35,2582,0,0,0,0,0,0,88,0,0,0,0,0,0,0,0,0,0,0
"S_04124",8260,0,0,0,0,0,0,0,43,2886,0,0,0,0,0,0,126,0,0,0,39,0,0,0,0,0,0,0
"S_04220",5513,0,0,0,0,0,0,0,32,2148,0,0,0,0,0,0,96,0,0,0,0,0,0,0,0,0,0,0
"S_04316",7383,0,0,0,0,0,0,0,31,4632,0,0,0,0,0,0,17,0,0,0,0,0,0,0,0,0,0,0
"S_04412",5541,0,0,0,0,0,0,0,31,2028,0,0,0,0,0,0,240,0,0,0,0,0,0,0,0,0,0,0
"S_04508",8156,0,0,0,0,0,0,0,0,6395,0,0,0,0,0,0,132,0,0,0,0,0,0,0,0,0,0,0
"S_04604",3453,0,0,0,0,0,0,0,0,1966,0,0,0,0,0,0,20,0,0,0,0,0,0,0,0,0,0,0
"S_04700",6484,0,0,0,0,0,0,0,0,3773,0,0,0,0,0,0,31,0,0,0,0,0,0,0,0,0,0,0
"S_04796",2942,0,0,0,0,0,0,0,0,1684,0,0,0,0,0,0,0,0,0,0,0,0,0,0,0,0,0,0
"S_04892",7497,0,0,0,0,0,0,0,0,4090,0,0,0,0,0,0,28,0,0,0,0,0,0,0,0,0,0,0
"S_04988",7402,0,0,0,0,0,0,0,0,2608,0,0,0,0,0,0,15,0,0,0,0,0,0,0,0,0,0,0
"S_05084",10626,0,0,0,0,0,0,0,0,4602,0,0,0,0,0,0,0,0,0,0,0,0,0,0,0,0,0,0
"S_05180",11921,0,0,0,0,0,0,0,0,4029,0,0,0,0,0,0,38,0,0,0,0,0,0,0,0,0,0,0
"S_05276",14894,0,0,0,0,0,0,0,0,2663,0,0,0,0,0,0,24,0,0,0,0,0,0,0,0,0,0,0
"S_05372",13637,0,0,0,0,0,0,0,0,2033,0,0,0,0,0,0,22,0,0,0,0,0,0,0,0,0,0,0
"S_05468",9737,0,0,0,0,0,0,0,0,2699,0,0,0,0,0,0,0,0,0,0,0,0,0,0,0,0,0,0
"S_05564",9528,0,0,0,0,0,0,0,0,3027,0,0,0,0,0,0,0,0,0,0,0,0,0,0,0,0,0,0
"S_05660",8461,0,0,0,0,0,0,0,0,3517,0,0,0,0,0,0,0,0,0,0,0,0,0,0,0,0,0,0
"S_05756",10899,0,0,0,0,0,0,0,0,3394,0,0,0,0,0,0,0,0,0,0,0,0,0,0,0,0,0,0
"S_05852",4057,0,0,0,0,0,0,0,0,1672,0,0,0,0,0,0,0,0,0,0,0,0,0,0,0,0,0,0
"S_05948",3015,0,0,0,0,0,0,0,0,3042,0,0,0,0,0,0,0,0,0,0,0,0,0,0,0,0,0,0
"S_06044",13651,0,0,0,0,0,0,0,0,6114,0,0,0,0,0,0,45,0,0,0,0,0,0,0,0,0,0,0
"S_06140",11382,0,0,0,0,0,0,0,0,2533,0,0,0,0,0,0,162,0,0,0,0,0,0,0,0,0,0,0
"S_06236",8955,0,0,0,0,0,0,0,0,2039,0,0,0,0,0,0,238,0,0,0,0,0,0,0,0,0,0,0
"S_06332",7714,0,0,0,0,0,0,0,0,1255,0,0,0,0,0,0,121,0,0,0,0,0,0,0,0,0,0,0
"S_06428",10048,0,0,0,0,0,0,0,0,2054,0,0,0,0,0,0,289,0,0,0,0,0,0,0,0,0,0,0
"S_06524",7300,0,0,0,0,0,0,0,0,1474,0,0,0,0,0,0,43,0,0,0,0,0,0,0,0,0,0,0
"S_06620",4352,0,0,0,0,0,0,0,0,1574,0,0,0,0,0,0,0,0,0,0,0,0,0,0,0,0,0,0
"S_06716",9362,0,0,0,0,0,0,0,0,1729,0,0,0,0,0,0,404,0,0,0,34,0,0,0,0,0,0,0
"S_06812",5345,0,0,0,0,0,0,0,0,2179,0,0,0,0,0,0,0,0,0,0,0,0,0,0,0,0,0,0
"S_06908",12481,0,0,0,0,0,0,0,0,3665,0,0,0,0,0,0,111,0,0,0,0,0,0,0,0,0,0,0
"S_07004",10047,0,0,0,0,0,0,0,0,2240,0,0,0,0,0,0,205,0,0,0,0,0,0,0,0,0,0,0
"S_07100",11476,0,0,0,0,0,0,0,0,1980,0,0,0,0,0,0,313,0,0,0,0,0,0,0,0,0,0,0
"S_07196",8457,0,0,0,0,0,0,0,0,1673,0,0,0,0,0,0,45,0,0,0,0,0,0,0,0,0,0,0
"S_07292",5960,0,0,0,0,0,0,0,0,2083,0,0,0,0,0,0,25,0,0,0,0,0,0,0,0,0,0,0
"S_07388",9344,0,0,0,0,0,0,0,0,4185,0,0,0,0,0,0,54,0,0,0,0,0,0,0,0,0,0,0
"S_07484",10762,0,0,0,0,0,0,0,0,3375,0,0,0,0,0,0,181,0,0,0,0,0,0,0,0,0,0,0
"S_07580",12679,0,0,0,0,0,0,0,0,5720,0,0,0,0,0,0,134,0,0,0,0,0,0,0,0,0,0,0
"S_07676",14904,0,0,0,0,0,0,0,0,4194,0,0,0,0,0,0,136,0,0,0,0,0,0,0,0,0,0,0
"S_07772",9325,0,0,0,0,0,0,0,0,2944,0,0,0,0,0,0,111,0,0,0,0,0,0,0,0,0,0,0
"S_07868",6677,0,0,0,0,0,0,0,0,611,0,0,0,0,0,0,38,0,0,0,0,0,0,0,0,0,0,0
"S_07964",12788,0,0,0,0,0,0,0,0,3483,0,0,0,0,0,0,209,0,0,0,0,0,0,0,0,0,0,0
"S_08060",12151,0,0,0,0,0,0,0,0,3381,0,0,0,0,0,0,140,0,0,0,0,0,0,0,0,0,0,0
"S_08156",15258,40,0,0,0,55,0,0,0,2609,0,0,0,0,0,0,115,0,0,0,0,0,0,0,0,0,0,0
"S_08252",11835,140,0,0,0,140,0,0,0,2576,0,0,0,0,0,0,93,0,0,0,0,0,0,0,0,0,0,0
"S_08348",12912,2158,0,0,0,0,0,0,0,2104,0,0,0,0,0,0,53,0,0,0,0,0,0,0,0,0,0,0
"S_08444",15147.5,4090,0,0,0,65,0,0,0,2707,0,0,0,0,76.5,0,46.5,0,0,0,0,0,0,0,0,0,0,0
"S_08540",17383,6022,0,0,0,130,0,0,0,3310,0,0,0,0,153,0,40,0,0,0,0,0,0,0,0,0,0,0
"S_08636",16354,6194,0,0,0,108,0,0,0,2502,0,0,0,0,125,0,43,0,0,0,0,0,0,0,0,0,0,0
"S_08732",15981,6836,0,0,0,92,0,0,0,2175,0,0,0,0,307,0,18,0,0,0,0,0,0,0,0,0,0,0
"S_08828",9998,5122,0,0,0,41,0,0,0,993,0,0,0,0,553,0,0,0,0,0,0,0,0,0,0,0,0,0
"S_08924",10894,4781,0,0,0,63,0,0,0,1530,0,0,0,0,592,0,0,0,0,0,0,0,0,0,0,0,0,0
"S_09020",10226,1547,0,0,0,38,0,0,0,481,0,0,0,0,288,0,0,0,0,0,0,0,0,0,0,0,0,0
"S_09116",7902,2034,0,0,0,24,0,0,0,471,0,0,0,0,503,0,0,0,0,0,0,0,0,0,0,0,0,0
"S_09212",6911,4057,0,0,0,0,0,0,0,358,0,0,0,0,485,0,0,0,0,0,0,0,0,0,0,0,0,0
"S_09308",10012,7575,0,0,0,0,0,0,0,175,0,0,0,0,744,0,0,0,0,0,0,0,0,0,0,0,0,0
"S_09404",6885,3276,0,0,0,37,0,0,0,263,0,0,0,0,521,0,0,0,0,0,0,0,0,0,0,0,0,0
"S_09500",11175,2705,0,0,0,0,0,0,0,254,0,0,0,0,813,0,0,0,0,0,0,0,0,0,0,0,0,0
"S_09596",9589,4256,0,0,0,0,0,0,0,435,0,0,0,0,888,0,0,0,0,0,0,0,0,0,0,0,0,0
"S_09692",15136,3077,0,0,0,0,0,0,0,343,0,0,0,0,284,0,0,0,0,0,0,0,0,0,0,0,0,0
"S_09788",9688,6438,0,0,0,39,0,0,0,111,0,0,0,0,833,0,0,0,0,0,0,0,0,0,0,0,0,0
"S_09797",10274,3834,0,0,0,16,0,0,0,122,0,0,0,0,1098,0,0,0,0,0,0,0,0,0,0,0,0,0
"S_09980",2939,105,0,0,0,0,0,0,0,51,0,0,0,0,1290,0,0,0,0,0,0,0,0,0,0,0,0,0
"S_10076",10780,3851,32,0,0,32,0,0,0,60,0,0,0,0,1131,0,0,0,0,0,0,0,0,0,0,0,0,0
"S_10172",9535,3317,46,0,0,29,0,0,0,0,0,0,0,0,1508,0,0,0,0,0,0,0,0,0,0,0,0,0
"S_10268",9712,3402,73,0,0,47,0,0,0,38,0,0,0,0,1592,0,0,0,0,0,0,0,0,0,0,0,0,0
"S_10364",9752,3396,89,0,0,100,0,0,0,44,0,0,0,0,1635,0,0,0,0,0,0,0,0,0,0,0,0,0
"S_10460",7469,2710,77,0,30,74,0,0,0,33,0,0,0,0,1564,0,0,0,0,0,0,0,0,0,0,0,0,0
"S_10556",8631,4427,60,0,0,109,0,0,0,30,0,0,0,0,2563,0,0,0,0,0,0,0,0,0,0,0,0,0
"1117",NA,NA,NA,NA,NA,NA,NA,NA,NA,NA,NA,NA,NA,NA,NA,NA,NA,NA,NA,NA,NA,NA,NA,NA,NA,NA,NA,NA
