1881,904,25392,20987,238,8312,1588,171,47,5699,57,87,16,1649,333,0,0,0,800,477,1661,213,6915,2721,2003,3260,0,341,761,4774,2271,1727,1017,602,2006,958,627,1735,0,580,45,907,32,1441,767,751,0,213,1971,0,632,9,541,101,1152,643,558,406,0,50,1202,9,586,108,1475,68,125,397,331,0,61,213,268,187,66,101,24,48
706,638,3389,2973,2807,1017,551,40,13,1737,154,36,17,1613,1038,3,7,14,209,193,389,43,1097,258,133,431,0,127,150,684,758,488,0,254,1684,165,62,392,336,98,178,116,17,316,159,152,77,70,40,1301,159,19,82,665,21,170,99,27,33,143,0,159,160,105,0,25,66,94,36,93,66,15,61,43,13,56,3,20
272,336,2417,1361,4471,900,85,2,0,971,94,0,0,1392,771,0,0,46,110,62,398,0,332,0,76,934,0,142,40,216,746,828,1657,1041,725,683,68,234,72,847,97,106,0,125,328,210,89,36,117,482,286,0,433,1099,26,0,17,66,245,0,85,201,69,194,0,7,81,149,0,54,50,16,0,100,7,0,102,19
1327,3211,8754,4458,59,818,325,98,37,8662,0,21,0,578,1291,0,0,0,698,167,397,166,0,600,1174,2022,7,190,184,2397,1254,808,531,98,525,4683,568,551,59,430,0,450,0,308,242,1049,10,0,779,882,198,0,655,1088,158,0,0,667,114,0,303,666,0,36,0,198,9,91,79,0,0,38,0,115,43,62,52,37
4927,14826,531,2537,5911,1999,6862,789,310,282,3825,62,42,686,119,14,20,10,1146,51,1392,309,36,2725,2586,0,31,1160,2156,36,951,32,477,0,151,39,741,68,926,0,335,0,202,45,108,13,210,136,0,0,73,0,59,10,425,0,277,0,0,0,48,14,11,72,217,70,31,73,20,71,53,66,0,0,9,0,0,3
157,144,4550,628,15,1545,0,8,0,7020,0,12,0,552,4453,0,0,0,14,27,435,26,1656,0,204,999,0,11,254,1294,727,427,0,716,759,267,0,553,17,333,78,220,0,437,209,434,5,15,210,469,49,0,109,233,33,0,0,270,627,0,249,78,46,26,0,81,134,0,100,0,0,24,115,42,9,82,6,0
982,3468,7638,7629,7568,8772,48,156,105,1582,405,90,0,1014,483,0,0,0,484,1243,2330,152,1589,2844,1221,0,0,1062,35,316,677,367,0,352,0,233,600,166,672,72,51,0,28,199,123,194,333,123,0,113,68,0,53,9,237,377,549,83,0,0,262,51,192,210,162,17,167,127,77,17,193,55,0,0,17,0,4,0
3045,5934,3951,3544,1001,7937,0,343,94,220,165,135,23,214,22,0,0,0,749,30,89,166,0,3167,1055,5,0,0,58,0,192,235,0,0,0,0,126,0,15,14,18,0,19,25,192,32,0,0,0,0,10,0,0,0,40,0,68,0,0,0,69,0,0,0,0,0,0,0,7,0,10,0,0,0,0,0,0,0
1142,1602,8792,10097,150,28246,1423,197,41,6652,374,286,63,449,4186,17,20,17,708,767,574,295,849,619,2625,419,24,189,686,397,1457,1910,1227,326,0,474,409,462,746,178,358,761,10,863,340,468,172,47,69,47,197,25,343,86,249,1183,805,199,10,349,297,104,79,174,247,30,25,180,110,0,145,85,56,0,60,141,138,47
143,69,3717,287,71,3548,0,8,0,4834,0,68,17,65,410,21,17,17,31,19,0,26,45,65,174,335,0,0,243,541,291,1065,0,3112,1465,39,28,258,0,208,0,109,0,161,90,343,6,15,640,774,51,0,95,150,15,0,0,61,493,0,109,195,46,83,0,34,162,0,110,0,0,9,83,115,15,68,47,41
428,473,5342,3982,650,3090,0,35,0,1248,12,60,0,185,898,0,7,0,214,315,494,71,4777,342,552,1138,0,164,162,524,112,704,0,264,1345,1077,207,157,101,355,0,242,0,257,126,525,216,794,0,2496,320,0,430,3410,27,0,0,86,87,0,0,371,4322,188,0,62,184,63,56,18,0,16,58,211,18,45,45,22
2870,7849,7931,7658,8221,744,560,183,42,2243,553,94,66,622,3047,78,137,58,461,619,2744,251,835,743,820,2307,18,5133,276,1225,737,754,2560,37,1427,1092,463,510,1042,189,257,436,36,150,667,116,6,874,165,213,85,13,351,48,102,806,333,91,0,0,240,55,253,164,1563,46,13,119,116,39,118,53,180,42,19,38,28,54
425,288,4715,9097,588,3101,656,38,0,1036,34,56,0,323,856,4,0,0,156,484,267,49,1163,312,433,1093,0,398,1253,450,84,680,119,584,95,385,125,125,164,107,46,135,0,353,108,116,33,220,24,448,70,9,170,72,99,0,163,0,16,0,60,138,171,69,44,15,97,94,31,65,89,41,84,54,14,46,0,0
650,2059,1566,4097,904,5965,2700,129,0,713,326,75,28,681,1531,0,0,209,260,302,1922,51,1598,311,370,308,144,185,895,121,190,315,636,585,0,186,159,328,691,755,437,0,25,239,314,260,272,146,0,452,88,91,53,50,273,229,339,0,0,0,45,169,234,140,0,29,146,193,13,160,219,49,0,0,23,37,13,28
1280,817,8155,16274,7883,2151,132,47,0,542,249,0,9,448,1506,0,12,192,799,71,275,19,0,1241,437,3197,22,1177,61,786,467,1051,1409,169,1187,847,273,768,219,924,409,655,0,576,682,309,137,655,6,0,267,71,3965,0,290,127,234,81,0,0,63,400,0,224,70,17,0,152,129,31,273,72,0,0,34,0,22,18
1235,594,17056,14781,119,7437,427,71,20,2364,28,110,94,493,5618,0,12,0,343,341,438,156,1171,101,1300,3510,22,482,137,2687,1004,2023,4441,1192,0,717,145,955,444,262,33,0,8,1008,334,596,120,1092,732,60,318,22,229,98,103,0,66,239,27,253,147,371,1620,210,0,171,202,163,173,169,25,38,165,167,75,32,27,35
1382,4602,4598,16299,5261,5963,0,190,0,164,392,90,0,479,148,8,27,13,595,84,614,98,75,519,526,379,0,247,101,89,0,177,182,0,42,19,332,242,623,102,52,0,11,62,155,44,103,17,0,0,36,0,0,0,84,0,0,30,0,0,69,0,22,5,170,0,0,80,32,0,40,90,0,0,13,0,0,8
1098,1391,4939,10281,3495,3672,283,190,0,3338,2243,50,0,479,605,13,26,77,512,399,1000,66,178,698,479,1543,78,503,113,990,1187,887,275,70,96,21,339,126,1364,289,305,0,18,122,531,829,85,38,0,0,51,10,0,0,391,827,385,0,0,117,44,0,18,317,151,13,27,81,199,157,68,175,0,0,21,0,29,84
1157,127,10356,5494,0,4879,210,329,27,5592,0,20,0,959,0,0,0,0,1221,18,0,98,0,57,2531,47,7,0,112,380,0,554,275,0,0,0,253,167,0,97,0,3036,0,571,138,0,0,0,0,0,19,0,0,0,187,0,0,112,0,0,1891,0,0,0,0,0,0,0,108,0,0,19,0,0,9,0,0,0
204,633,4965,2694,0,5942,277,12,0,1196,0,73,0,461,833,8,0,0,42,323,97,70,1575,0,659,266,0,9,840,1194,173,647,375,442,359,324,75,617,0,268,12,415,0,191,126,176,0,91,550,495,49,6,86,0,21,0,0,78,146,0,80,21,148,0,0,19,137,67,17,0,0,11,71,70,15,48,0,0
1295,1083,5356,6316,759,2303,256,30,20,664,0,82,0,296,5012,0,0,0,221,275,236,111,3399,659,496,3984,0,218,587,561,646,747,1012,1210,1138,251,182,194,0,652,0,0,0,388,212,892,48,370,744,257,111,26,0,64,39,0,0,151,200,99,152,442,521,129,0,0,447,110,91,11,0,20,0,99,27,73,24,51
1845,2224,26698,12375,622,21038,277,155,43,5000,38,455,0,318,2054,19,17,0,1175,826,172,731,12881,779,7531,503,0,427,1789,2543,234,2473,605,1345,282,1495,374,494,173,524,118,0,14,1218,781,328,13,472,0,0,97,0,390,278,289,0,131,0,0,303,80,79,1153,82,0,0,807,705,213,60,45,42,0,76,27,214,25,0
257,133,4756,179,0,919,73,13,9,8201,0,23,0,732,980,0,0,0,56,12,0,43,2046,22,266,84,0,0,238,1080,597,552,181,560,448,75,140,1508,0,214,28,265,0,333,43,133,4,0,885,149,91,0,0,141,6,0,0,106,402,127,150,7,52,0,0,35,114,72,0,0,0,6,54,69,16,108,3,21
7741,17207,360,8302,15667,2460,6897,728,79,1176,6818,100,31,1878,0,33,0,43,2785,61,3488,221,40,3494,2332,1237,63,6690,8909,42,576,32,169,0,0,0,1386,149,1319,0,501,0,142,121,151,6,543,562,0,0,61,28,0,0,191,0,1476,11,0,0,77,0,12,13,0,66,0,59,49,54,76,70,0,0,7,0,0,0
563,192,6451,903,0,5971,79,186,66,4084,0,84,0,563,244,0,0,0,884,26,39,176,4560,3588,1498,270,0,0,137,569,686,349,383,202,0,354,169,372,0,70,0,165,0,514,102,291,0,10,170,0,135,0,180,0,164,17,33,293,5,117,1242,0,132,10,0,41,67,91,54,0,0,32,0,57,15,41,9,24
1021,870,8727,6392,0,2285,144,35,0,1407,55,33,0,3044,25509,0,0,0,355,263,411,70,9062,308,372,1614,0,362,442,1181,836,1205,3796,10,0,474,290,759,190,419,38,0,9,349,281,755,46,287,69,139,300,26,628,1822,13,199,151,132,1132,3751,143,595,1010,151,0,111,71,459,0,88,46,16,179,63,38,106,149,12
685,779,7603,6869,20604,2283,98,26,0,1244,62,23,12,513,608,0,0,0,524,2361,224,94,335,1635,932,1568,0,1337,82,160,1033,1337,1190,121,374,62,786,345,635,132,441,43,0,380,81,164,106,134,0,234,188,34,0,1198,85,78,65,17,0,0,146,382,58,163,144,21,20,613,33,26,99,32,36,57,8,60,30,69
966,1092,9647,11899,323,1725,188,28,21,1829,24,39,0,2084,2238,31,19,40,219,288,705,103,1091,0,888,2135,4,407,1039,2332,1978,1196,551,803,637,830,450,519,32,449,69,522,4,1156,174,323,11,319,1896,23,309,43,581,69,160,0,65,315,50,1669,166,0,192,11,0,80,90,176,77,0,26,56,78,152,11,0,3,92
1019,1174,2868,4358,7081,1201,550,100,11,1131,1014,19,21,633,3022,14,20,17,406,473,517,88,1422,995,340,401,0,549,396,751,526,469,0,924,0,575,137,264,108,273,108,0,8,259,94,364,244,421,0,1842,163,43,734,1158,82,54,316,131,167,275,74,623,212,248,0,59,237,81,27,62,144,58,127,90,15,0,26,5
625,2118,5369,3558,9364,2204,487,45,0,1609,614,54,67,239,414,24,18,56,549,141,618,84,677,119,495,736,26,102,382,122,304,205,252,419,239,327,252,99,134,491,178,0,12,163,287,158,271,31,0,598,106,0,453,219,72,183,89,25,8,99,148,153,56,150,65,32,55,42,21,57,85,36,0,0,8,0,49,25
719,679,4594,3348,171,6859,0,67,10,2565,66,47,0,404,410,9,34,89,575,37,103,75,683,100,525,1319,8,114,203,723,228,752,432,777,188,221,90,489,165,184,16,1134,0,566,100,159,35,13,103,0,201,5,164,150,35,0,0,57,0,0,385,10,42,58,0,26,25,84,75,0,0,15,0,71,19,49,8,39
1501,11158,3403,3895,6183,3952,222,87,66,540,164,95,14,667,27,0,0,0,981,33,322,191,122,202,1546,113,0,927,151,73,323,59,0,75,112,318,231,135,0,48,17,0,36,49,147,38,10,8,0,0,9,0,0,9,199,0,79,0,0,0,164,15,40,11,160,0,300,0,24,0,37,14,0,14,0,0,0,0
1363,4615,3116,8797,9553,311,2657,81,0,1365,451,0,15,906,689,0,0,0,114,301,1868,40,0,0,152,1937,16,429,159,93,770,175,1979,0,679,64,461,304,2893,132,357,0,110,48,223,49,326,0,0,0,248,35,0,0,832,1301,431,0,0,173,0,0,0,427,116,188,0,149,106,358,96,95,0,0,18,0,33,7
2651,5590,10895,3230,4294,7668,1522,154,28,3003,539,120,88,1253,5688,0,0,127,742,125,713,137,4066,1481,749,2352,0,3542,893,1246,588,716,261,1323,2139,529,1026,912,302,331,180,0,13,587,306,295,236,574,608,1165,171,12,412,583,298,0,151,129,94,325,273,244,1112,124,0,26,366,331,137,246,171,37,489,103,11,61,57,23
489,776,19025,3356,328,542,1711,26,11,11932,0,26,0,839,16657,0,0,0,115,185,710,96,1540,0,925,420,0,19,1790,5038,864,1694,0,1259,164,6225,264,2332,64,558,9,460,35,969,385,684,0,26,5148,465,251,29,2138,13,12,56,31,246,297,510,316,0,85,0,0,65,151,77,59,0,0,0,397,97,0,210,0,20
8946,7570,11636,3935,413,7019,423,492,926,4034,102,204,48,1448,1328,24,10,8,816,46,223,674,783,68,6062,260,24,364,794,1609,2621,536,231,81,228,208,714,3267,65,298,7,2252,36,419,875,42,0,12,1056,0,42,6,37,11,342,0,335,48,13,119,318,4,39,0,146,5,7,148,234,0,4,45,0,49,9,46,2,29
370,214,6671,1261,281,5533,97,24,0,5537,0,86,0,173,6419,7,16,21,235,92,19,94,1136,413,733,731,7,88,311,346,109,1286,659,1701,0,259,46,49,0,193,62,92,0,138,80,271,0,48,298,0,30,3,101,610,27,0,0,49,14,1253,130,330,104,17,0,14,194,51,44,0,0,10,45,76,9,106,17,0
852,1046,14263,6691,481,3215,171,8,23,8332,5,111,7,1799,4178,0,9,11,271,779,0,188,808,123,1001,845,0,40,107,859,1777,729,487,330,134,457,77,449,0,188,79,392,0,367,83,361,0,48,937,519,60,0,721,675,218,0,27,51,0,127,261,252,65,0,56,91,18,112,73,9,70,11,213,43,0,64,3,20
1591,5180,5895,3775,1928,931,1084,228,58,1300,1788,33,0,906,3297,0,24,32,527,245,4244,211,0,3173,1262,1453,243,2578,2531,443,266,1217,2129,289,1040,298,511,617,869,486,785,0,25,114,901,319,367,10,0,0,123,222,69,40,427,3722,883,455,0,419,294,0,0,113,0,102,0,207,189,261,262,208,0,47,40,2,11,30
323,880,5523,2954,190,1929,14,28,16,2945,14,48,0,656,466,0,0,0,93,208,58,84,1379,0,626,1346,0,89,870,766,112,328,370,617,245,668,80,961,0,69,31,536,6,393,126,123,3,80,425,0,95,0,161,0,26,0,0,37,0,66,337,0,220,7,0,10,135,0,0,0,0,15,18,84,0,31,0,2
401,990,2652,1592,1987,4192,239,37,0,549,65,0,0,234,623,0,0,0,229,3,0,0,503,486,172,168,0,152,268,863,347,931,84,157,93,98,99,305,17,507,27,168,0,203,59,169,42,1,25,351,125,0,0,386,66,0,43,88,21,108,39,597,32,104,62,93,8,51,43,0,23,37,0,0,2,0,53,26
882,2662,18097,2508,135,3374,921,48,11,2716,0,42,13,1082,1463,0,0,0,453,21,447,116,2625,1171,1937,124,0,41,662,1757,1970,788,139,92,260,755,318,875,0,459,28,1410,10,385,532,397,0,8,1085,9,178,23,460,19,487,8,178,232,0,128,406,0,93,21,95,33,10,0,173,0,35,153,78,95,24,56,36,18
462,831,4087,2995,882,2356,490,26,0,1116,76,5,12,1654,748,11,0,14,123,100,323,22,1705,74,198,535,0,83,172,607,490,407,0,223,1008,233,0,300,115,93,100,44,6,586,144,109,48,88,94,360,246,16,82,560,35,48,136,38,18,64,0,62,154,75,0,35,34,92,17,55,33,27,68,83,6,0,9,0
1290,327,6693,3726,666,4439,128,42,11,2318,57,12,20,7774,1411,0,40,114,227,69,286,23,477,0,235,1967,0,183,54,800,1541,2974,2252,8421,989,837,243,391,0,1621,182,229,0,767,135,669,133,74,59,473,563,0,641,5208,62,86,30,182,729,0,0,929,71,200,0,48,230,182,106,63,40,21,0,298,22,253,289,5
709,735,6100,2908,0,676,222,45,0,4200,0,7,0,1216,1467,0,16,0,453,220,99,18,0,95,721,400,0,58,142,909,1260,539,166,73,183,2792,266,308,18,92,0,45,0,190,67,428,0,0,206,133,62,0,255,503,79,0,0,118,49,187,159,215,0,0,0,17,4,42,0,0,0,11,0,66,8,36,14,6
392,1807,131,614,1975,310,1329,63,0,230,596,0,0,306,503,0,0,19,164,19,910,0,82,97,141,0,19,213,321,9,261,190,715,0,221,0,0,17,614,24,210,0,17,13,66,38,110,38,0,99,56,0,101,0,72,0,84,0,0,0,0,92,11,109,79,63,40,0,0,53,46,36,0,0,4,0,8,0
88,21,2480,292,0,477,0,10,0,2877,0,0,0,936,4033,0,0,0,25,13,21,0,652,0,168,298,0,0,195,823,954,205,0,72,236,233,0,521,7,261,62,51,3,180,52,301,0,0,178,197,38,10,89,73,5,0,0,220,959,0,157,30,25,0,0,38,13,0,82,0,0,11,54,0,4,49,0,15
916,1607,7173,3745,2392,3424,241,74,60,1830,95,52,16,1731,5083,0,0,3,491,210,3321,163,1929,1362,921,1372,0,1142,163,829,1323,468,0,482,0,2568,386,563,137,387,204,0,29,331,832,950,161,182,111,606,199,0,753,215,500,0,589,453,0,117,114,1051,204,234,283,73,225,84,144,131,92,90,57,88,42,0,31,5
542,5045,1165,460,3297,1662,0,300,77,0,200,61,18,0,19,0,0,9,1008,0,85,159,0,4883,2024,0,0,7,32,0,43,10,0,0,0,0,48,0,139,7,53,0,0,0,75,12,0,0,0,0,2,0,0,0,63,0,33,0,0,0,24,0,0,0,0,0,0,0,0,0,0,0,0,0,0,0,0,0
566,566,10551,10919,86,19128,1373,92,11,5737,15,12,17,3706,8857,6,0,0,398,165,97,20,1678,0,1722,454,9,18,819,1880,2386,884,662,162,0,421,295,2274,0,496,88,618,0,2049,306,383,36,32,1121,107,271,0,245,36,100,155,444,334,45,923,260,20,99,141,143,110,17,132,169,0,11,0,0,0,39,54,36,35
97,11,3282,109,0,1393,0,0,0,1927,0,11,13,71,263,12,0,20,36,6,0,16,18,0,131,392,0,0,336,704,533,733,0,2829,792,149,0,266,0,346,0,25,0,261,32,257,7,11,689,342,58,0,492,242,0,0,0,58,364,0,100,237,19,63,0,50,90,0,60,0,0,0,53,58,9,23,40,24
581,383,8799,2359,1629,2282,0,30,0,3953,0,3,0,807,2084,0,0,0,225,88,1092,21,3483,468,451,1703,0,137,429,1808,699,1167,0,205,2563,1591,421,385,205,1110,29,107,0,344,304,1104,284,226,0,6062,613,0,596,336,54,0,34,215,94,0,80,389,2722,748,0,94,80,80,145,46,0,23,157,205,28,79,97,39
1085,1416,4316,3256,271,2962,207,49,0,1546,148,28,0,656,509,9,53,53,366,46,485,77,534,79,572,746,0,1703,183,809,668,386,675,0,366,335,69,305,56,135,140,136,0,233,165,223,0,185,215,70,71,0,153,0,177,0,230,93,0,0,163,0,49,38,332,26,0,0,102,0,39,42,64,60,16,41,8,0
532,800,2817,4536,523,809,386,39,13,722,51,0,12,1281,1945,0,0,0,73,133,2034,0,1252,435,262,1306,9,389,668,641,0,424,390,450,464,281,0,298,527,358,84,257,0,131,445,507,140,58,44,546,167,50,140,56,199,0,455,0,61,0,92,313,105,188,191,26,85,104,65,62,86,121,80,51,13,0,5,0
1453,11676,3342,4772,5125,5067,4319,587,22,617,853,60,123,3044,8565,0,0,786,1095,331,7932,97,2328,1527,822,354,667,1941,1967,379,716,388,2052,616,90,2256,837,625,961,1163,998,0,281,374,953,693,1146,154,0,522,488,554,713,47,673,323,541,0,0,0,167,428,287,422,0,39,126,185,121,474,287,171,0,13,65,51,27,57
1182,864,14355,21170,7772,2398,126,136,0,452,0,1,36,1390,1091,0,14,131,917,178,811,51,194,1779,946,3855,81,1030,0,960,328,919,943,315,905,332,416,461,56,305,469,1747,19,724,1577,783,8,106,70,0,368,0,1614,0,540,132,60,172,0,0,575,442,34,46,242,15,4,486,187,24,138,107,0,0,28,0,0,8
2122,4131,5431,4446,288,781,323,109,49,1006,59,0,90,1014,1267,0,10,0,1445,87,1755,133,974,217,911,2968,6,2456,56,1040,838,1140,2730,509,0,585,463,153,889,405,54,0,11,370,319,551,373,768,167,0,223,78,180,55,111,0,42,142,87,0,93,137,1321,410,0,138,131,103,96,229,12,72,141,147,32,0,8,14
5160,12780,6277,9763,12652,3911,0,1702,0,473,2157,40,15,756,73,9,18,28,3643,45,4625,158,0,111,826,623,8,1288,59,34,0,124,365,0,40,67,1349,380,2868,46,881,0,77,99,345,78,790,0,0,0,74,0,39,0,459,0,0,66,0,0,143,0,0,0,1285,0,0,113,118,0,60,127,0,0,36,0,0,11
397,457,2503,4179,491,4276,331,52,0,1056,586,27,0,725,283,7,25,37,128,87,735,37,24,149,359,325,8,223,116,445,975,258,186,0,64,0,0,157,526,285,152,0,2,87,262,472,64,0,0,0,42,0,0,0,164,193,363,0,0,0,0,0,0,199,64,14,8,71,56,24,31,156,0,0,7,0,8,15
888,44,15080,13190,0,14098,258,169,59,10465,0,81,0,1334,0,0,0,0,1330,247,0,268,0,0,4147,68,13,0,154,1235,0,1545,109,140,0,0,469,175,0,72,0,6605,0,1136,550,11,0,0,0,0,46,0,0,0,394,0,0,214,0,0,595,0,0,0,0,0,0,0,124,0,0,0,0,0,0,69,0,0
430,706,1985,1774,68,1375,110,25,21,696,35,44,0,1072,241,11,13,0,269,347,35,58,301,0,592,500,0,5,242,505,311,430,141,145,131,162,71,201,0,97,24,519,0,119,80,173,0,19,282,85,118,0,0,0,51,0,0,40,5,0,64,9,27,10,0,36,12,34,0,0,0,10,35,45,0,0,0,5
614,560,2081,2787,292,1216,160,4,0,271,7,10,0,482,2895,0,0,0,158,70,125,23,1124,136,443,1682,0,117,261,280,838,707,702,1654,550,316,0,145,7,357,8,0,0,201,263,454,24,105,517,148,77,0,0,170,25,0,0,129,56,0,94,526,133,84,0,9,221,33,45,13,0,0,0,113,15,0,40,31
444,784,3156,949,2354,2434,103,17,0,1166,125,14,0,965,1193,0,0,16,208,21,1240,29,1718,49,488,532,27,221,396,501,920,488,282,518,123,917,133,1346,613,190,197,0,7,182,188,176,9,23,0,0,112,154,207,76,77,183,187,0,0,160,0,63,78,70,0,0,139,432,57,99,58,73,0,70,0,47,23,0
94,69,2324,53,0,359,0,8,13,5094,0,0,0,1753,1790,0,0,0,90,1,0,0,1529,0,245,74,0,0,250,620,1322,379,147,265,351,255,33,1123,0,208,57,269,0,157,52,307,10,0,1053,565,104,15,75,11,0,0,0,207,225,189,106,0,34,8,0,0,63,60,0,0,0,0,174,38,0,97,4,10
3236,10049,332,3887,6839,1073,2893,556,14,512,2727,0,35,1733,0,0,0,21,2285,71,5244,151,68,959,848,204,23,3032,4751,32,904,63,250,0,0,0,1027,95,556,6,535,0,50,56,153,0,465,65,0,0,113,17,0,0,354,0,956,0,0,0,33,0,4,30,0,48,0,47,78,64,104,175,0,0,8,0,0,0
832,1832,1785,313,0,592,49,163,21,621,10,0,0,411,264,9,8,21,418,1,657,21,942,1396,418,386,4,31,51,231,320,92,264,0,0,248,815,127,0,37,0,0,5,164,79,88,0,0,79,0,87,0,193,0,88,160,46,130,0,101,415,4,0,23,0,12,0,0,27,0,0,57,0,0,10,0,0,0
2784,715,6158,1211,0,1426,176,55,0,218,18,46,0,2561,2836,0,0,0,685,25,152,169,4546,427,893,514,0,77,254,347,878,538,1019,0,0,140,502,272,91,253,6,0,0,330,110,330,76,31,205,117,95,56,140,73,25,211,26,0,280,415,0,141,242,74,0,70,0,316,0,51,73,33,39,0,0,59,119,10
1592,1568,10668,12305,27748,399,179,261,0,301,285,0,26,2435,891,0,0,0,819,2605,1676,0,300,3343,886,6206,8,1232,132,272,1358,462,2097,125,634,86,1525,459,1649,135,807,70,0,456,220,69,473,113,0,249,744,44,0,1584,195,506,92,47,22,0,152,219,70,535,2168,59,8,536,25,116,381,85,0,49,21,14,43,37
300,390,6986,2890,383,1508,218,18,0,777,15,21,0,516,1033,0,0,0,43,93,368,38,362,0,364,215,0,79,697,1496,914,401,165,262,203,385,187,190,60,246,42,281,0,193,68,157,3,92,849,12,128,14,213,37,77,0,43,121,19,342,0,6,126,14,0,19,36,0,28,0,10,15,0,60,0,0,0,46
1013,1530,2451,2405,6923,571,519,77,0,721,1205,0,33,566,1057,16,0,23,246,267,841,0,526,377,258,142,0,300,386,410,543,229,0,444,0,295,159,105,118,102,147,0,10,168,87,198,207,225,0,1571,147,35,342,344,69,69,200,88,25,77,0,199,86,213,0,43,65,0,13,53,76,63,64,35,9,0,14,0
638,4792,4250,8743,23032,1636,425,102,0,2154,714,0,64,2223,494,17,22,37,1075,152,4016,29,458,490,1069,1415,10,172,650,210,645,273,628,423,657,349,769,363,196,284,656,0,44,209,343,414,969,43,0,282,267,0,395,257,264,432,355,77,0,77,423,178,34,516,428,48,49,0,111,99,88,88,0,18,21,0,70,5
265,360,3593,2207,19,4471,0,29,0,769,9,12,0,734,2003,0,0,0,233,56,13,17,885,76,565,1807,0,61,222,308,0,556,421,704,205,105,80,253,0,607,0,792,0,487,88,73,0,42,394,0,297,0,64,233,17,0,0,100,13,0,160,233,95,33,0,19,108,74,69,0,0,0,0,52,0,0,0,11
843,5632,4701,1110,934,2542,111,196,11,1167,258,59,0,306,114,0,0,0,673,26,746,151,221,142,1189,206,0,98,90,109,552,53,0,394,216,1508,104,80,0,102,121,0,8,67,131,205,55,7,0,0,23,0,289,39,194,0,252,26,0,0,0,195,36,24,244,13,454,0,29,0,35,15,0,12,0,0,2,0
2955,11299,8091,22807,9184,4344,3206,451,0,4017,559,64,36,2802,5783,0,12,66,540,505,8858,157,0,0,850,4547,0,525,167,438,8822,693,2912,0,982,2947,702,1323,1843,579,1593,0,206,195,808,768,839,0,0,0,830,150,1218,0,2057,1022,2190,0,0,1416,0,0,0,935,460,441,0,146,330,353,83,261,0,68,284,0,42,47
3999,4865,9021,4801,2974,9210,1572,157,41,1544,535,105,105,2886,2357,0,0,66,1135,137,1331,189,3887,1875,1173,2554,9,2199,1275,1384,664,795,317,862,2504,425,1424,389,243,492,288,0,22,722,349,520,257,937,354,1533,304,0,307,177,570,73,126,66,49,259,328,169,1544,157,93,41,198,276,118,275,187,138,269,54,21,0,70,15
593,1638,4375,248,77,436,366,37,0,3612,0,0,0,1342,1367,0,0,0,207,17,169,0,409,0,519,214,0,0,352,1214,1955,411,0,524,99,897,0,464,0,73,0,65,9,336,60,252,0,0,498,58,67,10,415,0,7,31,0,101,82,216,75,0,26,0,0,9,67,0,36,0,0,8,129,36,0,64,0,11
1572,2902,5133,4118,1221,486,146,183,39,786,242,40,0,751,115,0,0,0,212,121,147,235,720,0,1282,1949,10,436,213,364,752,221,232,89,180,91,236,255,146,16,0,388,12,44,61,18,3,59,46,0,40,0,0,0,184,0,105,6,0,0,210,0,78,0,105,5,6,0,71,0,0,0,0,33,9,0,0,3
693,414,4759,691,385,4019,81,45,0,3948,13,20,0,393,1881,0,4,13,533,9,210,83,996,550,802,381,0,215,276,640,363,694,661,634,0,139,179,159,43,273,66,147,0,191,107,238,27,110,210,0,42,52,73,277,80,0,0,103,12,151,179,178,27,40,0,0,41,79,61,37,17,32,27,83,0,0,31,0
320,592,3034,1416,137,1084,40,3,0,1898,0,51,0,845,791,0,0,13,140,132,55,96,324,42,442,401,0,37,31,242,361,234,349,72,122,261,41,178,11,73,29,122,0,131,61,150,0,8,174,149,27,3,291,356,85,0,0,0,12,64,145,150,22,0,53,23,1,47,33,25,17,7,74,0,0,0,8,0
2722,4978,5559,5966,5012,2536,1802,214,63,1020,1570,115,24,1865,588,16,35,98,510,285,3053,292,0,2474,1245,235,51,3317,3535,98,275,421,888,0,355,94,753,510,195,114,274,0,23,168,533,73,387,0,0,0,300,37,0,0,432,657,256,39,0,70,315,0,0,155,0,61,0,194,142,117,154,135,0,0,18,0,7,9
709,189,10323,6057,71,5294,92,32,53,7519,0,90,14,2165,525,0,0,0,306,263,12,111,1044,0,967,590,0,68,1973,1850,506,859,411,1055,146,254,0,959,0,174,57,879,8,935,44,333,10,46,1806,8,225,0,54,0,0,0,0,124,0,0,578,0,161,0,0,9,75,0,54,0,0,0,42,108,0,90,0,2
635,1300,2615,1298,2401,1911,306,65,0,431,51,27,0,860,1463,0,0,0,356,26,108,60,1602,893,474,295,0,107,311,320,678,623,310,190,301,124,140,564,0,220,22,528,0,180,91,148,63,32,45,468,125,0,32,219,54,23,33,62,0,131,63,458,127,86,36,0,51,78,36,0,13,35,0,0,0,46,10,0
361,1295,3249,1729,276,1912,217,17,0,696,0,49,0,524,449,0,0,0,179,119,255,47,1102,932,459,102,0,57,118,280,381,199,73,44,98,495,179,461,0,42,11,1731,6,100,219,162,0,57,342,0,56,0,271,0,63,0,40,70,0,49,95,0,117,0,94,7,19,0,30,0,0,13,0,14,5,0,0,3
717,502,5587,2903,753,1041,446,20,0,1337,67,13,0,2486,1593,0,14,37,120,136,235,34,3550,79,239,626,5,71,209,871,605,510,0,275,1167,558,0,244,86,120,42,77,7,531,90,146,23,113,250,706,380,10,196,675,23,0,113,37,26,132,0,77,299,20,0,17,100,134,10,21,24,12,60,73,7,44,0,11
1054,361,7101,3937,726,7187,143,26,17,3298,0,20,13,4347,2491,9,50,70,314,25,161,49,1217,0,390,1285,6,178,117,833,711,2698,2028,5728,1027,1069,215,333,0,2539,100,330,4,541,214,597,56,26,150,579,619,7,761,3058,93,34,35,327,810,0,0,895,76,153,0,37,205,185,131,50,30,29,0,325,23,297,292,19
2375,3856,7337,6129,229,2380,300,108,0,6246,0,68,0,611,4545,30,52,45,631,274,308,183,46,260,1146,859,0,610,372,964,1007,1297,660,271,591,7141,380,1209,64,213,9,361,26,370,272,527,0,16,915,561,221,6,725,938,140,0,0,182,51,651,202,629,5,53,0,295,12,90,0,0,28,0,0,116,21,93,14,60
895,3347,86,528,1452,214,2066,374,14,29,756,0,0,318,35,0,10,81,725,0,1376,73,0,682,594,0,33,203,738,0,220,7,231,0,92,0,108,0,928,0,76,0,43,4,54,0,19,0,0,18,22,0,30,0,88,0,115,0,0,0,0,6,0,0,84,0,0,0,6,12,22,23,0,0,0,0,0,0
157,62,2286,481,4,689,0,13,0,1850,0,0,0,630,3622,0,0,0,106,35,152,0,441,0,206,373,0,0,158,712,664,146,0,68,263,527,51,460,47,260,19,118,4,162,69,260,3,0,149,282,32,26,172,124,7,0,0,143,599,0,172,54,0,0,0,20,11,0,34,0,0,9,57,0,2,27,0,16
534,540,4301,2629,2971,799,93,48,26,762,82,4,0,1241,1364,0,8,0,266,61,1774,21,1466,914,600,289,20,617,128,517,407,286,0,414,0,2613,244,107,215,247,93,0,13,94,282,425,78,54,81,468,110,9,511,136,158,114,263,150,0,0,67,249,121,52,70,56,118,65,38,129,112,32,39,40,4,0,18,0
8748,17147,3892,1847,5196,8245,61,548,117,38,604,277,106,162,24,37,0,58,3920,55,314,814,0,15571,5709,13,13,0,97,11,0,57,0,0,0,0,556,0,73,0,95,0,39,6,237,56,0,0,0,0,14,3,0,0,237,0,56,0,0,0,40,0,25,0,0,0,0,0,0,0,0,16,0,0,0,0,0,0
427,549,8894,5488,74,7333,908,56,21,7332,0,30,14,3669,12880,20,24,24,317,147,170,63,2423,62,726,566,16,15,1207,2449,3194,715,1375,291,0,705,284,1643,144,471,67,414,8,1735,177,587,23,27,1579,362,344,9,455,55,60,247,119,483,323,1231,206,23,132,155,69,129,105,170,149,0,0,21,122,0,53,115,58,31
139,26,2281,118,34,1030,0,4,0,1804,0,0,0,64,542,7,14,36,10,3,22,0,16,0,105,591,0,0,198,614,448,645,0,2234,810,172,0,154,0,212,6,57,0,214,28,205,9,20,502,751,77,0,573,136,0,0,0,84,246,0,40,189,14,88,0,33,91,30,54,0,0,0,49,88,14,32,29,28
983,310,2759,1434,11047,11,41,222,0,969,147,0,14,475,267,0,0,0,118,77,4399,0,1817,360,82,1219,28,302,115,967,265,303,0,85,949,168,166,130,1710,456,47,38,0,147,270,374,752,128,0,239,831,0,49,53,76,0,16,62,0,0,84,0,1578,337,0,40,51,93,65,66,0,34,43,65,17,0,63,0
298,304,3960,1811,69,758,182,54,0,1389,68,3,9,680,1225,0,20,11,125,60,283,19,549,0,361,453,11,649,158,985,548,335,600,0,318,848,0,901,0,134,118,47,3,133,93,160,10,121,177,71,87,9,323,0,36,69,171,50,0,0,107,0,33,15,137,15,0,0,71,0,19,25,76,35,19,0,24,15
637,223,1753,3997,267,1405,304,25,0,256,51,20,0,692,1517,0,0,0,88,140,359,21,624,181,271,526,0,181,561,300,237,303,131,345,96,246,0,344,230,160,38,102,0,113,110,133,38,57,17,324,134,100,122,10,166,0,64,0,23,0,64,186,80,48,48,44,43,21,44,40,71,64,83,17,0,0,0,8
658,4238,1183,1979,3062,1986,1475,202,0,227,687,7,317,1304,2787,0,15,317,394,49,2153,11,962,592,277,119,143,206,640,85,259,189,852,422,0,201,193,345,623,417,427,0,90,100,275,307,253,30,0,199,100,345,60,87,106,162,160,0,0,0,0,161,151,91,0,18,54,151,14,108,151,46,0,0,6,0,4,28
2216,2564,10950,22672,9778,5188,170,139,0,643,142,101,45,1326,1080,0,34,250,1629,183,369,200,96,1277,1318,2235,119,1427,65,452,0,676,715,312,558,743,475,767,0,231,278,641,24,793,711,225,13,90,142,0,360,4,3723,0,284,215,43,70,0,0,210,431,17,90,99,9,5,215,80,22,197,104,0,0,13,0,0,18
766,296,3138,2271,57,372,92,33,9,525,23,23,29,671,1374,0,25,0,246,77,315,121,480,0,546,1084,5,292,47,465,519,466,1333,192,0,388,150,277,277,66,10,0,0,162,46,70,36,228,109,0,112,69,132,0,28,0,13,43,23,0,64,58,637,60,0,30,74,110,26,47,11,10,57,69,7,0,0,22
1265,2374,1728,3033,3665,1006,0,141,0,0,527,0,0,244,53,0,6,10,577,0,688,0,58,144,209,157,0,306,34,0,0,62,141,0,0,68,327,117,1420,25,173,0,12,32,149,0,130,0,0,0,37,0,0,0,156,0,0,14,0,0,0,0,0,0,196,0,0,64,19,0,40,31,0,0,0,0,0,6
568,1101,1493,3440,2245,1756,437,148,6,479,1717,33,0,844,215,10,34,88,152,80,1544,68,41,319,240,0,301,126,137,315,712,222,144,0,39,0,76,112,930,289,197,0,15,36,203,405,206,0,0,0,52,48,0,3,269,257,253,0,0,56,0,0,0,226,161,13,0,78,72,80,33,158,0,0,0,0,21,8
344,16,15008,13893,6,12023,153,90,11,5640,0,7,0,745,10,0,0,0,413,40,0,71,406,0,1938,149,2,0,290,1932,0,1495,222,472,0,0,452,231,0,162,0,591,0,1680,165,22,0,0,12,0,57,0,0,0,320,0,0,402,0,0,112,0,34,0,0,0,3,0,75,0,0,26,0,0,7,0,0,0
531,729,9480,8496,179,3788,377,62,17,4691,0,8,0,6566,2213,42,38,60,398,1180,353,24,3228,0,1021,1809,0,44,1506,3401,1844,2104,999,1156,915,703,185,2699,0,474,85,956,5,562,300,846,17,70,1600,926,799,144,159,45,132,0,0,254,233,0,141,207,233,105,89,147,107,242,186,0,10,0,294,206,38,85,0,35
561,185,2580,2818,93,692,176,16,0,125,24,14,0,309,3472,0,0,0,120,80,245,27,1634,54,351,1549,0,87,281,197,442,569,613,769,509,207,0,227,29,242,0,0,0,172,68,237,35,123,405,96,74,24,0,111,0,0,0,64,29,79,0,232,143,42,0,24,201,74,23,11,0,0,0,64,14,0,10,35
546,853,2752,725,2271,957,68,44,9,440,387,0,0,716,859,0,18,68,330,15,1964,0,847,81,245,357,193,255,387,462,750,282,193,178,94,580,226,379,911,153,287,0,20,176,179,232,58,9,0,0,122,141,130,119,64,229,303,0,0,104,0,104,56,177,121,0,55,222,45,70,63,74,0,19,12,0,21,0
354,274,6351,684,39,297,0,68,31,6541,0,0,0,3481,4235,0,0,0,156,10,154,14,4808,0,510,98,14,0,603,1168,4346,542,643,761,1640,565,100,2880,0,1017,110,428,7,308,165,524,127,18,1935,1937,393,74,177,7,19,95,0,381,596,648,225,0,119,68,64,0,171,84,64,0,0,25,557,74,26,112,17,61
667,1465,424,2956,1937,837,1098,104,0,1288,700,0,0,1457,49,0,0,53,269,46,1452,0,62,89,216,74,19,692,1964,96,0,125,278,0,0,12,161,303,797,25,518,0,10,57,87,0,241,0,0,0,92,28,0,0,123,0,599,0,0,0,0,0,0,44,0,84,0,0,37,52,118,83,0,0,7,0,0,0
636,2438,4602,1112,0,463,115,178,14,941,58,0,17,1290,133,18,11,10,512,41,1024,24,2776,2013,336,771,0,136,104,428,478,141,757,0,0,85,932,98,167,61,0,0,0,179,116,138,0,11,43,0,218,26,87,0,201,452,157,116,0,59,893,0,151,47,67,55,0,0,85,0,0,152,0,58,20,0,0,7
427,559,2623,2069,0,556,162,49,0,75,105,0,0,852,1406,0,0,0,185,35,376,0,1861,130,285,155,0,267,106,320,167,195,1020,0,0,154,101,64,140,135,16,0,10,121,105,328,142,35,0,70,78,56,142,374,18,249,57,49,148,110,45,139,124,111,0,70,0,57,0,26,92,21,0,0,12,0,43,0
464,410,4003,4250,8649,124,115,52,0,303,64,0,16,1843,2032,0,9,0,94,1685,437,0,199,755,128,2314,12,264,69,377,1496,401,755,188,226,108,127,186,547,148,174,0,0,251,138,71,63,55,0,966,275,27,45,1395,37,155,43,61,0,0,0,372,38,148,505,31,21,187,0,81,93,29,0,82,16,25,48,19
605,586,3531,5259,271,3557,263,52,0,631,37,71,0,641,261,0,19,20,216,250,539,81,230,0,637,507,7,207,285,406,1118,304,184,450,197,140,500,74,205,65,95,288,0,232,45,265,37,273,156,16,121,16,85,14,96,134,70,73,0,126,67,31,93,71,0,6,38,0,55,0,10,20,21,59,0,0,4,0
2506,3034,4449,3616,9003,2364,718,178,9,816,1046,75,50,2282,2609,0,27,50,529,489,3494,154,908,2212,787,338,35,248,629,719,660,431,0,913,0,719,480,347,201,251,347,0,22,288,253,565,160,158,0,744,302,198,530,531,247,119,692,251,150,119,0,460,143,108,0,180,160,202,0,104,110,80,111,78,17,0,7,12
480,1603,1974,2150,9257,890,534,84,0,533,1334,0,38,829,343,45,32,84,531,54,1478,26,318,131,414,220,12,73,336,104,0,105,120,185,160,193,288,87,177,32,442,0,30,58,65,171,174,13,0,407,100,4,256,135,58,342,78,50,0,54,114,83,32,107,135,41,17,0,27,46,67,25,0,0,8,0,36,16
934,650,3027,2929,116,3613,0,143,0,537,14,73,0,346,190,0,11,17,962,79,36,178,599,122,1740,624,0,159,187,155,99,395,172,323,58,30,363,39,20,296,4,878,0,245,81,90,6,37,279,0,109,0,37,56,5,0,0,40,0,0,147,88,42,19,0,5,21,0,0,0,0,0,0,59,10,0,0,16
405,1936,2939,355,920,951,71,150,0,615,205,38,0,120,150,0,0,0,528,14,673,70,346,196,557,382,36,50,78,164,728,38,0,696,381,1745,106,86,0,251,156,0,29,42,170,316,83,7,0,0,39,0,316,118,130,0,324,61,0,0,39,620,72,49,175,45,783,0,64,0,67,23,0,18,40,0,10,0
1217,1471,2753,6072,1829,821,1345,176,0,1585,132,0,0,736,1984,41,42,65,194,0,3614,0,0,0,407,1237,12,219,119,381,868,315,2082,0,802,654,393,363,1883,309,475,0,40,65,158,128,587,0,0,0,627,167,259,0,1097,1503,554,0,0,511,0,0,0,571,233,344,17,120,279,553,76,181,0,0,42,0,57,9
1227,1466,7957,3237,1343,14088,834,85,0,1670,199,148,54,3836,3303,12,0,65,492,160,698,92,3829,591,735,1496,12,877,851,1179,790,742,320,671,1503,245,527,750,276,475,172,0,9,984,190,385,157,382,260,1726,290,30,146,110,212,80,108,79,74,424,278,203,1374,145,0,37,239,412,102,257,98,61,196,79,10,84,64,12
576,740,2476,472,219,1412,285,36,13,2547,33,62,0,1698,713,24,0,46,156,20,1012,74,701,0,394,522,0,57,219,1121,975,341,0,405,286,517,70,396,0,194,13,50,30,399,213,474,5,2,519,117,99,69,172,7,25,347,19,211,94,115,46,0,22,0,0,148,58,27,42,0,0,16,97,58,15,108,2,20
7222,16891,4969,1882,5751,1302,341,1217,233,650,725,165,60,601,77,35,231,38,1357,46,237,393,350,83,3576,1623,92,1154,173,115,431,115,74,31,70,33,394,153,204,9,24,2021,38,13,175,0,0,31,13,0,16,12,0,7,125,0,51,0,0,0,117,0,10,0,144,0,5,0,33,0,0,0,0,0,0,0,0,0
581,300,5444,592,913,5147,106,47,0,3720,33,10,0,443,3210,0,13,16,324,15,189,14,1859,208,578,683,0,259,356,644,248,831,640,1109,0,107,161,82,48,418,103,113,0,269,120,463,30,34,168,0,53,11,74,340,117,0,0,96,0,180,125,184,86,66,0,7,171,88,116,58,25,22,24,96,0,83,29,0
2145,4034,16530,9519,1615,4387,206,69,95,9834,68,170,190,3025,6579,36,81,154,760,1085,605,249,991,235,1623,1666,29,192,137,1398,2701,1109,2145,375,764,2035,223,730,92,489,164,1038,25,544,518,892,0,43,1007,1040,251,97,3007,1385,579,0,47,71,26,483,413,1120,86,73,700,221,25,230,253,270,165,74,392,82,34,73,31,31
2438,4552,6626,8514,2905,1709,1686,297,22,1777,1987,130,0,1766,1613,24,71,55,815,394,7378,314,0,2678,1479,1035,236,2475,3289,311,274,694,1733,0,791,196,924,1050,358,423,912,0,52,185,849,333,971,0,0,0,676,130,35,25,929,1467,739,252,0,239,316,0,0,244,0,59,0,242,215,398,138,264,0,0,34,26,13,20
291,111,3818,1929,99,1073,55,24,5,2235,37,56,0,1115,433,8,0,11,83,109,28,79,369,0,240,300,0,60,605,845,416,275,206,179,75,341,26,1091,0,39,55,205,0,354,24,230,0,20,610,6,160,0,89,0,16,18,6,86,0,0,307,0,29,0,0,11,16,0,0,0,0,8,20,45,7,0,0,0
1083,1258,5536,3322,5725,9456,524,63,0,966,58,12,0,1162,2563,0,0,0,329,97,284,24,2333,1056,716,526,0,124,750,441,1411,1347,627,347,676,173,286,1880,47,545,90,1793,0,459,207,576,277,81,111,872,564,0,55,236,181,47,55,120,29,301,110,518,233,233,86,28,74,168,92,28,83,77,0,0,17,96,39,32
1435,628,15577,9472,576,9942,993,288,0,1828,0,10,0,1316,1223,10,17,0,622,89,2167,9,4333,1633,2963,1083,0,447,496,3208,1794,902,509,259,855,1749,753,1058,0,431,73,3131,16,606,539,796,3,55,1478,10,436,74,969,23,1032,288,297,404,0,89,408,9,217,116,612,167,35,84,238,0,55,168,210,143,125,0,28,21
700,227,3425,1502,514,894,241,32,0,1061,44,0,0,2280,1334,0,0,7,178,38,123,0,2348,158,328,493,3,52,173,1119,757,395,0,235,1288,175,0,282,54,187,32,109,0,335,94,208,31,28,155,294,236,17,50,166,25,0,79,91,129,77,0,52,148,43,0,7,46,89,0,61,0,15,66,73,11,41,0,12
713,282,3875,1488,1100,2099,61,20,19,915,37,0,0,2159,488,5,11,26,165,20,328,0,704,0,182,713,10,56,30,297,454,857,911,1360,435,202,136,74,0,913,43,580,3,149,443,313,84,41,149,260,290,2,132,1228,19,20,0,94,153,0,0,256,54,135,0,4,122,86,50,0,0,8,0,94,13,68,86,14
410,64,3885,2192,0,2640,168,0,0,5843,10,40,0,188,1166,7,0,0,133,161,0,65,59,33,448,895,0,36,199,726,1053,691,101,258,119,2640,105,115,0,209,0,59,0,454,121,303,0,0,912,333,125,0,292,1211,54,0,0,128,107,214,89,570,9,0,0,20,6,0,53,0,0,21,0,125,5,42,12,0
3051,7743,125,1510,1100,496,5027,447,75,46,1315,67,28,1487,44,57,75,205,526,85,1082,257,0,1197,741,0,15,341,1717,0,311,29,235,0,71,0,813,10,613,0,371,0,35,0,40,0,139,43,0,0,22,0,44,0,112,0,304,0,0,0,0,0,0,19,249,11,0,0,7,0,38,8,0,0,0,0,0,0
207,143,2755,890,0,996,0,13,0,3088,0,12,0,676,1392,0,0,0,63,50,374,29,334,0,428,660,0,11,151,728,618,340,0,185,291,267,95,247,41,224,32,180,0,274,79,187,0,17,90,170,55,35,129,99,27,0,0,96,164,0,187,21,12,9,0,59,11,0,60,0,0,25,72,36,6,41,0,0
225,58,3693,1844,63,2655,83,9,34,1408,0,26,0,377,249,0,0,0,79,153,90,15,895,136,302,53,0,86,64,349,798,240,0,454,0,1713,0,48,0,48,28,0,0,128,36,171,25,167,0,153,51,8,441,385,32,41,53,32,0,0,72,184,121,39,0,18,137,20,0,18,25,0,0,63,0,0,4,3
3286,8577,4046,1125,1076,4146,0,353,57,48,751,120,94,95,60,12,0,16,2632,0,270,354,0,4495,2035,35,12,11,156,0,170,52,0,0,0,0,155,0,178,0,194,0,28,9,177,61,0,0,0,0,24,8,0,0,276,0,122,13,0,0,15,0,21,0,0,27,0,0,0,0,0,30,0,0,0,0,0,0
1724,988,9545,3796,142,4650,1380,320,16,4504,0,69,0,2343,2601,106,150,153,490,102,721,152,983,261,1480,1398,36,0,897,2237,2616,396,873,325,0,952,416,656,118,855,35,2416,22,478,378,432,29,20,1186,176,267,13,682,13,112,201,104,546,196,292,207,23,54,12,0,72,37,127,91,0,21,34,66,0,23,69,36,27
73,5,1126,110,18,969,0,5,0,1230,6,0,8,0,703,0,0,10,15,6,0,0,17,0,74,161,0,0,111,367,426,425,0,1641,430,58,0,131,0,121,0,27,0,148,20,145,0,5,310,508,50,0,159,110,0,0,0,62,646,0,53,216,15,36,0,18,56,0,36,0,0,0,53,66,0,0,27,13
508,137,3807,1161,3265,1739,69,24,0,652,124,4,0,387,1195,0,6,11,282,36,704,20,824,440,498,581,0,189,142,617,462,280,0,39,587,333,251,211,709,274,78,107,3,126,108,329,212,57,0,586,178,0,124,21,118,0,34,37,0,0,37,71,716,251,0,36,12,60,17,73,0,31,78,74,14,0,13,4
712,1328,2390,1382,630,434,185,59,0,597,221,0,15,611,266,12,49,29,267,68,514,37,281,99,255,496,9,800,106,519,329,87,430,0,253,170,192,200,113,65,181,214,8,90,47,84,148,203,122,21,96,16,79,4,121,170,173,39,0,0,66,0,62,30,238,13,0,27,54,11,51,33,43,23,8,0,8,0
936,276,2580,5254,523,2017,307,59,13,693,47,0,14,1596,1691,0,0,14,112,97,689,0,1315,229,259,1486,0,215,761,651,528,651,385,1155,373,148,0,302,550,374,38,275,0,159,222,582,128,66,46,274,168,32,67,35,153,0,158,0,261,0,0,482,143,114,0,42,153,169,44,120,43,99,94,49,14,91,0,21
2239,9795,863,1977,11595,3724,1470,283,0,217,1079,44,225,1015,1008,0,0,668,987,52,3678,150,236,1744,671,119,269,195,725,15,0,139,473,186,0,135,552,103,370,215,773,0,99,82,167,202,383,15,0,134,79,81,0,38,152,100,183,0,0,0,59,155,38,97,0,27,25,108,0,61,103,0,0,0,0,0,0,14
714,1323,7284,8321,2060,1127,152,84,0,136,96,9,18,518,402,0,0,81,489,77,355,30,214,712,653,1197,43,1041,91,443,0,109,317,40,266,125,169,133,29,184,295,175,0,208,623,193,13,70,0,0,75,0,518,0,264,74,12,29,0,0,151,117,23,32,95,0,0,115,95,22,44,86,0,0,3,0,0,0
2029,242,9408,6866,272,4076,201,66,23,2039,0,83,45,1068,2750,0,41,22,568,130,464,267,2178,161,1641,2074,17,226,120,1447,1229,1640,3304,1416,0,1171,313,293,344,370,58,0,0,525,216,615,112,445,1597,0,162,30,305,53,63,0,38,157,109,0,78,731,2792,145,0,144,270,161,0,165,27,24,248,196,20,0,6,34
758,1096,5299,9832,530,1917,0,79,0,221,109,15,0,525,23,13,18,31,642,149,488,32,61,620,486,596,0,57,92,183,0,124,151,0,0,66,366,197,187,45,50,0,0,56,223,139,60,0,0,0,21,0,0,0,68,0,0,68,0,0,57,0,0,0,103,0,0,110,17,0,39,12,0,0,0,0,0,0
477,536,2502,4942,463,2137,424,82,0,614,952,52,22,741,533,30,28,125,127,176,963,90,96,135,223,0,306,103,159,431,446,260,221,0,51,0,0,238,427,376,212,0,8,118,166,399,215,0,0,0,81,17,0,0,327,164,126,0,0,92,0,0,0,240,139,27,15,112,37,75,91,211,0,0,5,0,37,18
120,10,6107,5879,0,4356,119,73,0,3146,0,28,0,457,0,0,0,0,470,173,0,6,58,0,1884,87,0,0,57,372,0,498,132,167,0,0,237,36,0,44,0,993,0,487,141,27,0,0,0,0,26,0,0,0,219,0,0,109,0,0,163,0,0,0,0,0,6,0,49,0,0,0,0,0,0,0,0,0
178,50,7475,1390,0,9465,204,23,0,2118,0,30,0,1390,685,0,0,0,59,162,42,21,2226,0,1786,136,0,3,1391,1965,860,1331,337,1295,316,449,0,1019,0,643,22,604,0,268,61,419,0,36,1486,290,238,14,58,0,20,0,0,86,177,0,40,202,125,3,0,21,254,97,44,0,0,17,195,142,7,119,0,13
421,69,2268,3027,59,1711,132,9,0,173,0,19,0,387,4699,0,0,0,75,79,81,37,2100,87,310,1014,0,86,319,245,637,518,518,503,393,189,0,135,22,337,0,0,0,296,57,308,22,101,742,183,60,27,0,77,0,0,0,66,59,99,0,595,169,42,0,30,153,114,0,27,0,7,0,88,7,0,27,20
935,877,6108,1861,1433,1684,194,67,11,988,207,28,13,1304,859,28,20,0,613,57,622,88,2013,157,655,773,0,155,812,757,594,658,154,939,0,388,188,551,433,137,174,0,9,302,170,169,4,30,0,0,86,13,98,93,76,137,222,0,0,81,0,45,136,44,60,0,207,374,33,47,45,51,0,21,3,0,0,0
432,195,6466,1846,0,320,0,42,16,2009,0,0,31,3304,1075,0,11,12,114,89,142,128,6485,0,584,808,10,0,902,1697,2180,648,581,320,1301,743,173,993,0,1367,68,153,20,498,240,336,70,81,2645,1842,404,16,202,9,36,129,0,221,380,168,237,0,370,0,0,2,162,71,99,0,0,0,153,60,7,154,8,140
570,1582,848,1990,2524,502,781,43,0,980,708,0,0,1043,89,0,0,76,117,94,1850,0,155,102,207,0,111,307,1457,125,0,90,190,0,56,9,125,226,513,51,221,0,10,43,139,0,145,13,0,0,56,21,0,0,97,0,507,0,0,0,0,25,13,86,0,45,0,0,31,67,71,38,0,0,7,34,3,5
1020,2534,4919,1309,40,1723,55,209,21,973,110,43,15,2064,208,7,15,0,930,75,1095,134,1874,1554,968,927,6,339,101,463,658,216,773,37,0,110,1289,227,135,55,6,0,3,459,155,214,0,32,86,0,260,21,67,0,235,284,411,208,0,89,686,7,115,62,106,126,17,86,100,0,0,111,0,48,41,0,0,7
1435,952,13694,14752,0,10024,505,93,0,743,152,40,0,4081,7865,0,15,0,317,325,1491,36,8723,490,479,593,11,407,532,1983,1043,1456,4853,0,0,1181,379,671,429,512,139,0,17,501,245,1404,386,441,89,301,594,162,1180,703,123,801,348,254,561,896,156,508,724,311,0,128,0,228,78,170,228,73,91,0,40,80,190,11
2303,973,9526,12980,9859,582,150,93,17,173,26,0,42,7083,5627,0,0,0,119,923,255,142,228,3128,502,2809,11,390,105,136,2081,1105,1196,813,383,141,504,383,423,99,292,75,0,682,99,316,110,263,0,1114,266,5,80,561,123,79,31,107,59,0,193,585,104,68,361,0,58,267,39,124,69,0,0,125,13,18,158,0
406,380,3735,5233,334,1493,196,46,0,977,0,66,0,878,290,39,38,73,123,270,614,89,244,0,326,589,0,193,227,546,881,278,148,178,223,178,251,208,81,114,63,469,3,295,128,226,11,272,205,10,155,0,95,23,64,62,55,122,0,176,65,0,106,65,0,22,18,32,50,0,23,11,0,26,16,0,3,0
217,187,1090,821,208,1194,171,25,0,244,88,0,11,521,846,0,0,7,75,200,321,13,539,109,169,301,10,0,115,383,202,120,0,427,0,242,0,172,90,222,51,0,0,108,57,149,41,37,0,208,49,99,99,416,27,36,101,39,120,57,0,342,53,49,0,34,100,0,0,18,49,16,50,36,9,0,6,0
2212,5198,3351,3538,15536,4946,580,343,0,1182,1306,101,99,914,513,150,198,304,568,56,2277,217,796,133,848,416,47,72,569,172,673,164,445,586,516,959,381,130,385,272,429,0,91,142,253,104,345,29,0,698,163,15,807,303,131,729,126,32,10,83,87,115,72,302,138,52,50,47,0,144,125,46,0,0,17,0,87,22
193,61,3171,919,28,3007,0,30,0,475,0,9,0,424,1142,0,12,6,163,18,23,18,1210,42,311,1037,6,24,291,505,0,636,898,901,409,106,120,199,0,1312,11,438,3,648,137,248,8,19,354,0,193,3,44,242,19,0,0,137,86,0,267,176,69,125,0,33,133,0,112,0,0,0,0,55,19,29,14,21
1194,9238,4764,1878,6563,2516,140,270,12,1056,1722,60,17,540,396,0,0,0,1545,21,1846,119,314,1085,1448,792,93,291,163,95,1780,122,0,645,491,4867,1199,207,0,141,521,41,204,84,490,212,158,6,0,14,95,0,771,356,327,0,510,19,0,0,123,300,60,43,773,97,611,40,88,0,156,62,0,14,6,0,0,0
2381,4869,5930,17606,7986,2917,2501,309,0,2467,335,105,26,2422,1804,55,53,84,716,311,2911,112,0,0,741,4469,17,387,145,212,2427,320,1828,0,766,908,731,464,1289,319,980,0,85,129,290,323,546,0,0,0,869,75,343,0,2330,1964,641,0,0,493,0,0,0,439,263,306,0,213,235,727,84,188,0,37,24,0,41,29
1789,3483,10287,4070,1019,2657,1361,120,8,927,104,60,33,2717,1343,7,0,23,511,115,1761,119,1778,2511,611,1146,13,976,670,1289,477,438,209,186,1197,268,855,515,107,285,81,0,20,322,213,315,59,246,327,1066,146,39,238,61,90,0,96,65,23,264,279,119,493,32,0,0,46,153,49,52,62,41,128,35,3,0,12,0
328,316,4103,852,84,914,584,35,0,2833,4,13,0,1292,368,0,0,0,72,60,988,20,580,0,500,358,0,0,384,1391,1387,445,0,377,299,110,72,93,0,81,0,33,4,289,188,143,0,12,698,27,60,8,0,0,34,300,43,115,26,0,124,0,21,0,0,8,76,33,73,0,0,11,0,43,0,62,0,15
2087,4768,787,291,479,347,38,1067,23,280,510,43,34,372,43,32,68,21,283,16,214,155,133,0,573,355,10,296,38,53,801,39,0,0,47,0,158,55,122,17,16,95,15,0,62,0,0,0,0,0,11,0,0,0,45,0,78,0,0,0,0,0,0,0,0,0,0,31,11,0,0,3,0,0,0,0,0,0
212,171,3071,222,246,2093,56,11,0,2762,13,45,0,648,1020,6,0,20,118,26,159,39,497,108,238,281,2,39,233,410,0,331,343,360,0,50,0,144,33,92,28,46,2,121,28,99,8,22,79,0,27,4,47,82,15,0,0,32,0,129,77,46,22,26,0,7,55,40,29,13,10,3,0,27,0,33,7,0
970,787,15803,6790,850,3356,164,79,0,6523,21,62,49,2686,9418,0,0,0,403,283,818,254,1374,117,2363,1168,11,42,201,1603,3508,1204,2354,645,768,1502,186,551,129,909,95,856,20,380,345,934,6,29,1729,2352,192,187,2522,2106,377,0,21,134,104,379,148,2630,83,122,544,168,35,165,136,436,27,81,397,72,28,85,15,21
2886,5650,7665,3673,6864,2224,2328,684,109,553,2283,112,17,1537,957,9,39,94,1539,174,9807,192,0,4305,1561,87,137,3431,5113,292,288,361,1692,0,736,245,1070,940,576,313,712,0,33,184,687,219,777,0,0,0,441,63,45,19,471,2960,581,84,0,172,405,0,0,196,0,50,0,235,196,372,213,249,0,0,55,0,0,13
590,179,7053,5798,191,2853,89,35,0,6010,0,27,0,1694,3634,0,0,28,141,377,47,55,1653,0,437,1213,0,70,1717,2304,505,647,1540,1010,683,2853,0,2785,0,298,103,464,0,1130,235,512,0,79,1222,329,595,0,642,0,32,53,0,164,12,516,568,0,297,147,0,53,99,0,81,0,0,0,368,163,24,36,74,0
622,67,8471,3800,385,9857,422,24,0,3258,0,9,16,1063,4992,0,11,0,86,80,151,8,4260,109,507,936,0,59,1547,2926,3117,3181,1369,1587,1348,265,139,754,28,1074,26,320,0,885,175,508,183,81,460,2724,435,0,44,1512,68,0,0,204,632,621,64,1202,385,407,0,0,270,110,128,19,46,0,0,0,22,201,54,8
789,403,11801,5841,613,5552,774,91,0,1232,0,17,12,2359,2486,0,28,0,258,113,1971,56,4489,1000,1342,709,0,197,367,1535,2633,651,231,56,410,4180,321,1862,0,330,46,1865,69,287,591,996,0,42,2149,14,208,626,2444,27,463,1979,335,426,0,137,224,25,196,32,522,111,26,0,165,0,71,148,375,129,20,0,43,21
958,111,5167,1087,124,1905,244,50,0,1255,18,0,0,2548,3842,0,0,8,54,9,358,0,4572,123,324,275,9,11,329,1614,994,654,0,465,1682,562,0,602,158,1034,41,64,0,557,154,285,12,25,332,417,396,227,209,397,18,69,124,167,486,169,0,300,131,53,0,81,149,0,93,162,13,14,180,112,11,98,20,12
1871,3203,7556,7075,10167,7136,393,200,22,2708,284,34,94,4389,1224,0,69,90,835,80,1428,72,502,0,2121,1023,24,325,61,497,1260,1272,1861,1768,906,473,690,291,0,1241,216,1219,8,352,516,746,464,29,99,256,361,0,307,617,158,313,36,144,178,0,111,561,26,306,0,16,53,311,108,194,97,56,0,110,19,64,212,16
788,317,4969,3993,0,1323,311,61,13,3624,0,54,0,428,1483,24,23,35,518,91,16,95,0,88,818,715,0,168,190,451,366,482,223,104,279,1706,497,363,0,118,11,385,0,206,80,307,2,0,785,239,77,3,209,84,97,0,0,93,0,236,128,134,0,9,0,60,0,50,42,0,0,39,0,50,8,36,3,0
1130,1949,978,957,961,1363,2922,213,0,374,591,28,0,455,1581,0,0,117,289,15,1040,116,255,486,672,0,79,0,692,66,614,296,1082,244,271,94,119,74,922,277,164,0,35,33,175,103,171,31,0,401,30,25,235,111,160,0,213,0,0,0,0,380,45,110,0,33,148,43,0,100,137,54,0,0,3,0,17,0
418,49,5984,4148,18,1491,0,6,0,8153,0,8,0,2032,6213,0,0,0,70,187,634,21,1355,0,496,2592,0,29,372,1865,2892,1074,0,425,1625,1256,0,895,146,1213,65,130,0,617,236,893,0,46,436,1730,174,81,545,648,39,0,0,344,1462,0,268,312,96,58,0,88,43,0,144,28,6,69,203,0,23,117,5,48
2055,7111,12364,5483,1529,4361,1229,376,83,1905,721,130,0,2333,45,0,20,0,1876,1483,3135,306,487,3644,3035,1142,0,3306,648,334,842,149,0,452,0,480,1270,83,168,30,165,0,45,106,206,101,219,196,12,15,82,0,65,0,284,119,248,25,10,0,450,0,63,48,249,24,160,0,33,0,50,34,0,26,13,0,0,0
2322,8633,2805,428,901,2054,0,374,48,43,423,116,38,404,0,0,0,0,1447,0,167,324,0,4799,1484,47,0,0,29,0,0,35,0,0,24,0,235,0,131,0,23,0,27,0,43,0,0,0,0,0,0,6,0,0,25,0,36,0,0,0,0,0,0,0,0,0,0,0,0,0,5,5,0,0,0,0,0,0
147,35,1568,779,0,534,181,26,0,856,27,0,0,759,1176,5,6,0,67,20,292,0,160,79,142,277,7,19,231,468,1043,85,487,38,0,262,82,312,165,99,25,180,0,144,81,202,37,0,87,86,50,37,201,0,57,327,54,162,44,154,43,8,0,29,0,24,4,43,15,0,25,17,0,0,11,11,47,0
331,49,6229,191,41,12894,0,27,0,6626,0,41,0,605,5271,11,44,120,97,31,0,52,36,88,382,2747,5,0,464,1914,1206,1453,0,2730,1733,42,0,1994,0,1148,27,161,0,860,57,1065,13,0,1345,674,163,3,130,13,24,0,0,240,3091,0,153,969,28,201,0,59,115,94,245,0,0,0,91,82,17,117,218,64
171,50,3042,1043,509,1868,64,17,0,1076,20,0,0,388,331,0,0,10,107,61,215,0,1376,143,261,428,0,89,124,931,271,436,0,48,576,185,83,182,153,254,25,39,0,185,43,218,82,97,0,537,218,0,60,269,21,0,17,45,11,0,0,123,1139,151,0,31,18,56,23,55,0,0,36,99,0,0,24,11
714,1718,4618,1134,1921,1173,357,112,0,1052,147,7,12,823,311,11,29,0,337,35,962,21,296,107,479,108,8,1024,174,620,661,250,493,0,339,387,181,537,243,84,264,170,0,76,117,51,80,220,147,51,69,32,136,0,102,314,165,85,0,0,113,0,49,16,134,23,0,26,23,36,97,38,54,15,0,0,5,26
1137,137,2906,4555,118,3231,259,72,0,743,0,57,15,1591,2571,0,0,0,233,249,1323,58,1378,218,152,2776,0,180,884,977,279,1158,420,1522,457,542,67,313,510,766,13,401,4,299,355,746,41,165,43,986,440,117,208,34,257,0,177,0,134,0,87,809,160,145,0,126,229,175,84,134,71,175,140,56,11,138,7,35
455,1922,430,908,1743,1155,749,124,0,178,565,0,387,478,1755,0,0,257,150,20,1531,0,318,277,221,117,381,0,313,17,0,119,433,214,0,132,59,140,247,418,314,0,51,63,291,90,131,12,0,718,52,33,35,0,65,57,74,0,0,45,0,211,86,64,0,19,50,74,0,57,96,22,0,0,6,0,9,4
4530,10475,10681,16184,11106,7236,1669,512,0,355,657,179,212,2200,481,0,64,1607,2959,144,2625,268,144,3903,1917,0,288,3618,774,207,513,202,1329,0,1069,339,683,516,220,178,1102,406,28,143,557,85,628,575,0,0,257,32,1186,0,764,518,112,15,0,0,509,98,12,130,657,31,0,202,120,298,199,228,0,0,16,0,11,12
679,135,4358,3320,64,1422,135,33,18,770,28,27,30,764,1092,23,17,32,226,100,55,103,571,100,492,755,0,263,73,798,425,636,1349,222,0,513,100,272,61,57,0,0,3,186,125,157,14,227,391,0,207,5,164,15,18,0,4,55,25,0,61,36,654,53,0,30,54,73,49,0,0,12,92,57,15,0,0,0
4831,8854,4014,10575,5230,1480,0,526,0,112,1614,0,0,881,11,32,55,50,2345,35,909,120,62,104,870,1108,16,966,63,79,0,106,31,0,0,77,1331,252,164,23,37,0,26,84,264,197,36,0,0,0,32,0,30,0,139,0,0,6,0,0,225,0,0,0,241,0,0,48,9,0,29,58,0,0,6,0,0,0
380,247,2992,2677,252,4625,144,52,0,1075,322,64,0,502,1176,0,29,55,182,81,317,78,104,367,336,620,18,79,101,619,526,664,250,121,78,6,0,182,115,381,61,0,6,138,181,383,49,15,0,0,130,15,0,0,169,0,71,0,0,177,0,0,6,147,0,107,28,43,0,55,22,107,0,0,12,0,45,20
790,65,8817,653,0,13692,201,262,196,3365,0,275,19,625,0,0,0,0,516,24,0,185,53,0,2491,0,14,0,135,198,0,98,0,92,0,0,288,11,0,26,0,4218,0,481,18,9,0,0,33,0,5,0,0,0,20,0,0,42,0,0,254,0,0,0,0,0,10,0,16,0,0,0,0,0,0,4,0,0
342,261,2682,1982,0,3012,102,14,0,1076,7,14,17,1382,1332,0,0,0,80,217,161,20,1197,0,583,417,0,0,580,843,291,812,333,1194,341,501,0,393,0,606,0,201,0,109,130,270,0,59,437,231,214,12,71,25,17,0,0,62,305,0,0,135,118,24,0,47,223,93,0,0,0,19,146,93,5,51,0,15
574,488,1869,2518,224,1316,140,19,0,187,9,42,0,479,1581,0,0,0,153,59,187,82,1062,117,254,1582,0,117,171,183,257,396,515,450,346,142,121,165,13,313,0,0,0,254,126,267,63,89,375,139,116,73,0,267,45,0,0,78,89,0,0,288,111,68,0,0,82,90,42,22,0,28,0,82,15,0,19,18
2368,1229,15236,3272,5724,11226,292,303,43,2293,319,79,42,3620,2526,21,101,95,1438,42,1427,215,4896,660,2625,1046,16,596,1659,1933,1183,1873,745,1528,266,673,767,1360,1076,189,299,0,30,909,332,341,34,15,0,0,255,28,146,106,128,273,550,0,0,360,0,97,143,162,158,0,241,836,96,120,128,130,0,39,31,96,9,0
689,152,5459,7118,60,2566,0,54,24,4274,0,28,17,2255,2266,0,33,0,201,272,0,60,763,84,433,184,0,0,840,1054,5577,1247,297,457,814,832,0,1086,0,377,76,230,0,429,39,378,27,56,1974,1183,271,8,213,0,26,22,0,144,140,274,139,0,54,0,0,8,68,83,113,0,0,0,289,98,0,142,18,32
849,1881,536,1112,1375,840,514,50,0,913,721,0,17,366,80,0,0,213,302,21,854,0,115,135,226,71,28,697,1166,217,199,151,110,47,49,28,140,67,227,79,192,0,11,40,102,8,135,16,0,0,54,21,0,0,132,0,221,0,0,0,0,37,7,71,0,27,3,0,26,49,38,38,17,0,9,0,0,6
669,1407,5496,1248,0,1569,111,62,0,1362,29,46,13,1237,241,12,0,22,402,55,340,108,2576,1239,668,657,6,56,113,713,474,224,344,150,0,110,495,234,0,53,0,0,0,354,75,141,0,38,159,0,130,9,78,7,208,92,173,147,0,151,561,8,167,0,0,27,37,0,101,0,0,48,0,31,9,0,0,6
244,199,3970,3646,0,1837,133,29,0,415,54,20,0,768,2048,5,8,0,66,90,90,12,1067,112,149,177,0,85,133,382,261,253,588,0,0,209,71,148,67,85,36,0,0,145,46,292,12,68,42,121,82,6,212,104,14,94,30,0,22,223,0,41,93,37,0,6,0,128,0,16,24,0,0,0,7,0,20,0
659,130,4771,3934,2524,131,86,33,0,152,8,0,21,1446,2261,3,8,0,133,386,49,0,74,924,229,731,0,140,110,229,634,514,440,352,115,54,147,572,177,63,76,119,0,131,62,170,23,81,0,472,92,0,44,317,0,0,29,67,0,0,139,79,22,50,56,0,20,0,14,34,16,0,0,37,11,27,41,0
488,943,5030,5360,215,1659,272,38,0,650,20,23,0,1839,319,7,9,18,117,252,356,56,269,0,520,666,0,220,335,658,880,258,137,134,186,125,265,295,84,66,21,396,4,276,110,73,30,220,304,0,246,11,73,0,33,69,19,93,0,240,101,0,65,37,0,19,31,59,32,0,26,20,0,32,7,0,0,24
1633,1228,4902,7995,4828,4709,987,142,15,1658,652,60,54,1799,2966,21,20,65,500,1265,1443,124,2430,537,564,283,18,154,660,1322,1236,782,0,2247,0,1372,177,275,160,633,209,0,0,491,245,729,279,348,0,2064,306,203,659,2855,198,131,352,152,128,172,0,1493,307,255,0,176,479,171,25,133,223,83,182,124,36,0,19,18
351,530,1933,1212,2294,1427,204,25,0,828,236,13,71,540,695,24,16,94,77,47,660,27,1135,0,144,239,8,0,225,141,228,231,296,912,345,331,0,89,120,249,196,0,18,65,111,158,138,51,0,1678,45,37,543,853,39,211,86,54,26,140,0,200,111,168,0,31,167,78,0,78,83,12,0,0,11,0,127,7
1751,3691,8703,11860,1778,7388,86,242,12,2083,0,20,37,2178,671,6,48,59,1397,145,1572,129,1588,280,1148,3061,22,1254,361,1196,471,1097,1884,1073,883,378,444,852,700,455,72,2670,13,953,406,230,291,66,56,0,538,87,326,324,63,0,0,109,0,0,496,165,107,467,0,31,65,232,74,92,13,0,0,144,66,0,14,37
4013,14408,10387,5342,9279,6251,714,1427,17,2182,1836,107,53,1149,1056,0,0,28,3654,157,4655,218,1086,1033,2854,927,140,483,514,379,7576,246,0,1160,1958,11311,3657,571,0,364,1534,58,139,387,809,1124,611,74,0,21,279,0,1951,550,1170,0,2036,92,6,0,299,2810,190,347,1411,287,2087,95,360,0,380,336,0,56,152,0,67,17
1482,5892,7497,21230,7865,1882,1057,202,0,3560,209,0,32,1975,2367,38,17,53,283,384,1869,36,47,0,822,4320,0,231,226,265,1384,451,1600,0,538,1851,469,545,135,540,366,0,53,167,570,206,263,0,0,0,406,100,837,0,1352,340,440,0,0,657,0,0,0,286,258,175,33,91,202,431,37,171,0,56,17,0,31,51
719,591,4921,1647,672,4548,426,35,0,1239,151,13,55,1594,1526,0,5,15,312,36,564,43,3253,314,344,954,11,311,552,993,638,808,202,593,1265,284,284,206,183,551,100,0,0,565,130,500,50,196,253,1067,78,35,161,480,77,0,113,100,90,318,112,546,1131,62,0,45,219,100,66,114,39,33,191,69,0,45,45,8
1970,1013,8814,8753,455,8688,1329,97,18,2930,0,196,0,3756,1339,36,26,0,989,640,1260,208,1129,339,1255,1994,0,198,802,1998,1271,1414,0,1723,651,298,336,250,0,229,18,254,26,926,363,529,6,128,1128,91,171,43,73,8,129,473,161,252,40,201,359,0,165,0,0,135,232,135,154,0,0,0,0,108,23,140,6,28
3675,2777,1401,181,674,635,262,502,189,201,83,177,345,267,233,44,125,93,453,82,46,67,0,0,1916,71,33,17,156,48,191,51,25,0,0,42,101,143,180,52,11,120,19,13,77,0,2,30,0,0,20,21,0,0,84,41,32,16,0,0,0,0,1,0,0,25,18,0,8,0,0,0,0,0,0,0,0,0
1495,567,12211,1672,826,6555,180,77,0,7778,0,179,0,721,6196,9,38,55,891,111,730,259,1637,645,1724,1021,22,210,565,1084,826,1096,1055,1677,0,503,648,269,151,202,98,221,0,286,251,338,0,64,159,0,43,77,302,211,143,0,0,121,0,774,231,141,140,74,0,38,247,144,133,100,0,38,45,60,10,120,14,26
612,385,6836,3407,208,3292,0,38,0,7779,0,30,31,4314,5851,17,0,17,233,189,116,54,417,145,1163,976,0,57,100,823,3415,1203,854,399,287,398,0,733,0,382,26,705,5,478,189,768,0,11,1120,1168,129,72,588,195,131,0,0,63,912,242,102,357,19,7,89,63,22,213,102,35,7,0,210,56,0,136,10,29
812,3999,2232,2014,2318,934,452,122,0,369,1460,6,0,838,922,0,16,9,409,64,4485,51,0,1171,530,111,130,1231,1121,103,104,214,623,0,290,119,449,519,275,220,357,0,14,60,368,50,372,0,0,0,165,82,41,0,143,1115,295,82,0,206,170,0,0,49,0,33,0,36,51,158,109,85,0,0,0,0,0,12
184,91,3943,2657,117,1433,0,20,0,2558,12,17,0,841,758,0,0,7,90,331,89,35,357,0,496,525,9,33,880,839,197,273,563,516,202,1062,105,1912,0,98,35,351,0,494,127,237,0,56,474,132,187,0,218,0,39,18,0,90,5,178,335,0,71,102,0,23,48,0,37,0,0,16,117,29,0,0,27,0
1133,925,2437,2449,2408,2537,238,54,0,762,218,0,0,418,1738,0,10,8,332,62,440,0,1591,442,214,474,0,271,273,650,1035,885,678,571,720,108,286,514,79,403,21,450,0,120,135,150,119,41,26,1158,168,2,32,230,77,114,49,77,126,118,54,265,161,208,135,13,118,37,32,19,44,38,0,0,0,35,8,27
769,189,6507,3126,0,3562,343,63,0,1200,0,1,0,869,168,15,8,32,171,56,453,8,2449,1230,1339,763,0,21,325,1614,893,682,205,205,410,145,172,679,0,291,0,2557,5,251,683,416,0,38,912,0,166,3,67,38,53,49,37,186,0,0,349,0,107,11,0,173,40,0,222,9,0,82,79,48,5,0,31,17
2202,1840,9745,3986,1233,3017,614,109,15,2715,276,12,72,6893,4000,0,18,130,339,91,3596,41,13007,304,428,820,67,129,547,2920,1650,1162,0,906,6973,1076,0,1162,1434,813,160,181,30,1301,634,648,228,121,476,677,765,195,264,722,86,827,532,209,206,157,0,277,766,340,0,102,341,341,80,381,89,72,352,170,17,115,18,23
226,205,1468,979,1371,97,50,15,0,507,53,0,15,828,1059,0,0,12,27,10,845,0,124,0,71,826,49,0,0,259,411,582,919,588,456,69,58,57,0,1465,37,94,0,55,308,154,37,14,11,158,329,5,49,761,10,272,8,25,56,0,0,137,18,114,0,15,18,41,0,113,28,12,0,97,13,85,45,10
551,181,3219,2562,0,449,125,20,9,2190,0,11,0,336,1755,9,0,10,271,231,0,11,0,33,323,307,0,80,107,391,400,355,288,79,318,2114,334,232,28,59,0,90,0,148,68,160,0,0,387,157,83,0,347,164,40,0,0,63,9,336,89,146,0,3,0,39,0,27,24,0,0,15,0,54,0,0,0,16
375,1893,138,671,3802,413,887,26,0,169,583,0,0,354,315,0,0,58,150,22,1128,58,26,190,135,0,41,83,308,21,329,89,793,46,223,95,36,55,1347,63,229,0,23,14,158,9,92,41,0,49,17,29,200,23,68,0,165,0,0,0,0,51,10,70,0,41,24,0,0,33,85,23,0,0,0,0,11,0
761,325,6022,1994,21,761,0,16,0,6600,0,0,13,780,7093,0,0,0,36,100,2206,33,1072,0,583,931,0,76,228,2747,760,637,0,122,782,2157,0,1705,1364,911,17,59,11,500,297,243,26,74,184,2323,128,52,981,193,148,0,0,214,991,270,131,19,55,134,189,107,31,0,163,60,33,68,344,30,8,95,5,19
177,198,2585,790,59,1808,43,51,14,2252,18,9,0,349,25,0,11,9,414,111,145,15,233,411,624,282,0,195,58,380,486,212,0,399,0,435,40,98,0,39,31,0,0,203,73,200,63,50,115,22,80,5,44,8,186,0,79,40,0,0,171,13,24,45,0,19,73,0,22,0,0,13,0,49,7,0,0,0
6584,11236,6716,957,808,9260,0,402,126,38,54,253,56,207,21,0,0,0,2963,0,137,764,0,9528,4514,9,0,0,112,10,89,50,0,0,0,0,418,0,69,0,88,0,25,0,183,32,0,0,0,0,23,3,0,0,128,0,127,0,0,0,0,0,25,0,0,31,0,0,0,0,8,0,0,0,0,0,0,2
331,387,4608,4370,0,4577,538,65,0,1281,19,24,18,651,2021,0,0,13,260,115,59,18,285,230,1007,107,9,9,258,375,1106,168,352,18,0,159,148,189,57,78,48,516,0,411,90,132,15,14,165,67,114,9,116,0,80,99,137,89,10,0,132,12,30,50,0,22,11,125,32,0,0,21,0,0,14,21,22,0
124,26,1035,168,0,727,0,0,0,1257,15,0,9,0,3625,0,0,0,18,9,124,0,9,0,63,343,2,0,64,454,199,434,0,974,791,31,0,232,0,458,0,24,0,142,109,196,4,12,242,272,62,26,165,74,3,0,0,53,641,0,42,138,12,54,0,42,40,0,46,0,0,7,93,65,0,66,20,15
514,466,2382,1276,5328,1111,38,18,0,921,36,25,13,247,264,0,13,0,173,40,446,67,1272,350,304,861,0,237,98,442,84,392,0,45,886,235,267,27,105,189,12,243,0,41,238,136,61,116,0,1006,165,0,55,440,0,0,7,16,8,0,46,31,1163,161,0,0,12,0,18,19,0,6,0,40,3,0,13,0
516,1005,4710,1733,241,748,239,39,0,1511,145,0,16,1335,536,17,22,35,257,105,616,69,312,0,386,995,0,411,137,1360,613,214,751,0,447,929,78,554,0,71,71,38,0,183,148,202,15,283,227,88,163,0,438,0,92,134,187,66,0,69,166,0,80,16,153,6,0,70,84,15,25,42,135,24,0,0,7,0
897,810,2153,5612,1060,2806,281,98,0,631,119,0,33,1034,754,0,8,11,232,17,1165,0,723,455,345,834,24,316,613,355,230,455,208,551,207,424,163,203,1267,223,75,642,30,108,273,456,56,5,34,999,170,66,175,47,219,0,367,12,0,0,78,220,30,98,115,43,24,100,69,67,126,117,124,14,13,0,6,0
2399,4309,1381,2559,6749,7723,2963,310,0,970,1241,140,104,1577,2002,0,8,258,1191,85,6169,130,843,1312,858,1010,351,0,1260,15,380,425,1020,472,0,188,285,212,692,503,633,0,138,207,382,548,641,148,0,512,155,139,48,58,494,140,374,0,0,0,83,383,217,214,0,33,137,145,24,161,232,103,0,0,13,0,14,24
340,455,2804,4600,2404,1003,110,55,0,103,101,4,13,474,556,0,28,253,288,66,585,15,117,360,351,170,89,337,67,131,373,218,870,35,741,373,93,419,63,213,430,81,0,158,257,104,99,148,0,0,175,120,1163,0,163,210,105,24,0,0,68,197,26,237,127,38,7,149,43,145,143,53,0,0,14,0,4,6
529,184,3434,2781,146,518,123,27,0,363,15,0,12,611,320,0,0,16,212,123,314,17,464,105,429,725,0,195,57,354,557,353,831,75,0,243,168,130,516,21,14,0,3,76,32,112,42,358,94,0,97,47,76,0,44,0,34,36,0,0,47,57,669,121,0,38,27,64,42,0,19,8,116,34,6,0,0,11
5513,11140,4275,11809,5792,1628,0,2358,19,61,840,58,0,329,0,36,52,140,2844,69,1977,190,31,61,881,1221,13,524,39,43,0,89,72,0,0,40,627,85,323,21,24,0,38,68,320,201,41,0,0,0,30,0,0,0,144,0,0,26,0,0,113,0,0,0,406,0,0,0,39,0,25,14,0,0,0,0,0,0
1155,491,5229,6794,493,1785,175,68,0,1969,1868,7,30,1881,1024,10,37,87,280,205,2102,5,211,536,400,182,43,316,126,1095,1675,1169,359,105,124,14,110,487,1301,957,193,0,13,144,334,859,445,49,0,0,195,35,0,0,489,373,536,0,0,190,0,0,21,729,302,74,18,122,115,182,146,544,0,0,20,68,144,38
998,214,4414,1774,0,2861,161,252,20,1528,0,36,8,283,0,0,0,0,570,5,0,108,0,0,1579,10,12,0,45,215,0,244,13,0,0,2,166,11,0,5,7,620,0,244,117,20,0,0,0,0,18,0,0,0,294,0,0,130,0,0,44,0,0,0,0,0,1,0,34,0,0,11,0,0,4,0,0,0
345,242,1953,2950,0,1331,96,23,0,459,15,34,9,387,579,22,0,17,74,238,230,92,289,0,403,424,0,9,290,522,322,433,205,281,176,211,52,286,0,119,0,336,0,63,147,79,0,49,201,96,121,7,46,0,0,0,0,33,22,0,0,53,36,25,0,0,40,54,19,0,0,12,48,28,0,0,2,4
1506,319,6215,6797,1127,6134,504,10,12,693,0,21,0,432,10411,0,0,0,139,130,285,18,2659,511,793,2112,6,200,606,403,1444,932,895,3675,766,465,209,142,72,674,0,0,0,410,305,838,56,164,1129,640,185,79,75,725,40,0,0,204,31,125,66,1345,206,74,0,0,538,129,42,30,0,37,0,255,16,0,0,35
2448,1508,13466,3656,2788,6872,109,127,25,2964,0,83,75,1617,4557,46,95,130,825,130,1167,184,9692,305,1385,2861,9,374,2182,2675,359,993,745,3001,205,1026,334,2022,802,457,297,0,11,755,833,465,15,46,0,0,307,59,241,153,216,246,354,0,0,772,0,0,470,85,105,0,986,573,254,158,30,87,0,113,13,78,43,0
140,140,1931,2581,38,452,0,0,0,5568,0,0,10,1441,2778,0,0,0,0,185,0,0,204,0,166,81,0,0,391,423,1425,603,134,359,347,123,0,662,0,414,39,76,0,266,48,256,6,17,1247,1240,89,0,44,4,0,0,0,67,524,169,75,0,15,0,0,0,28,0,0,0,0,0,146,46,0,114,0,10
1182,4228,2103,6990,1565,1131,1476,165,0,3927,1253,5,0,1366,147,0,0,141,437,346,5746,28,574,251,725,958,49,320,3456,507,815,300,674,56,224,85,263,790,963,140,627,0,34,157,396,42,440,252,0,0,286,35,0,0,311,0,1412,0,0,59,0,89,65,202,0,45,4,0,143,135,172,174,53,0,29,109,19,35
2365,1408,13838,3554,0,4949,374,509,89,3437,0,167,24,3367,1371,0,0,14,1517,171,478,269,5684,7418,2311,227,0,43,386,903,2102,484,628,209,0,499,2451,741,154,95,0,0,0,621,231,566,0,73,337,0,448,19,452,0,494,395,448,559,0,486,1553,12,273,26,0,196,92,154,172,0,0,171,0,37,52,48,11,25
947,347,13500,14614,0,5452,299,64,8,2894,0,80,9,2465,6996,12,0,16,399,862,263,84,6012,560,561,656,0,186,446,1497,511,983,3229,0,0,441,287,730,106,223,73,0,0,411,198,782,55,595,250,191,291,72,409,428,103,170,85,100,66,744,187,232,707,95,0,53,0,255,61,66,56,0,106,0,20,42,96,20
133,7,1115,1179,36,0,0,6,0,346,0,0,0,703,2995,0,0,0,0,479,0,0,88,0,0,230,0,6,54,579,316,301,344,205,88,83,0,600,15,427,16,34,2,140,30,147,0,6,37,319,55,16,75,724,0,0,0,75,369,229,87,230,16,17,0,10,13,0,13,0,0,3,47,46,3,17,20,0
208,43,4521,1374,0,2194,107,7,0,1110,0,11,0,432,831,0,9,0,12,3,167,20,649,0,609,72,0,0,711,2200,145,688,50,725,88,117,0,210,23,841,19,61,2,256,62,87,0,20,2225,12,59,65,78,0,15,0,3,118,71,478,0,0,119,0,0,16,60,0,0,0,0,6,19,34,0,0,0,9
692,283,3182,3467,2107,1677,322,63,0,1129,169,11,24,1142,1087,0,11,28,130,548,473,41,1126,287,180,178,6,67,242,945,347,275,0,1104,0,334,0,197,77,182,76,0,0,312,76,275,83,220,0,433,165,23,212,1386,26,0,200,111,100,0,0,456,166,121,0,48,246,93,0,39,84,39,90,70,14,0,14,5
252,521,1563,1424,2242,482,452,23,0,679,236,0,94,294,405,9,10,36,157,93,740,0,281,0,166,280,0,0,223,74,322,108,224,280,230,148,49,78,72,69,223,0,10,63,57,129,143,29,0,334,54,0,124,423,65,160,126,33,0,0,133,152,27,122,105,33,40,0,19,47,61,43,0,0,7,0,46,0
165,142,3238,1817,17,2667,0,18,0,1167,0,32,11,296,414,0,18,24,372,84,27,64,434,51,341,337,0,41,94,357,106,401,342,420,162,124,87,152,18,236,0,383,0,231,80,96,8,25,119,0,125,0,88,169,9,0,0,37,0,0,194,107,29,44,0,0,44,0,28,0,0,0,0,62,0,0,3,0
680,1781,1829,1053,988,721,55,75,0,152,269,0,0,105,68,0,0,0,332,9,259,43,135,264,282,232,29,25,116,170,498,54,0,95,165,1391,369,136,0,81,134,0,16,56,56,101,23,15,0,13,19,0,268,33,158,0,163,11,0,0,46,98,24,21,125,12,281,0,21,0,50,18,0,22,0,0,10,0
426,789,1354,4321,721,1686,290,19,0,785,60,30,0,320,138,0,12,7,87,101,318,63,0,0,449,530,0,105,0,29,525,86,411,0,175,749,126,216,0,132,58,0,9,60,86,36,34,0,0,0,98,23,273,0,142,193,66,0,0,46,0,0,0,58,0,44,0,0,29,53,14,29,0,22,9,0,0,17
2413,3275,7436,3541,2295,3295,1083,148,0,631,378,7,144,2071,5783,90,41,123,887,34,1616,27,4796,1233,890,998,11,739,1120,1349,642,997,537,687,2799,863,971,336,382,1470,314,0,17,455,304,617,242,370,155,4301,281,51,674,2512,396,0,199,82,191,913,164,1182,1505,243,0,49,126,226,120,440,109,93,321,124,4,63,92,36
772,219,10018,3508,45,3141,1699,49,0,10616,0,96,25,4395,283,0,0,16,232,255,0,176,1047,0,2012,890,0,56,840,3744,668,1317,0,1899,214,135,279,304,0,49,0,1291,0,1424,75,21,0,10,2416,12,210,0,0,15,0,0,20,130,0,0,995,0,49,0,0,0,135,0,59,0,0,0,0,60,0,121,0,7
2437,3744,568,340,341,252,108,539,141,79,193,78,32,114,13,33,154,21,274,0,59,109,0,0,507,84,0,64,85,15,120,16,14,0,0,2,75,20,14,4,0,22,0,0,51,0,0,18,0,0,0,0,0,0,18,0,18,0,0,0,0,0,0,0,0,0,0,0,0,0,0,0,0,0,0,0,0,0
322,298,2381,401,570,1146,0,9,0,2334,19,4,0,271,964,0,11,21,130,15,235,12,572,109,117,286,0,145,205,425,0,418,664,326,0,41,89,62,23,168,39,23,0,79,129,84,20,24,81,0,0,22,21,134,36,0,0,39,0,107,64,68,34,74,0,25,44,0,34,28,21,20,0,39,0,52,10,9
565,276,7407,3072,211,2784,57,13,9,5849,0,4,11,2640,5287,0,14,0,216,117,234,5,907,81,966,935,0,96,166,1455,2227,3004,2114,785,736,700,0,409,25,671,55,202,0,512,201,745,4,29,1318,601,139,163,1229,3450,85,0,0,86,1787,113,112,959,58,78,151,201,26,123,117,144,28,34,155,70,13,206,16,54
1313,4215,1471,1267,6441,517,880,266,52,183,2011,0,16,708,363,0,11,39,635,124,8028,121,0,1827,326,0,86,2806,1694,38,95,167,1351,0,627,76,391,228,184,68,335,0,30,65,307,23,607,0,0,0,383,80,0,5,197,799,232,20,0,74,245,0,0,168,0,53,0,108,101,173,154,149,0,0,0,0,0,6
142,16,5258,2161,30,1039,0,5,0,2525,0,0,0,811,798,0,0,0,22,108,57,0,373,0,263,161,0,7,1100,1065,275,192,221,506,73,1143,0,1224,0,157,33,101,0,424,41,170,5,20,889,129,51,0,219,0,0,13,0,51,7,177,299,0,72,14,0,11,46,0,21,0,0,0,127,54,3,0,22,0
650,737,2613,1700,2163,3737,267,29,0,390,98,21,18,363,999,0,9,0,245,41,147,33,1185,358,273,1043,4,85,300,423,663,614,322,195,323,114,0,284,0,287,54,484,4,186,92,157,169,23,22,1086,198,0,51,151,102,67,70,91,19,130,55,461,134,190,85,28,50,0,45,26,62,30,0,0,0,0,16,20
141,31,21059,1117,0,4906,1161,6,0,7242,0,37,0,643,104,0,0,0,40,33,61,47,4270,169,642,12,0,2,735,2505,561,1149,293,97,617,159,0,265,0,134,0,614,0,630,37,77,0,22,3803,0,152,0,99,0,44,0,0,162,0,0,688,0,172,0,0,4,22,64,151,0,0,0,11,92,0,212,0,3
1180,244,9902,2682,192,4151,734,71,0,3759,38,44,10,2697,2771,6,8,13,143,72,174,124,9332,381,645,77,0,63,596,3401,1815,1271,0,872,981,561,144,1136,110,401,16,218,3,1483,61,170,17,60,335,488,174,29,164,860,40,46,110,104,152,110,0,183,452,27,0,8,343,193,42,45,6,14,307,182,6,177,12,22
912,161,4850,2227,286,899,134,22,18,958,48,0,11,1047,2225,0,22,39,81,41,187,61,145,0,145,590,0,0,0,585,525,1506,1493,2999,704,220,110,120,0,1639,50,130,0,379,77,419,38,53,55,708,234,0,187,3378,0,233,28,94,171,0,0,317,27,132,0,10,98,195,0,53,35,11,0,209,19,144,94,10
2042,2414,9657,7682,31,1684,347,105,15,6299,0,42,0,565,4524,10,13,0,1035,331,240,192,144,371,1334,315,0,124,355,1934,404,1529,624,135,694,5139,326,943,72,475,10,192,0,346,274,360,9,0,547,163,111,0,471,2045,91,0,0,265,19,740,151,393,0,51,0,20,7,82,0,0,0,0,0,118,26,95,13,26
3668,13476,590,3538,5023,3162,8812,1013,68,375,4548,99,35,1967,52,9,23,12,1730,68,2180,296,0,1834,2848,0,0,591,3474,12,1292,51,860,49,292,0,509,71,1050,8,398,0,76,109,112,0,335,233,0,0,153,0,61,6,429,0,605,0,0,0,92,0,0,186,190,14,0,130,32,25,76,116,0,0,0,0,0,0
104,116,6848,841,0,974,0,4,0,9686,0,7,0,2270,4892,0,0,0,13,79,30,30,1443,0,227,887,0,9,381,2994,751,539,0,297,456,314,0,1690,0,488,18,48,0,433,92,157,2,17,694,333,53,0,171,135,14,0,0,309,865,150,353,0,54,0,0,0,40,36,132,0,0,5,174,54,0,110,0,3
978,1842,9648,8650,2793,5673,615,76,100,5821,562,51,9,1286,235,0,8,0,464,753,1100,116,3073,1483,1212,302,0,4925,495,1111,2708,737,0,1175,0,3443,579,327,305,170,231,0,46,341,349,504,460,969,114,350,205,26,400,1031,564,195,611,75,0,0,294,174,425,284,105,35,417,176,103,82,198,131,0,65,49,57,8,14
3431,11955,2506,1467,1228,8359,0,402,85,47,156,277,51,83,28,0,0,0,1785,0,42,412,0,7113,2393,5,0,0,56,0,85,60,0,0,11,0,230,0,101,5,47,0,0,11,187,28,0,0,0,0,12,0,0,0,104,0,52,0,0,0,21,0,17,0,0,5,0,0,0,0,10,10,0,0,0,0,0,0
258,509,4517,1571,20,6473,392,66,13,2967,9,144,17,137,2787,0,0,0,65,114,138,120,1074,152,1046,73,12,0,399,391,354,326,373,49,0,558,33,568,0,100,7,657,0,204,204,259,0,21,323,100,27,0,390,0,31,58,198,361,0,129,53,0,85,7,0,22,22,33,56,0,0,14,28,0,13,53,8,5
164,116,4804,371,39,10786,0,7,13,9717,0,13,9,149,1586,16,25,61,36,26,0,8,47,63,193,311,0,0,342,1255,499,1694,0,8468,580,0,0,958,0,1447,5,43,0,735,27,338,11,35,1230,92,58,0,50,340,0,0,0,106,4609,0,104,192,27,7,0,13,209,57,131,0,0,0,52,134,10,259,66,0
467,1526,5000,2545,9977,2305,84,79,0,1865,54,21,14,202,391,0,0,0,202,82,1694,55,2522,1032,304,1520,0,244,228,1035,116,466,0,63,1349,282,318,146,842,286,34,580,5,169,257,410,646,285,0,1005,615,0,72,449,81,0,26,102,6,0,66,233,2160,344,0,9,33,79,112,113,0,31,44,151,35,0,47,3
673,2400,14083,9127,185,6564,518,43,19,5512,44,86,15,703,309,26,26,22,142,602,93,121,991,347,1526,386,0,497,424,2136,286,598,473,72,227,334,128,689,0,124,0,531,5,215,143,38,0,123,1084,41,25,0,163,0,44,39,14,30,0,76,386,0,116,0,0,0,11,108,59,0,14,0,56,51,0,67,0,0
1272,595,4417,10233,1571,7081,609,55,0,1026,99,77,26,386,2744,9,0,9,190,345,813,65,2399,316,481,1375,39,526,1287,560,302,1240,381,1565,413,563,159,271,1706,302,76,364,14,140,246,585,64,242,32,2710,131,85,231,77,258,0,240,10,128,0,0,525,278,87,0,49,278,132,67,102,276,65,526,32,32,97,11,38
2131,11843,1150,2300,22880,6437,3239,236,7,922,5062,117,926,1366,3963,0,10,1297,767,332,5284,173,600,1220,809,369,1167,221,1645,20,295,343,1698,273,109,402,367,503,1597,901,1529,0,214,169,748,333,662,166,0,607,168,611,120,77,273,349,603,0,0,56,237,465,285,361,0,55,50,202,18,188,513,119,0,11,23,39,20,77
1762,4520,8628,7286,8634,1426,798,201,0,63,2363,19,75,1270,111,0,9,1620,1421,0,1859,83,172,1587,804,0,446,2880,419,93,182,85,1055,0,934,118,239,678,118,102,1254,261,39,108,225,94,363,135,0,0,161,14,516,0,348,407,197,0,0,0,440,46,14,217,225,0,0,287,87,89,168,138,0,0,6,0,0,21
1142,2531,11171,10713,585,715,560,124,44,1848,155,33,21,4144,246,26,0,51,432,369,1148,196,1516,484,1326,3256,20,3236,295,1222,1343,572,2769,67,0,232,218,389,2405,111,235,0,3,558,273,447,393,1726,268,0,374,85,59,10,304,0,470,225,12,0,301,17,1971,208,0,73,29,492,116,276,144,143,218,40,28,0,7,21
1005,1490,6569,20235,1114,5876,0,61,11,766,142,37,20,376,17,13,18,52,376,141,131,68,0,0,666,792,0,98,143,291,0,339,304,0,40,0,77,454,50,80,6,0,7,226,206,155,111,0,0,0,45,0,18,0,173,0,0,12,0,0,74,0,0,0,0,0,0,63,56,0,41,20,0,0,5,0,0,0
809,963,4948,5895,742,1744,219,48,0,2327,938,49,0,993,387,6,12,26,228,311,696,91,74,1129,317,1205,0,838,146,610,936,639,354,103,101,0,215,310,1004,214,300,0,6,167,174,280,226,17,0,0,85,3,11,0,195,145,464,0,0,80,72,0,14,451,66,24,13,131,66,86,104,153,0,0,17,49,59,15
1207,938,15448,6659,20,12442,446,304,43,8972,0,132,0,384,0,0,0,0,1007,132,0,356,0,0,4882,0,6,0,154,596,0,277,0,0,0,0,1153,84,0,9,0,5612,0,471,198,24,0,0,29,0,5,0,0,0,634,0,0,88,0,0,390,0,0,0,0,0,0,0,0,0,0,0,0,0,0,23,0,0
343,1429,4388,6392,0,827,174,31,13,630,5,33,8,1066,716,0,11,20,151,492,212,92,715,0,514,1177,0,18,517,940,338,441,325,87,316,281,0,704,0,157,16,766,0,170,134,201,0,91,572,135,121,0,91,0,59,0,0,122,21,0,56,0,71,14,0,6,13,105,42,0,9,0,88,53,18,0,0,0
608,1033,1860,6195,1782,1239,149,11,0,240,17,33,37,179,8448,0,0,0,88,216,465,116,1019,353,325,1524,3,450,131,194,321,363,980,243,635,203,69,147,19,253,59,0,3,163,268,261,77,195,212,347,71,57,29,384,53,0,4,75,77,245,0,329,149,67,124,0,47,108,52,22,0,14,0,106,18,0,17,0
2612,2989,8124,3368,7071,2945,180,206,55,711,1319,34,0,793,219,0,18,121,960,22,1013,114,1557,642,729,1161,469,1053,1115,457,424,498,338,475,113,131,799,427,2301,64,407,0,72,335,159,77,47,8,0,0,151,3,0,7,119,503,295,0,0,52,0,10,91,50,131,0,75,535,38,71,114,77,0,0,15,0,11,0
553,156,5042,2401,24,3456,0,11,15,17502,0,65,12,808,3302,0,0,0,33,166,0,71,404,0,280,170,0,0,1020,743,484,1984,312,229,623,230,94,636,0,363,21,86,0,330,45,192,11,15,2983,1175,65,0,79,4,0,0,0,64,260,142,73,0,19,0,0,13,27,0,33,0,0,0,157,77,5,321,0,29
4276,6343,288,1186,5338,3629,1758,935,75,179,856,0,76,758,0,26,11,24,1398,0,332,1,0,2051,2377,0,8,243,3178,24,796,8,15,0,0,0,863,210,294,0,84,0,83,21,43,0,47,23,0,0,23,28,0,0,56,0,147,0,0,0,0,0,0,6,0,8,0,27,25,18,14,27,0,0,5,0,0,0
658,5409,4422,1152,25,3297,58,233,80,4196,0,63,0,669,408,0,0,0,547,36,16,110,2960,4911,1825,745,0,0,91,545,680,260,284,68,0,179,607,397,0,51,0,0,0,342,463,146,0,14,169,0,60,0,173,0,320,5,183,447,0,191,1890,0,96,0,0,21,22,62,69,0,0,36,0,0,13,38,0,5
298,781,5977,5256,0,4416,119,38,0,2687,49,51,0,450,8869,0,0,0,143,438,147,46,3728,454,471,151,0,51,207,545,302,401,722,0,0,717,156,585,47,58,54,0,5,126,202,703,16,246,111,502,44,0,689,386,77,54,107,118,195,1094,112,273,401,39,0,13,0,107,0,18,38,0,97,30,17,45,51,0
754,213,14200,6368,651,1707,333,107,0,4102,0,8,0,3529,647,0,0,0,194,832,72,113,1471,1994,1630,1424,0,77,718,3491,3112,1225,1001,339,291,81,56,2995,124,583,45,739,0,1020,125,211,62,34,798,279,331,14,40,70,132,59,51,191,55,69,594,242,98,78,87,23,47,353,149,61,18,75,0,85,12,63,85,20
322,181,5112,2595,30,2695,104,22,0,3695,17,30,0,740,602,10,36,25,92,132,43,42,1172,0,396,1584,0,107,548,1567,406,793,301,1729,373,94,124,518,11,101,48,283,0,1071,39,400,13,94,1065,0,268,0,77,55,14,0,0,239,29,94,173,9,274,7,0,53,238,88,72,0,0,9,44,66,9,46,0,30
725,1257,1409,2981,6476,1405,384,54,0,423,678,40,51,240,419,19,13,62,172,412,336,84,585,515,329,0,15,108,348,248,139,165,0,412,0,417,231,81,106,75,163,0,6,81,53,145,95,117,0,300,93,9,244,420,63,0,227,32,58,0,0,510,80,55,0,63,81,44,0,61,98,14,67,50,0,0,3,2
1000,4775,1955,2234,9035,1364,2759,134,0,246,2552,47,60,214,268,82,23,344,436,77,1876,103,293,0,335,103,10,193,919,53,271,87,359,130,391,415,205,141,668,62,587,0,76,64,37,30,464,30,0,104,98,35,181,68,164,1313,106,10,0,0,130,29,48,203,198,37,30,68,12,73,178,48,0,0,9,0,48,12
618,514,10789,6356,43,9580,0,40,0,5620,0,74,0,2691,3171,0,0,0,384,349,38,61,1683,123,716,2001,4,69,346,1639,763,2019,977,2285,453,400,73,1117,41,2097,0,1210,0,1314,144,404,8,131,352,0,152,0,212,1838,0,0,0,147,0,0,865,216,186,73,0,38,218,313,140,10,0,0,0,135,11,137,29,45
1505,4805,5211,3576,2332,1462,156,72,13,630,278,56,0,161,187,0,0,0,713,127,217,185,121,428,1080,207,0,232,239,81,479,76,0,46,147,1578,576,166,0,42,79,62,5,121,77,102,30,26,0,0,19,0,270,0,126,0,85,0,0,0,79,66,36,0,199,0,247,56,36,0,27,16,0,22,8,0,0,0
1488,5589,8233,18307,7355,2472,2834,122,0,2321,813,52,0,905,579,0,6,5,253,578,1557,122,0,0,921,2830,3,603,175,200,891,258,1843,0,622,2345,499,538,144,236,324,0,70,105,363,86,428,0,0,0,338,70,1019,0,863,435,573,0,0,134,0,0,0,346,134,114,18,192,184,398,45,101,0,62,41,0,21,35
577,1705,2896,1396,1068,1016,545,64,0,142,431,31,24,521,1094,0,0,38,224,58,470,60,834,527,236,310,0,606,443,333,409,238,133,49,914,105,216,272,248,96,118,0,2,159,98,124,108,212,20,325,62,25,82,180,105,71,109,17,0,184,64,112,344,86,0,7,25,152,30,125,64,38,109,17,4,0,22,0
232,1376,10365,2082,131,1114,1677,26,9,4831,0,24,0,1264,625,0,0,0,92,66,190,82,865,0,1075,320,0,42,1030,2383,886,612,0,469,237,950,137,849,0,92,0,390,0,424,95,233,0,8,1840,8,46,0,280,0,33,82,36,144,28,0,333,0,47,0,0,27,93,40,71,0,0,13,0,52,5,78,2,7
2044,5816,6973,10824,1069,145,636,234,44,973,618,0,0,1364,31,0,6,46,303,226,162,230,305,50,850,4515,7,572,529,884,1118,230,1297,0,1123,3,192,292,1065,23,75,229,19,237,74,22,279,91,0,0,80,0,0,21,173,295,874,6,0,0,330,0,51,87,330,2,0,239,155,20,154,30,0,27,41,0,0,6
1639,1034,17758,3412,1702,14643,241,92,0,9597,57,111,0,603,1347,4,18,25,865,75,369,209,2567,1475,2444,2061,0,354,1484,2438,237,1978,1536,1445,0,160,434,391,550,686,214,907,0,535,328,395,4,30,56,0,45,22,82,101,229,0,0,295,0,176,220,55,121,66,0,11,160,736,210,160,24,50,26,77,25,212,29,0
293,1832,13673,3244,0,5574,95,0,10,17899,0,53,15,527,623,15,0,5,81,258,0,101,538,47,998,275,0,0,98,1363,209,555,204,854,73,174,32,235,0,115,41,1187,0,113,128,257,0,6,2150,117,11,0,306,6,125,0,0,97,101,0,421,8,25,0,31,0,26,89,51,0,0,0,139,35,0,84,0,0
1361,2948,2916,1422,2585,361,1601,218,45,156,2602,0,0,306,220,0,8,9,596,0,2638,98,0,1240,596,262,128,1724,2059,64,0,209,420,0,226,24,416,251,210,110,199,0,39,81,412,28,302,0,0,0,112,27,0,0,209,739,180,19,0,0,173,0,0,88,0,36,0,112,62,99,102,130,0,0,11,0,0,0
319,561,25873,4949,314,5335,148,10,19,7502,8,67,0,2228,327,0,0,0,212,214,25,82,1268,0,1152,34,0,25,2485,1283,219,767,295,5414,122,364,272,726,0,174,14,1971,0,612,159,92,13,79,881,23,45,0,65,0,15,0,0,48,0,57,1241,0,218,0,0,0,353,0,36,0,0,0,36,86,0,68,6,0
1431,3668,3531,4876,9174,4789,576,140,0,546,193,46,0,2077,504,11,15,0,811,45,166,81,1216,2795,641,238,0,472,283,314,2456,852,229,196,271,69,203,1187,71,108,38,824,0,229,58,86,71,31,0,143,144,0,0,166,72,120,58,48,0,50,107,162,122,78,58,6,44,165,35,24,52,25,0,0,11,0,13,21
